from,to
VLXK,OM-0013
VLXK,VLOS
VLXK,UDYZ
VLXK,OP23
VLXK,UWOR
VLXK,VLHS
VLXK,OBBI
VLXK,OM-0020
VLXK,VN-0038
VLXK,UDYE
VLXK,LLEK
VLXK,VNLT
VLXK,AM-0003
VLXK,UBBZ
VLXK,AM-0009
VLXK,OBBS
VLXK,OOMA
VLXK,VNCG
VLXK,UNQA
VLXK,USHL
VLXK,IL-0004
VLXK,AZ-0013
VLXK,VNDP
VLXL,OBBS
VLXL,VVDN
VLXL,OPGD
VLXL,AZ-0015
VLXL,VNTR
VLXL,OP23
VLXL,LLMZ
VLXL,UEST
VLXL,PK-0070
VLXL,WBAK
VLXL,KMT
VLXL,AZ-0009
VLXL,UDLS
VLXL,LA-0006
VLXL,LA-0007
VLXL,VDKT
VLXL,UDYE
VLXL,OOIA
VLXL,UDSG
LLEK,QA-0001
LLEK,VDKT
LLEK,LLET
LLEK,LLAZ
LLEK,VLVT
LLEK,VNBW
LLEK,AZ-0016
LLEK,AZ-0006
LLEK,AZ-0013
LLEK,LLHA
LLEK,AM-0009
LLEK,VLXK
LLEK,AM-0005
LLEK,AM-0003
LLEK,VVPT
LLEK,AM-0004
LLEK,VDSY
LLEK,OBBI
LLEK,OOYB
LLEK,VN-0037
LLEK,VLOS
USHL,AZ-0013
USHL,PS-0002
USHL,VNLD
USHL,OTBD
USHL,OPTA
USHL,OOYB
USHL,RU-0112
USHL,OOSA
USHL,VLXK
USHL,UG11
USHL,OOMX
USHL,IL-0006
USHL,LLET
LL59,OOMA
LL59,VNBP
LL59,OOMS
LL59,VDSR
LL59,LLET
LL59,PS-0002
LL59,AM-0006
LL59,VNDP
LL59,RU-0111
LL59,OPTA
LL59,LLAZ
LL59,OM-0010
LL59,VDKH
LL59,VVPT
LL59,OO42
LL59,AM-0004
LL59,LA-0004
LL59,VNTH
LL59,USHU
LL59,VN-0013
LL59,OM-0008
LL59,VLSN
LL59,UDSG
LL59,QA-0012
OOSA,VNTH
OOSA,OM-0025
OOSA,RU-1892
OOSA,RU-0108
OOSA,LLMZ
OOSA,VLTK
OOSA,VNTR
OOSA,LA-0007
OOSA,UNLL
OOSA,IL-0008
OOSA,UHMA
OOSA,OPQT
OOSA,UWOR
OOSA,OMY
OOSA,UWWS
OOSA,VNSI
OOSA,OP14
OOSA,KH-0001
OOSA,VVPR
OOSA,USHL
OOSA,AZ-0012
OOSA,UNQA
OOSA,VNVT
OOSA,VDKH
LLET,VN-0031
LLET,AM-0003
LLET,OOMS
LLET,LLEK
LLET,VNPL
LLET,LL59
LLET,UHMA
LLET,VNDH
LLET,OTBK
LLET,VN-0037
LLET,VLSK
LLET,LLHA
LLET,IL-0011
LLET,VN-0054
LLET,PK-0075
LLET,VLOS
LLET,VNMA
LLET,WBAK
LLET,PK-0019
LLET,USHL
LLET,OPQT
USHU,AZ-0001
USHU,LLMG
USHU,OTHH
USHU,VNMA
USHU,AM-0002
USHU,VLSN
USHU,VNBP
USHU,RU-1892
USHU,VN-0038
USHU,VMMC
USHU,OTBD
USHU,LL59
USHU,LLAZ
USHU,VN-0019
USHU,LLNV
USHU,LLMR
USHU,VNPK
USHU,OOMS
USHU,OBKH
USHU,VLHS
OPDK,OPOR
OPDK,OOYB
OPDK,QA-0001
OPDK,LA-0004
OPDK,OT62
OPDK,VNDP
OPDK,OP33
OPDK,VDBG
OPDK,VLSV
OPDK,LA-0003
OPDK,UBEE
OPDK,VNMA
OPDK,VLHS
OPDK,OP23
OPDK,LLMR
OPDK,IL-0012
OPDK,VNVT
OPDK,UHMG
UG11,VN-0042
UG11,OBBS
UG11,VDSV
UG11,LL1B
UG11,LVGZ
UG11,UDYE
UG11,OOMS
UG11,VVBM
UG11,HOO
UG11,VNMG
UG11,UB12
UG11,RU-1892
UG11,RU-0108
UG11,UBBG
UG11,USHL
UG11,LLBG
UG11,UNLL
UG11,VN-0038
VNLD,VNDP
VNLD,OM-0010
VNLD,OOIA
VNLD,UEST
VNLD,AZ-0003
VNLD,USHL
VNLD,VMMC
VNLD,UBEE
VNLD,VVVT
VNLD,VNSK
VNLD,LLBS
VNLD,VN-0042
VNLD,VN-0037
VNLD,AZ-0012
VNLD,VVGL
VNLD,VN-0054
VNLD,QA-0014
VNLD,VDKH
VNLD,OM-0013
VNLD,PS-0001
VNLD,VVPT
VNLD,LLMR
VNLD,LA-0005
VNLD,VN-0019
VNLD,VLVT
RU-5491,UB14
RU-5491,OBBI
RU-5491,OOFQ
RU-5491,RU-0111
RU-5491,KH-0002
RU-5491,VVRG
RU-5491,VVPQ
RU-5491,LLHA
RU-5491,UNQA
RU-5491,KH-0001
RU-5491,UBBG
RU-5491,VVVT
RU-5491,AM-0008
RU-5491,UNLL
RU-5491,VNMA
RU-5491,VLSK
RU-5491,VNBW
WBAK,PK-0015
WBAK,QA-0012
WBAK,VN-0054
WBAK,NP-0015
WBAK,UD21
WBAK,VNMG
WBAK,PK-0006
WBAK,OO42
WBAK,PK-0062
WBAK,LA-0007
WBAK,OM-0027
WBAK,OTBH
WBAK,VNBW
WBAK,OMY
WBAK,VLXL
WBAK,VDSV
WBAK,VDSA
WBAK,LLET
WBAK,XVL
UWOR,QA-0012
UWOR,LA-0005
UWOR,AZ-0003
UWOR,RU-0108
UWOR,VNBW
UWOR,VN-0055
UWOR,OPBL
UWOR,LLBS
UWOR,LVGZ
UWOR,VLXK
UWOR,VLHS
UWOR,IL-0012
UWOR,OTBH
UWOR,UBEE
UWOR,OOSA
UWOR,IL-0011
UWOR,OPGD
UWOR,PK-0019
UWOR,VLTK
UWOR,LLMG
UWOR,VNCG
UWOR,VDSY
UWOR,RU-0112
OP33,VNDH
OP33,OTBD
OP33,VN-0013
OP33,OPTA
OP33,LLMG
OP33,OM-0009
OP33,OPDK
OP33,VLAP
OP33,VN-0054
OP33,OBBI
OP33,OPGD
OP33,VLVT
OP33,HOO
OP33,VDMK
OP33,OM-0013
OP33,PS-0002
OPSS,VVVH
OPSS,PS-0001
OPSS,OPQT
OPSS,LLAZ
OPSS,RU-0058
OPSS,UDYE
OPSS,OOFQ
OPSS,OM-0020
OPSS,VLSV
OPSS,RU-0112
OPSS,VVRG
OPSS,VLSK
OPSS,VDRK
OPSS,OTHH
OPSS,QA-0001
OPSS,OM-0010
OPSS,UBBG
OPSS,VNSI
OPSS,AZ-0004
OPSS,QA-0014
OPSS,PS-0002
OPSS,VNCG
OPSS,AM-0008
OP32,LLNV
OP32,VNVT
OP32,QA-0012
OP32,UBBQ
OP32,UEST
OP32,OTHH
OP32,VVPR
OP32,VLSK
OP32,UBBZ
OP32,AZ-0015
OP32,UWWS
OP32,QA-0014
OP32,AM-0001
OP32,VNPL
OP32,VLHS
OP32,RU-0109
OP32,IL-0006
OP32,OM-0003
OP32,AM-0005
OP32,AZ-0016
HOO,OTBD
HOO,AZ-0013
HOO,OM-0009
HOO,AZ-0003
HOO,OOMX
HOO,VNBP
HOO,VDRK
HOO,UG11
HOO,QA-0012
HOO,OPQT
HOO,QA-0009
HOO,LLBS
HOO,OP33
RU-0931,VDRK
RU-0931,IL-0008
RU-0931,LA-0002
RU-0931,OT62
RU-0931,OM-0002
RU-0931,VN-0013
RU-0931,OTHH
RU-0931,OTBK
RU-0931,PK-0006
RU-0931,KMT
RU-0931,AM-0004
RU-0931,VNBP
RU-0931,OM-0006
RU-0931,PK-0015
RU-0931,RU-0058
RU-0931,AZ-0009
RU-0931,AM-0002
RU-0931,VN-0019
RU-0931,VNDP
RU-0931,VNMN
RU-0931,AZ-0004
RU-0931,VVVH
RU-0931,OPOR
RU-0931,OOMS
RU-0931,VNBR
RU-0931,VDKK
OPTA,AZ-0018
OPTA,LA-0001
OPTA,RU-1892
OPTA,OP33
OPTA,VNTH
OPTA,AM-0003
OPTA,VLSN
OPTA,VNPK
OPTA,VNBR
OPTA,OPGD
OPTA,UWWS
OPTA,OPOR
OPTA,LLMZ
OPTA,LL59
OPTA,AM-0008
OPTA,VNSI
OPTA,OPKD
OPTA,USHL
OPTA,XVL
OPTA,OM-0036
OPTA,OM-0010
OPTA,WBSB
OPTA,VVDN
OPTA,VLOS
OPTA,OOMA
OPTA,VVRG
OPTA,LLYO
OPTA,OM-0008
OPTA,VDSR
OPTA,UBBG
OMY,IL-0012
OMY,VDKC
OMY,UEST
OMY,UB12
OMY,VNMG
OMY,UDLS
OMY,UBBA
OMY,KMT
OMY,AZ-0016
OMY,RU-0112
OMY,OTBD
OMY,PCQ
OMY,OPQT
OMY,OBBS
OMY,OOSA
OMY,LLYO
OMY,WBAK
OMY,VNSK
OMY,AZ-0015
OMY,RU-0111
OMY,VLTK
OMY,LLMZ
OMY,IL-0003
OMY,KH-0003
OMY,LLBO
OMY,VNTR
OJJR,LA-0007
OJJR,OM-0013
OJJR,AM-0009
OJJR,VLSV
OJJR,UD21
OJJR,LA-0002
OJJR,VN-0013
OJJR,VNBP
OJJR,UBBZ
OJJR,VNSK
OJJR,OM-0020
OJJR,QA-0014
OJJR,RU-0058
OJJR,LLBS
OJJR,VMMC
OJJR,LLMZ
OJJR,AM-0005
OJJR,VDPP
OJJR,VNLT
OJJR,OM-0010
RU-0108,VDSR
RU-0108,PK-0015
RU-0108,VDBG
RU-0108,UWOR
RU-0108,OOSA
RU-0108,AM-0001
RU-0108,LLMG
RU-0108,VNTH
RU-0108,RU-0058
RU-0108,VNDH
RU-0108,OM-0009
RU-0108,UG11
RU-0108,VVBM
RU-0108,KH-0003
UNQA,UBEE
UNQA,VNBR
UNQA,VDKH
UNQA,OPQT
UNQA,AZ-0009
UNQA,VLPV
UNQA,RU-5491
UNQA,LLAZ
UNQA,VDSA
UNQA,VNDH
UNQA,VNSK
UNQA,QA-0001
UNQA,VLXK
UNQA,OOSA
UNQA,VVPR
UNQA,VDKK
RU-0109,OM-0027
RU-0109,AZ-0010
RU-0109,OBBS
RU-0109,VNPK
RU-0109,VDKT
RU-0109,VNTR
RU-0109,VDKK
RU-0109,VN-0019
RU-0109,VN-0037
RU-0109,LL1B
RU-0109,VVPQ
RU-0109,LLHA
RU-0109,VDBG
RU-0109,OM-0020
RU-0109,VMMC
RU-0109,KMT
RU-0109,VNBR
RU-0109,PS-0001
RU-0109,OP32
RU-0109,OM-0036
RU-0109,OT62
RU-0109,UD21
OBKH,OM-0010
OBKH,OOMS
OBKH,UEST
OBKH,OTHH
OBKH,UDLS
OBKH,PK-0015
OBKH,VDSV
OBKH,VLHS
OBKH,OOIA
OBKH,VLAP
OBKH,LLMG
OBKH,UHMG
OBKH,OM-0003
OBKH,OM-0025
OBKH,KH-0001
OBKH,AZ-0015
OBKH,UBBZ
OBKH,IL-0008
OBKH,UD21
OBKH,VNSK
OBKH,VLSK
OBKH,AM-0001
OBKH,AZ-0009
OBKH,USHU
OBKH,UBBG
OBKH,KH-0003
OBKH,OTBK
LLHA,VNTR
LLHA,OM-0009
LLHA,OM-0003
LLHA,LA-0007
LLHA,OPBL
LLHA,RU-5491
LLHA,LLET
LLHA,LLEK
LLHA,VNPK
LLHA,LLMR
LLHA,RU-0109
LLHA,OOYB
LLHA,VNTH
LLHA,VNCG
LLHA,UBBQ
LLHA,OOFQ
LLHA,VDSR
LLHA,VDSY
LLHA,KH-0002
LLHA,AZ-0010
LLHA,AM-0002
OPGD,AZ-0004
OPGD,VVVH
OPGD,VLXL
OPGD,OM-0010
OPGD,OM-0006
OPGD,LLBG
OPGD,VNRB
OPGD,OPTA
OPGD,OM-0025
OPGD,OOMX
OPGD,RU-0058
OPGD,VN-0019
OPGD,UWOR
OPGD,VNPL
OPGD,IL-0012
OPGD,QA-0014
OPGD,OO42
OPGD,OP33
OPGD,UDSG
OPGD,AM-0006
OPGD,AM-0008
OPGD,RU-0111
OPGD,VLOS
OPGD,OOFQ
OPGD,OM-0009
VNMA,VNLT
VNMA,OPQT
VNMA,LLMG
VNMA,USHU
VNMA,UWKV
VNMA,AM-0006
VNMA,PK-0047
VNMA,VNSI
VNMA,UDYZ
VNMA,AZ-0015
VNMA,OPDK
VNMA,RU-0058
VNMA,LLET
VNMA,AZ-0001
VNMA,RU-5491
VNMA,KMT
VNMA,VVRG
VNLT,LL1B
VNLT,VNMA
VNLT,OOYB
VNLT,AZ-0006
VNLT,IL-0011
VNLT,VVBM
VNLT,LLBG
VNLT,VLXK
VNLT,AM-0005
VNLT,AZ-0010
VNLT,UBBZ
VNLT,VDRK
VNLT,OP14
VNLT,OTBD
VNLT,AZ-0013
VNLT,LLMR
VNLT,USRK
VNLT,VN-0031
VNLT,LLTN
VNLT,VDKT
VNLT,OJJR
VLHS,OOYB
VLHS,VNSK
VLHS,OM-0036
VLHS,OBKH
VLHS,VLXK
VLHS,RU-1892
VLHS,UWOR
VLHS,VDKH
VLHS,OM-0010
VLHS,OPDK
VLHS,AM-0005
VLHS,PK-0019
VLHS,OOFQ
VLHS,UBBQ
VLHS,OP32
VLHS,RU-0050
VLHS,RU-0111
VLHS,OOMX
VLHS,USHU
RU-0111,OPKD
RU-0111,UDYE
RU-0111,RU-5491
RU-0111,PK-0015
RU-0111,OBBS
RU-0111,OOYB
RU-0111,QA-0014
RU-0111,PCQ
RU-0111,VVPR
RU-0111,LL59
RU-0111,RU-0058
RU-0111,XVL
RU-0111,LA-0003
RU-0111,PS-0002
RU-0111,OM-0003
RU-0111,UWKV
RU-0111,OTBD
RU-0111,RU-0112
RU-0111,OT62
RU-0111,VDKC
RU-0111,OMY
RU-0111,OPBL
RU-0111,OPGD
RU-0111,LLMZ
RU-0111,VLHS
RU-0111,KH-0001
RU-0111,AM-0001
RU-0111,VNTH
UDLS,VNMN
UDLS,AM-0008
UDLS,LA-0004
UDLS,UB12
UDLS,OBKH
UDLS,VLPV
UDLS,VNDP
UDLS,VDSV
UDLS,OMY
UDLS,LA-0007
UDLS,OM-0008
UDLS,UBBA
UDLS,QA-0014
UDLS,OM-0010
UDLS,VLLN
UDLS,AZ-0006
UDLS,VVPT
UDLS,AZ-0018
UDLS,AZ-0013
UDLS,VLXL
UDLS,VVDN
UDLS,UNLL
UDLS,VDSR
UDLS,LLNV
VNMN,VVPQ
VNMN,UDLS
VNMN,AZ-0004
VNMN,AM-0008
VNMN,AM-0001
VNMN,VNPL
VNMN,OM-0006
VNMN,OTBK
VNMN,UBBZ
VNMN,VNSK
VNMN,OOMA
VNMN,PK-0062
VNMN,OOFQ
VNMN,USRK
VNMN,VLPV
VNMN,UHMA
VNMN,RU-0931
VNMN,VNDP
VNMN,AZ-0001
WBSB,OTHH
WBSB,VNBW
WBSB,AM-0008
WBSB,VVGL
WBSB,KH-0003
WBSB,OP14
WBSB,UB14
WBSB,OM-0008
WBSB,VVPR
WBSB,UBBA
WBSB,OM-0025
WBSB,QA-0014
WBSB,OPTA
WBSB,AZ-0001
WBSB,UKH
WBSB,VDMK
WBSB,LLMZ
UKH,NP-0015
UKH,AZ-0001
UKH,RU-0058
UKH,AZ-0016
UKH,UBBZ
UKH,LLYO
UKH,VDPP
UKH,OBBS
UKH,KH-0002
UKH,VVDB
UKH,OT62
UKH,RU-0112
UKH,OTBH
UKH,LLMG
UKH,UB12
UKH,OTBK
UKH,OO42
UKH,OP14
UKH,VVGL
UKH,OPKD
UKH,WBSB
UKH,VLSN
NP-0015,UBBA
NP-0015,UKH
NP-0015,VLPV
NP-0015,WBAK
NP-0015,OT62
NP-0015,OBBS
NP-0015,VNBR
NP-0015,VNVT
NP-0015,LA-0006
NP-0015,RU-0112
NP-0015,LLMG
NP-0015,VDKK
NP-0015,VLLN
NP-0015,VVDB
NP-0015,AZ-0003
NP-0015,AZ-0009
NP-0015,VVDN
NP-0015,VN-0037
NP-0015,OP14
NP-0015,LLBO
NP-0015,AM-0007
NP-0015,PCQ
NP-0015,PK-REQ
NP-0015,OM-0003
NP-0015,AM-0006
RU-0112,OPBL
RU-0112,VDBG
RU-0112,VN-0054
RU-0112,VLAP
RU-0112,UHMA
RU-0112,VMMC
RU-0112,LA-0001
RU-0112,AM-0008
RU-0112,NP-0015
RU-0112,AZ-0015
RU-0112,OPSS
RU-0112,VNTR
RU-0112,OOFQ
RU-0112,LA-0006
RU-0112,VDMK
RU-0112,VLTK
RU-0112,OMY
RU-0112,AM-0006
RU-0112,UKH
RU-0112,RU-0111
RU-0112,OPKD
RU-0112,USHL
RU-0112,LLAZ
RU-0112,OTBD
RU-0112,UGEJ
RU-0112,OM-0010
RU-0112,VVBM
RU-0112,LLTN
RU-0112,VVGL
RU-0112,KMT
RU-0112,QA-0014
RU-0112,KH-0001
RU-0112,UWOR
VNMG,OM-0008
VNMG,IL-0011
VNMG,UDSG
VNMG,LLBO
VNMG,OMY
VNMG,AZ-0009
VNMG,WBAK
VNMG,PK-0015
VNMG,RU-1892
VNMG,UDYZ
VNMG,AZ-0012
VNMG,UG11
VNMG,AZ-0013
VNMG,VDSV
VNMG,VN-0038
VNMG,OM-0010
OO42,OPQT
OO42,OPBL
OO42,VVPQ
OO42,OOYB
OO42,VLSV
OO42,AM-0006
OO42,WBAK
OO42,OM-0020
OO42,AM-0002
OO42,LA-0005
OO42,LA-0003
OO42,AM-0004
OO42,VN-0038
OO42,LL59
OO42,OPGD
OO42,LA-0004
OO42,UKH
OO42,UHMA
OO42,VLSK
OO42,OOIA
OO42,QA-0009
OO42,RU-0058
OO42,IL-0011
LA-0005,UWOR
LA-0005,IL-0006
LA-0005,QA-0012
LA-0005,LA-0003
LA-0005,OPBL
LA-0005,IL-0004
LA-0005,UNLL
LA-0005,OOMS
LA-0005,VVGL
LA-0005,VVPR
LA-0005,OO42
LA-0005,PK-0047
LA-0005,VLSV
LA-0005,VN-0019
LA-0005,OOMA
LA-0005,VLVT
LA-0005,PK-0062
LA-0005,VNLD
LA-0004,VLSV
LA-0004,LA-0007
LA-0004,VVRG
LA-0004,UDLS
LA-0004,VNRB
LA-0004,LLBG
LA-0004,OPDK
LA-0004,UWWS
LA-0004,VDSY
LA-0004,OTHH
LA-0004,LVGZ
LA-0004,VVDN
LA-0004,LL59
LA-0004,IL-0012
LA-0004,OO42
LA-0004,OPKD
LA-0004,UBEE
LA-0004,USRK
LA-0004,OOYB
LA-0004,VNTR
LA-0007,LA-0004
LA-0007,OJJR
LA-0007,OPQT
LA-0007,LLHA
LA-0007,UDLS
LA-0007,OOSA
LA-0007,WBAK
LA-0007,AZ-0013
LA-0007,VNPL
LA-0007,VN-0037
LA-0007,VVVH
LA-0007,LLMR
LA-0007,VDKT
LA-0007,VVPT
LA-0007,OOMX
LA-0007,VN-0055
LA-0007,PK-0015
LA-0007,VLXL
LA-0007,AZ-0012
LA-0006,UDYE
LA-0006,VVPT
LA-0006,VLTK
LA-0006,NP-0015
LA-0006,VDKT
LA-0006,IL-0008
LA-0006,OOMA
LA-0006,UNLL
LA-0006,KH-0001
LA-0006,VN-0037
LA-0006,RU-0112
LA-0006,LVGZ
LA-0006,VLSK
LA-0006,UBEE
LA-0006,VDPP
LA-0006,PK-REQ
LA-0006,OM-0003
LA-0006,VLXL
LA-0006,OOMX
LA-0006,AM-0001
LA-0006,UB12
LA-0006,VVRG
LA-0001,OPTA
LA-0001,UBBZ
LA-0001,PK-0062
LA-0001,OM-0002
LA-0001,VDBG
LA-0001,OTHH
LA-0001,OPQT
LA-0001,AM-0007
LA-0001,AM-0004
LA-0001,RU-0112
LA-0001,VVBM
LA-0001,VMMC
LA-0001,AM-0005
LA-0001,OBBS
LA-0001,OPOR
LA-0001,LL1B
LA-0001,OBBI
LA-0001,AM-0009
LA-0001,VDKC
LA-0001,UDYZ
LA-0001,KH-0003
LA-0001,AZ-0009
LA-0001,PCQ
LA-0003,UNLL
LA-0003,LL1B
LA-0003,OTBD
LA-0003,VVGL
LA-0003,AM-0005
LA-0003,LA-0005
LA-0003,OBBS
LA-0003,RU-0111
LA-0003,UDYE
LA-0003,AZ-0013
LA-0003,RU-0050
LA-0003,OO42
LA-0003,AZ-0015
LA-0003,OPDK
LA-0003,VNSK
LA-0003,PK-REQ
LA-0003,VDMK
LA-0003,VVPT
LA-0003,AM-0008
LA-0003,AZ-0006
LA-0003,AZ-0001
LA-0003,VNPK
OOFQ,USRK
OOFQ,VNDP
OOFQ,RU-5491
OOFQ,AM-0008
OOFQ,UBBQ
OOFQ,OPSS
OOFQ,VNPL
OOFQ,OBBI
OOFQ,RU-0112
OOFQ,LA-0002
OOFQ,VNCG
OOFQ,AZ-0010
OOFQ,VVRG
OOFQ,OOMS
OOFQ,VNMN
OOFQ,VNBW
OOFQ,VLHS
OOFQ,IL-0004
OOFQ,VDRK
OOFQ,LLHA
OOFQ,LVGZ
OOFQ,OPGD
OOFQ,VLSN
LA-0002,OM-0025
LA-0002,KH-0002
LA-0002,RU-0931
LA-0002,VLOS
LA-0002,VDKK
LA-0002,AM-0007
LA-0002,OJJR
LA-0002,PK-0062
LA-0002,VNBR
LA-0002,OOFQ
LA-0002,USRK
LA-0002,OM-0010
LA-0002,UWKV
LA-0002,VNPK
LA-0002,AZ-0013
LA-0002,QA-0009
LA-0002,VDRK
LA-0002,OM-0009
UGEJ,VDSY
UGEJ,VN-0038
UGEJ,OPKD
UGEJ,VN-0013
UGEJ,AZ-0009
UGEJ,VNDP
UGEJ,KH-0002
UGEJ,LVGZ
UGEJ,VDRK
UGEJ,OPBL
UGEJ,UB18
UGEJ,VDSR
UGEJ,RU-0112
UGEJ,PK-0075
UGEJ,VN-0055
UGEJ,AM-0009
VLLN,PK-0062
VLLN,XVL
VLLN,UHMG
VLLN,NP-0015
VLLN,PK-0047
VLLN,OPOR
VLLN,UDLS
VLLN,OBBI
VLLN,LVGZ
VLLN,AM-0005
VLLN,VNDH
VLLN,VN-0013
VLLN,IL-0011
KH-0001,AZ-0015
KH-0001,VN-0042
KH-0001,OM-0025
KH-0001,VVPT
KH-0001,VNDP
KH-0001,OP14
KH-0001,VLOS
KH-0001,VDSY
KH-0001,LA-0006
KH-0001,VVRG
KH-0001,RU-5491
KH-0001,OBKH
KH-0001,AZ-0001
KH-0001,VVDB
KH-0001,UB18
KH-0001,LLMG
KH-0001,OOMX
KH-0001,OOSA
KH-0001,AZ-0012
KH-0001,IL-0003
KH-0001,IL-0012
KH-0001,RU-0112
KH-0001,RU-0111
KH-0002,LA-0002
KH-0002,VN-0055
KH-0002,QA-0014
KH-0002,PK-0075
KH-0002,QA-0001
KH-0002,RU-5491
KH-0002,LLNV
KH-0002,LVGZ
KH-0002,VN-0038
KH-0002,UKH
KH-0002,VN-0031
KH-0002,UGEJ
KH-0002,IL-0008
KH-0002,PK-0006
KH-0002,VDSR
KH-0002,OBBS
KH-0002,AZ-0009
KH-0002,LLBS
KH-0002,VDKK
KH-0002,OPKD
KH-0002,VDKC
KH-0002,RU-0050
KH-0002,LLHA
KH-0003,VDPP
KH-0003,VDSY
KH-0003,VN-0038
KH-0003,VVBM
KH-0003,WBSB
KH-0003,VDSR
KH-0003,UBBZ
KH-0003,UBBG
KH-0003,AM-0004
KH-0003,VDSA
KH-0003,VVVT
KH-0003,UHMA
KH-0003,UBBQ
KH-0003,VVDN
KH-0003,VLSN
KH-0003,OM-0013
KH-0003,AZ-0003
KH-0003,UWKV
KH-0003,VNVT
KH-0003,OMY
KH-0003,RU-0108
KH-0003,LA-0001
KH-0003,LLBO
KH-0003,OBKH
VNPK,LLMG
VNPK,VDSR
VNPK,OM-0027
VNPK,PK-0006
VNPK,OPQT
VNPK,PK-0019
VNPK,RU-0109
VNPK,VVVT
VNPK,VNPL
VNPK,OPTA
VNPK,VDSA
VNPK,LLHA
VNPK,AZ-0010
VNPK,AZ-0009
VNPK,LLYO
VNPK,LA-0002
VNPK,UB18
VNPK,USHU
VNPK,LA-0003
VNPL,UDSG
VNPL,VNRB
VNPL,LLET
VNPL,OOFQ
VNPL,VMMC
VNPL,VNMN
VNPL,VNPK
VNPL,AZ-0016
VNPL,LA-0007
VNPL,VDKT
VNPL,AM-0006
VNPL,OM-0009
VNPL,OPGD
VNPL,VDSR
VNPL,VNDP
VNPL,PK-0006
VNPL,AM-0008
VNPL,OP32
VNPL,VVBM
VNPL,RU-0058
VNPL,UWKV
VNPL,VN-0019
VNPL,VN-0013
VDKH,VNRB
VDKH,PK-0006
VDKH,OOMS
VDKH,UNQA
VDKH,VNBP
VDKH,VLHS
VDKH,UDYE
VDKH,LL59
VDKH,VNSI
VDKH,VNBR
VDKH,VNLD
VDKH,RU-0050
VDKH,OM-0008
VDKH,VLAP
VDKH,OM-0020
VDKH,AM-0002
VDKH,VLOS
VDKH,OOSA
VMMC,VN-0038
VMMC,VLSV
VMMC,IL-0004
VMMC,OM-0013
VMMC,RU-0112
VMMC,VNLD
VMMC,VNPL
VMMC,OBBS
VMMC,PK-0062
VMMC,VDPP
VMMC,VVGL
VMMC,AM-0003
VMMC,OM-0008
VMMC,LA-0001
VMMC,USHU
VMMC,RU-0109
VMMC,QA-0012
VMMC,VLAP
VMMC,AZ-0018
VMMC,OJJR
VMMC,AZ-0001
VMMC,UB18
VMMC,LLTN
VMMC,VLPV
VMMC,KMT
VMMC,RU-0058
VMMC,UWKV
VDKK,OT62
VDKK,OTBH
VDKK,VNRB
VDKK,LA-0002
VDKK,VDSR
VDKK,VLVT
VDKK,VLOS
VDKK,NP-0015
VDKK,UBBG
VDKK,RU-0109
VDKK,VNCG
VDKK,OOYB
VDKK,LLTN
VDKK,AZ-0012
VDKK,VVRG
VDKK,VLAP
VDKK,LLMG
VDKK,KH-0002
VDKK,AZ-0010
VDKK,AM-0001
VDKK,PK-0015
VDKK,RU-0931
VDKK,IL-0012
VDKK,UNQA
VDKC,OMY
VDKC,OM-0027
VDKC,VN-0031
VDKC,OM-0003
VDKC,OPOR
VDKC,OP14
VDKC,AZ-0012
VDKC,AM-0007
VDKC,OM-0008
VDKC,VNSI
VDKC,LLMG
VDKC,VDPP
VDKC,RU-0111
VDKC,LLYO
VDKC,OM-0010
VDKC,UBBZ
VDKC,LA-0001
VDKC,LLTN
VDKC,KH-0002
VDKC,LLMR
VDKC,OBBI
LLYO,PK-0006
LLYO,LLBO
LLYO,UWWS
LLYO,LLMZ
LLYO,UB12
LLYO,VNRB
LLYO,QA-0012
LLYO,AM-0005
LLYO,VLOS
LLYO,LLAZ
LLYO,UKH
LLYO,VN-0031
LLYO,AM-0009
LLYO,VNBR
LLYO,VNPK
LLYO,OMY
LLYO,AM-0003
LLYO,VDKC
LLYO,VLSV
LLYO,AZ-0016
LLYO,QA-0009
LLYO,OPTA
LLYO,VVDB
RU-0058,UWKV
RU-0058,AM-0004
RU-0058,OPSS
RU-0058,IL-0004
RU-0058,UKH
RU-0058,AM-0001
RU-0058,UHMA
RU-0058,RU-0111
RU-0058,VNSK
RU-0058,LLBO
RU-0058,RU-0108
RU-0058,OPGD
RU-0058,VDSV
RU-0058,AM-0002
RU-0058,PK-0015
RU-0058,RU-0931
RU-0058,VNDP
RU-0058,OJJR
RU-0058,LLMZ
RU-0058,VNMA
RU-0058,OOIA
RU-0058,PK-0047
RU-0058,AZ-0003
RU-0058,VNPL
RU-0058,OO42
RU-0058,VMMC
RU-0058,VLSK
RU-0050,VDMK
RU-0050,UWWS
RU-0050,VNRB
RU-0050,VDRK
RU-0050,AM-0007
RU-0050,VVPT
RU-0050,LLBS
RU-0050,LA-0003
RU-0050,QA-0014
RU-0050,VN-0042
RU-0050,VNVT
RU-0050,LLAZ
RU-0050,VDKH
RU-0050,VLHS
RU-0050,OM-0027
RU-0050,KH-0002
VDKT,LLEK
VDKT,VNSI
VDKT,AM-0002
VDKT,VDRK
VDKT,IL-0011
VDKT,LA-0006
VDKT,RU-0109
VDKT,PS-0001
VDKT,VN-0037
VDKT,VVVH
VDKT,AM-0006
VDKT,IL-0003
VDKT,VNPL
VDKT,OTBD
VDKT,USRK
VDKT,OTBH
VDKT,LA-0007
VDKT,OM-0003
VDKT,VLXL
VDKT,VNLT
PCQ,VDBG
PCQ,UBBA
PCQ,UDSG
PCQ,AZ-0013
PCQ,AZ-0001
PCQ,RU-0111
PCQ,OM-0003
PCQ,XVL
PCQ,OMY
PCQ,VDPP
PCQ,QA-0012
PCQ,OBBI
PCQ,NP-0015
PCQ,IL-0012
PCQ,VVPQ
PCQ,VN-0055
PCQ,LLAZ
PCQ,OM-0008
PCQ,LA-0001
VNRB,VNPL
VNRB,VDKH
VNRB,UDSG
VNRB,VDKK
VNRB,LA-0004
VNRB,RU-0050
VNRB,UB18
VNRB,LLYO
VNRB,OPQT
VNRB,AM-0002
VNRB,OM-0010
VNRB,OPGD
VNRB,OM-0027
VNRB,PK-0006
VNRB,UB12
VNRB,OTBD
VNRB,OM-0009
VNRB,LLAZ
VNRB,VVPQ
VNRB,IL-0006
OTBD,OP33
OTBD,HOO
OTBD,OOYB
OTBD,LA-0003
OTBD,PK-0006
OTBD,VDPP
OTBD,USHL
OTBD,OBBI
OTBD,OM-0010
OTBD,OMY
OTBD,RU-0111
OTBD,AM-0009
OTBD,IL-0004
OTBD,VDKT
OTBD,USHU
OTBD,AZ-0004
OTBD,VNRB
OTBD,RU-0112
OTBD,VNLT
OTBD,VDRK
OTBD,UHMA
OTBD,LLMR
PK-0019,VNSK
PK-0019,OOMA
PK-0019,OT62
PK-0019,VNDH
PK-0019,AZ-0018
PK-0019,VNPK
PK-0019,VVVT
PK-0019,OPOR
PK-0019,OOMS
PK-0019,USRK
PK-0019,IL-0006
PK-0019,IL-0011
PK-0019,OM-0013
PK-0019,UD21
PK-0019,VN-0042
PK-0019,UWOR
PK-0019,AZ-0004
PK-0019,VLHS
PK-0019,AM-0002
PK-0019,UDSG
PK-0019,LLET
PK-0019,VDSR
PK-0019,XVL
PK-0015,RU-0108
PK-0015,WBAK
PK-0015,OTBK
PK-0015,OOMA
PK-0015,RU-0111
PK-0015,OBKH
PK-0015,UBBA
PK-0015,VNTR
PK-0015,VNBR
PK-0015,OBBI
PK-0015,IL-0004
PK-0015,VNMG
PK-0015,OBBS
PK-0015,OOIA
PK-0015,OM-0006
PK-0015,AZ-0006
PK-0015,VNSK
PK-0015,RU-0931
PK-0015,RU-0058
PK-0015,OOMS
PK-0015,VVPQ
PK-0015,LA-0007
PK-0015,VDSA
PK-0015,VDKK
PK-0015,PK-0075
PK-0015,LVGZ
OTBK,IL-0003
OTBK,VNTR
OTBK,PK-0015
OTBK,VNBP
OTBK,AM-0004
OTBK,LLET
OTBK,VNSK
OTBK,RU-0931
OTBK,VNMN
OTBK,OPKD
OTBK,LVGZ
OTBK,VN-0054
OTBK,OOIA
OTBK,UKH
OTBK,OOMX
OTBK,IL-0011
OTBK,PK-0062
OTBK,OBKH
OOYB,OPDK
OOYB,VLHS
OOYB,OTBD
OOYB,UB18
OOYB,OO42
OOYB,VNLT
OOYB,VLAP
OOYB,OOMA
OOYB,PK-0075
OOYB,OM-0008
OOYB,UBBA
OOYB,KMT
OOYB,AM-0006
OOYB,RU-0111
OOYB,IL-0006
OOYB,VDKK
OOYB,OM-0013
OOYB,VLSN
OOYB,VN-0031
OOYB,OBBS
OOYB,LLHA
OOYB,VNTH
OOYB,USHL
OOYB,UDSG
OOYB,OTHH
OOYB,VVDB
OOYB,LLEK
OOYB,VLPV
OOYB,LA-0004
OOYB,PK-0070
OTBH,VDKK
OTBH,OM-0036
OTBH,AZ-0013
OTBH,VNDH
OTBH,VLSK
OTBH,AM-0006
OTBH,UWOR
OTBH,UKH
OTBH,WBAK
OTBH,VDSA
OTBH,VDKT
OTBH,OPQT
OTBH,VN-0055
OTBH,OM-0013
OTBH,VNBR
UEST,AM-0001
UEST,PK-REQ
UEST,OBKH
UEST,VDMK
UEST,OMY
UEST,OM-0036
UEST,VNLD
UEST,VNDH
UEST,VDBG
UEST,PS-0001
UEST,UDYZ
UEST,OP32
UEST,VN-0031
UEST,AZ-0010
UEST,OM-0006
UEST,AM-0005
UEST,AZ-0001
UEST,VLXL
UEST,OM-0002
UEST,OM-0025
UEST,IL-0011
UEST,VNDP
UEST,VDSV
UEST,UHMG
UEST,LL1B
UEST,IL-0004
UEST,AM-0007
UEST,UD21
UWWS,RU-0050
UWWS,AM-0007
UWWS,LLYO
UWWS,OM-0027
UWWS,VNTH
UWWS,OBBI
UWWS,OPTA
UWWS,OP32
UWWS,LLMG
UWWS,LA-0004
UWWS,OOSA
UWWS,OTHH
UWWS,AZ-0001
UWWS,LLBO
OOIA,PK-0070
OOIA,UB14
OOIA,VNLD
OOIA,VVPT
OOIA,OBKH
OOIA,VN-0019
OOIA,AZ-0004
OOIA,PK-0015
OOIA,IL-0012
OOIA,VNSI
OOIA,AZ-0015
OOIA,AM-0006
OOIA,OTBK
OOIA,UDYZ
OOIA,AZ-0001
OOIA,RU-0058
OOIA,LLMZ
OOIA,OO42
OOIA,VLXL
OOIA,VNBW
VVRG,VNBP
VVRG,VLVT
VVRG,LA-0004
VVRG,IL-0008
VVRG,RU-5491
VVRG,OP14
VVRG,AZ-0004
VVRG,KH-0001
VVRG,OPSS
VVRG,VDSA
VVRG,VDKK
VVRG,VNCG
VVRG,OOFQ
VVRG,VLSK
VVRG,VVPT
VVRG,VVVT
VVRG,OPTA
VVRG,XVL
VVRG,LA-0006
VVRG,VNMA
VVRG,IL-0006
VVRG,QA-0014
OPKD,VNCG
OPKD,RU-0111
OPKD,UGEJ
OPKD,VNVT
OPKD,LLBS
OPKD,UWKV
OPKD,OTBK
OPKD,LLBG
OPKD,VVVH
OPKD,OPTA
OPKD,AM-0004
OPKD,RU-0112
OPKD,VDPP
OPKD,UNLL
OPKD,AM-0009
OPKD,LA-0004
OPKD,UKH
OPKD,VLSN
OPKD,KH-0002
OPKD,VVDN
OPKD,OPOR
VDMK,AZ-0009
VDMK,RU-0050
VDMK,UEST
VDMK,UDYZ
VDMK,VDPP
VDMK,LLBO
VDMK,RU-0112
VDMK,UNLL
VDMK,VNTR
VDMK,OM-0025
VDMK,UBBG
VDMK,AZ-0006
VDMK,LA-0003
VDMK,VDSR
VDMK,WBSB
VDMK,OP33
PK-0006,VDKH
PK-0006,LLYO
PK-0006,VVPT
PK-0006,VNPK
PK-0006,VNDP
PK-0006,UHMA
PK-0006,OTBD
PK-0006,WBAK
PK-0006,UDYE
PK-0006,OT62
PK-0006,RU-0931
PK-0006,VNRB
PK-0006,VDBG
PK-0006,KH-0002
PK-0006,VNPL
PK-0006,VLSK
PK-0006,IL-0011
PK-0006,OM-0013
PK-0006,VN-0055
VVPQ,VLPV
VVPQ,VNMN
VVPQ,OO42
VVPQ,RU-5491
VVPQ,VNDH
VVPQ,UWKV
VVPQ,RU-0109
VVPQ,OPQT
VVPQ,VVDN
VVPQ,VVDB
VVPQ,PCQ
VVPQ,VNSK
VVPQ,PK-0015
VVPQ,OBBS
VVPQ,RU-1892
VVPQ,VVBM
VVPQ,VNRB
VVPQ,VNCG
VVPR,QA-0009
VVPR,VN-0019
VVPR,VNDH
VVPR,OTHH
VVPR,RU-0111
VVPR,OP32
VVPR,LA-0005
VVPR,AM-0006
VVPR,WBSB
VVPR,OBBI
VVPR,VNBR
VVPR,UHMG
VVPR,VNVT
VVPR,VVBM
VVPR,OOSA
VVPR,AZ-0001
VVPR,UDSG
VVPR,UBBG
VVPR,PK-0047
VVPR,UNQA
VVPT,LA-0006
VVPT,UB12
VVPT,PK-0006
VVPT,OOIA
VVPT,OT62
VVPT,KH-0001
VVPT,PK-0047
VVPT,VDRK
VVPT,RU-0050
VVPT,VN-0013
VVPT,AZ-0006
VVPT,LLEK
VVPT,LL59
VVPT,OM-0025
VVPT,OM-0010
VVPT,VVRG
VVPT,IL-0008
VVPT,LA-0003
VVPT,PK-REQ
VVPT,LA-0007
VVPT,AZ-0004
VVPT,UDLS
VVPT,UBBZ
VVPT,VNLD
VVPT,VNSI
VVPT,AZ-0010
VVPT,AM-0001
UDSG,LLBS
UDSG,VNPL
UDSG,VNRB
UDSG,VNMG
UDSG,PCQ
UDSG,VDBG
UDSG,OPOR
UDSG,AM-0002
UDSG,LLMG
UDSG,LVGZ
UDSG,AZ-0003
UDSG,VDSR
UDSG,OPGD
UDSG,UB14
UDSG,OOMX
UDSG,AZ-0018
UDSG,OOYB
UDSG,AZ-0010
UDSG,RU-1892
UDSG,PK-0019
UDSG,LLNV
UDSG,VVPR
UDSG,LL59
UDSG,OM-0008
UDSG,VLXL
VNTH,OM-0002
VNTH,OOSA
VNTH,PK-0062
VNTH,AZ-0015
VNTH,OPTA
VNTH,UWWS
VNTH,RU-0108
VNTH,UBBG
VNTH,OOYB
VNTH,LL59
VNTH,LLHA
VNTH,LVGZ
VNTH,UHMA
VNTH,RU-0111
LLMR,OP14
LLMR,VDPP
LLMR,UBBG
LLMR,VN-0019
LLMR,OT62
LLMR,OM-0008
LLMR,UBBQ
LLMR,LLHA
LLMR,VN-0037
LLMR,AZ-0015
LLMR,LA-0007
LLMR,OPDK
LLMR,USHU
LLMR,VNLT
LLMR,VLAP
LLMR,VDKC
LLMR,VNLD
LLMR,OTBD
LLMR,VNBW
VDPP,LLMR
VDPP,KH-0003
VDPP,UNLL
VDPP,VDMK
VDPP,OTBD
VDPP,IL-0012
VDPP,VMMC
VDPP,UKH
VDPP,UHMA
VDPP,PCQ
VDPP,LA-0006
VDPP,RU-1892
VDPP,VDKC
VDPP,OPKD
VDPP,AZ-0015
VDPP,QA-0014
VDPP,OM-0025
VDPP,VN-0019
VDPP,AZ-0013
VDPP,OJJR
LLMZ,VDSA
LLMZ,LLBG
LLMZ,LLYO
LLMZ,OM-0009
LLMZ,PS-0002
LLMZ,LLBO
LLMZ,OOSA
LLMZ,VDSV
LLMZ,OPTA
LLMZ,VLPV
LLMZ,VLXL
LLMZ,VN-0037
LLMZ,AZ-0006
LLMZ,RU-0058
LLMZ,OJJR
LLMZ,UNLL
LLMZ,RU-0111
LLMZ,OMY
LLMZ,VLTK
LLMZ,OOIA
LLMZ,OM-0006
LLMZ,AZ-0010
LLMZ,WBSB
PK-0075,AM-0005
PK-0075,PK-0047
PK-0075,KH-0002
PK-0075,IL-0003
PK-0075,IL-0004
PK-0075,VN-0054
PK-0075,VNBW
PK-0075,OOYB
PK-0075,VVVH
PK-0075,AM-0002
PK-0075,VVDN
PK-0075,LLET
PK-0075,AZ-0006
PK-0075,OBBI
PK-0075,AZ-0001
PK-0075,IL-0011
PK-0075,AZ-0015
PK-0075,OBBS
PK-0075,VNVT
PK-0075,OM-0036
PK-0075,VVGL
PK-0075,VVBM
PK-0075,UGEJ
PK-0075,VN-0013
PK-0075,PK-0015
XVL,VLLN
XVL,OPOR
XVL,VNBP
XVL,AM-0004
XVL,OP14
XVL,AZ-0003
XVL,RU-0111
XVL,VLPV
XVL,AM-0005
XVL,PCQ
XVL,AM-0008
XVL,LLTN
XVL,LLNV
XVL,OPTA
XVL,OM-0036
XVL,WBAK
XVL,VVRG
XVL,UB14
XVL,PS-0002
XVL,IL-0011
XVL,PK-0019
VLPV,LLBO
VLPV,VVPQ
VLPV,NP-0015
VLPV,AM-0007
VLPV,UDLS
VLPV,VN-0055
VLPV,VLTK
VLPV,LLMG
VLPV,UNQA
VLPV,XVL
VLPV,LLMZ
VLPV,KMT
VLPV,VVVT
VLPV,PK-REQ
VLPV,OM-0020
VLPV,UDYE
VLPV,VNMN
VLPV,VDSA
VLPV,OOYB
VLPV,VMMC
VLPV,LL1B
VLPV,VDSV
VNDH,OBBI
VNDH,OP33
VNDH,LVGZ
VNDH,PK-0019
VNDH,USRK
VNDH,UEST
VNDH,VVPQ
VNDH,LLET
VNDH,OTBH
VNDH,UDYZ
VNDH,VVPR
VNDH,PK-REQ
VNDH,VVDB
VNDH,UNQA
VNDH,VNDP
VNDH,RU-0108
VNDH,RU-1892
VNDH,VLLN
VNDH,OM-0025
PK-0070,UDYZ
PK-0070,OOIA
PK-0070,UNLL
PK-0070,OP23
PK-0070,VDRK
PK-0070,VN-0031
PK-0070,KMT
PK-0070,UBBZ
PK-0070,PK-0047
PK-0070,UB18
PK-0070,VNDP
PK-0070,VVBM
PK-0070,VN-0054
PK-0070,OM-0009
PK-0070,VLXL
PK-0070,VNSK
PK-0070,OPOR
PK-0070,AM-0006
PK-0070,VN-0042
PK-0070,UBEE
PK-0070,VVDB
PK-0070,OOYB
VN-0013,RU-1892
VN-0013,UWKV
VN-0013,QA-0012
VN-0013,AM-0003
VN-0013,IL-0012
VN-0013,OP33
VN-0013,OM-0010
VN-0013,VNBW
VN-0013,OJJR
VN-0013,RU-0931
VN-0013,UGEJ
VN-0013,VVPT
VN-0013,VVVT
VN-0013,AM-0007
VN-0013,LL59
VN-0013,VLLN
VN-0013,PK-0075
VN-0013,VLSK
VN-0013,OM-0020
VN-0013,VNPL
VN-0013,AZ-0010
PK-REQ,UEST
PK-REQ,OTHH
PK-REQ,VLTK
PK-REQ,AZ-0004
PK-REQ,VNDH
PK-REQ,VLAP
PK-REQ,OM-0027
PK-REQ,LLBG
PK-REQ,VLSN
PK-REQ,VVVT
PK-REQ,VLPV
PK-REQ,LA-0006
PK-REQ,AZ-0009
PK-REQ,OM-0009
PK-REQ,LA-0003
PK-REQ,AM-0001
PK-REQ,VVPT
PK-REQ,NP-0015
PK-REQ,OOMS
PK-REQ,OM-0010
PK-REQ,VDRK
VVDB,AZ-0016
VVDB,OM-0003
VVDB,VNVT
VVDB,PS-0002
VVDB,USRK
VVDB,AM-0007
VVDB,LL1B
VVDB,NP-0015
VVDB,UKH
VVDB,VNDH
VVDB,OBBI
VVDB,LLBG
VVDB,KH-0001
VVDB,VVPQ
VVDB,UBEE
VVDB,AZ-0006
VVDB,QA-0009
VVDB,VLVT
VVDB,OPOR
VVDB,OOYB
VVDB,LLYO
VVDB,PK-0070
VNTR,OTBK
VNTR,LLHA
VNTR,AZ-0010
VNTR,AM-0007
VNTR,AZ-0003
VNTR,PK-0015
VNTR,VLXL
VNTR,OM-0008
VNTR,OOSA
VNTR,UHMA
VNTR,AM-0004
VNTR,VLOS
VNTR,RU-0109
VNTR,RU-0112
VNTR,UBBG
VNTR,UB14
VNTR,VDMK
VNTR,VLSN
VNTR,VNVT
VNTR,UBEE
VNTR,UHMG
VNTR,VDSA
VNTR,VDSR
VNTR,AM-0008
VNTR,LA-0004
VNTR,OMY
VN-0019,VVPR
VN-0019,UD21
VN-0019,USRK
VN-0019,OOIA
VN-0019,LLBG
VN-0019,LLMR
VN-0019,RU-0109
VN-0019,OBBI
VN-0019,OM-0003
VN-0019,IL-0004
VN-0019,OPGD
VN-0019,VVVH
VN-0019,AZ-0010
VN-0019,LA-0005
VN-0019,RU-0931
VN-0019,VNBW
VN-0019,OM-0009
VN-0019,VDPP
VN-0019,USHU
VN-0019,OM-0010
VN-0019,VNPL
VN-0019,UB14
VN-0019,VNLD
VNBR,UNQA
VNBR,OOMX
VNBR,NP-0015
VNBR,PK-0015
VNBR,LA-0002
VNBR,OPTA
VNBR,AM-0009
VNBR,IL-0003
VNBR,LLYO
VNBR,LLTN
VNBR,VNCG
VNBR,UB14
VNBR,VVPR
VNBR,VDKH
VNBR,VLOS
VNBR,RU-0109
VNBR,RU-0931
VNBR,VLSV
VNBR,OTBH
VNBR,VN-0031
VNBR,VN-0037
VVBM,QA-0014
VVBM,AM-0002
VVBM,KH-0003
VVBM,LA-0001
VVBM,PK-0062
VVBM,VNLT
VVBM,VVDN
VVBM,UG11
VVBM,VN-0054
VVBM,PK-0070
VVBM,AM-0003
VVBM,KMT
VVBM,VDRK
VVBM,PK-0075
VVBM,VVPR
VVBM,RU-0112
VVBM,VNPL
VVBM,RU-0108
VVBM,VVPQ
VVBM,VN-0055
VNBW,WBSB
VNBW,AZ-0016
VNBW,UWOR
VNBW,AM-0006
VNBW,LLTN
VNBW,VN-0013
VNBW,AZ-0015
VNBW,PK-0075
VNBW,UB18
VNBW,AM-0003
VNBW,LLEK
VNBW,OM-0020
VNBW,VLSK
VNBW,LLBS
VNBW,LVGZ
VNBW,WBAK
VNBW,OOFQ
VNBW,VN-0019
VNBW,UDYZ
VNBW,QA-0009
VNBW,OOIA
VNBW,IL-0004
VNBW,RU-5491
VNBW,LLMR
VNSI,VDKT
VNSI,VDSA
VNSI,UNLL
VNSI,AM-0007
VNSI,AZ-0006
VNSI,VDKC
VNSI,VNMA
VNSI,OPTA
VNSI,AM-0006
VNSI,OOIA
VNSI,VDKH
VNSI,AM-0003
VNSI,OOSA
VNSI,OPSS
VNSI,OM-0025
VNSI,UD21
VNSI,OM-0002
VNSI,PS-0001
VNSI,VVPT
VNSI,UB18
UD21,VN-0019
UD21,UDYZ
UD21,WBAK
UD21,OJJR
UD21,LLNV
UD21,OBKH
UD21,PK-0019
UD21,UBBA
UD21,VNSI
UD21,IL-0006
UD21,UBBZ
UD21,VN-0042
UD21,VLAP
UD21,RU-0109
UD21,UEST
UD21,AM-0007
VNBP,LL59
VNBP,VVRG
VNBP,OTBK
VNBP,XVL
VNBP,HOO
VNBP,VDKH
VNBP,UHMA
VNBP,OJJR
VNBP,LLNV
VNBP,VNDP
VNBP,USHU
VNBP,RU-0931
VNBP,VNCG
VNBP,QA-0001
VNBP,VDSY
PK-0062,AM-0003
PK-0062,VLLN
PK-0062,UHMA
PK-0062,LA-0001
PK-0062,VNTH
PK-0062,OP14
PK-0062,VMMC
PK-0062,LA-0002
PK-0062,VVBM
PK-0062,WBAK
PK-0062,UB12
PK-0062,VNMN
PK-0062,LLAZ
PK-0062,UDYE
PK-0062,OM-0008
PK-0062,OM-0003
PK-0062,VNVT
PK-0062,LA-0005
PK-0062,OTBK
VLOS,VLXK
VLOS,AZ-0015
VLOS,UHMG
VLOS,LA-0002
VLOS,IL-0004
VLOS,VDKK
VLOS,OM-0006
VLOS,LLYO
VLOS,KH-0001
VLOS,VNTR
VLOS,AM-0006
VLOS,UB18
VLOS,AM-0005
VLOS,VVGL
VLOS,UBBZ
VLOS,VVVT
VLOS,OPTA
VLOS,VNBR
VLOS,LLET
VLOS,UB12
VLOS,AM-0001
VLOS,OPGD
VLOS,VDKH
VLOS,IL-0008
VLOS,LLEK
KMT,LLAZ
KMT,OM-0006
KMT,IL-0003
KMT,IL-0004
KMT,OOYB
KMT,OMY
KMT,OPQT
KMT,VDSR
KMT,PK-0070
KMT,RU-0931
KMT,USRK
KMT,VLPV
KMT,OBBI
KMT,VDSV
KMT,AM-0008
KMT,UNLL
KMT,VVBM
KMT,LLBG
KMT,VNVT
KMT,VLXL
KMT,RU-0109
KMT,QA-0001
KMT,RU-0112
KMT,AZ-0013
KMT,VNMA
KMT,VMMC
VNCG,VLVT
VNCG,OPKD
VNCG,AM-0005
VNCG,OM-0025
VNCG,VDKK
VNCG,PS-0002
VNCG,OT62
VNCG,AZ-0006
VNCG,VVRG
VNCG,VNBP
VNCG,QA-0014
VNCG,OOFQ
VNCG,VNBR
VNCG,VN-0055
VNCG,LLMG
VNCG,AM-0006
VNCG,VLAP
VNCG,UWOR
VNCG,VLXK
VNCG,LLHA
VNCG,UBBQ
VNCG,OOMS
VNCG,QA-0001
VNCG,OPSS
VNCG,VVPQ
VNSK,VLHS
VNSK,PK-0019
VNSK,OOMX
VNSK,VLSV
VNSK,LL1B
VNSK,VDSA
VNSK,OTBK
VNSK,VNLD
VNSK,RU-0058
VNSK,VNMN
VNSK,OJJR
VNSK,PK-0015
VNSK,UNQA
VNSK,LA-0003
VNSK,OBKH
VNSK,OMY
VNSK,PK-0070
VNSK,UDYE
VNSK,AZ-0006
VNSK,OOMS
VNSK,VVPQ
VNSK,UHMA
VNSK,OM-0025
VNSK,VDRK
LLMG,USHU
LLMG,VNPK
LLMG,VNMA
LLMG,VDSR
LLMG,OM-0002
LLMG,AM-0002
LLMG,NP-0015
LLMG,OP33
LLMG,RU-1892
LLMG,VLPV
LLMG,LLBG
LLMG,VLSK
LLMG,RU-0108
LLMG,QA-0012
LLMG,OBKH
LLMG,LLNV
LLMG,UDSG
LLMG,UWWS
LLMG,VNCG
LLMG,OM-0025
LLMG,VDKC
LLMG,UKH
LLMG,VDKK
LLMG,UWOR
LLMG,KH-0001
LLMG,OOMS
LLMG,USRK
LLMG,AZ-0018
OBBS,UG11
OBBS,VLXL
OBBS,NP-0015
OBBS,RU-0109
OBBS,VLSV
OBBS,RU-0111
OBBS,UBBG
OBBS,VMMC
OBBS,PK-0015
OBBS,LA-0003
OBBS,UKH
OBBS,AZ-0004
OBBS,UBBA
OBBS,VN-0037
OBBS,OMY
OBBS,LA-0001
OBBS,VDSY
OBBS,AM-0007
OBBS,OOMS
OBBS,VLXK
OBBS,OOYB
OBBS,UHMG
OBBS,VLSN
OBBS,KH-0002
OBBS,PK-0075
OBBS,QA-0014
OBBS,OOMX
OBBS,VVPQ
OBBS,OM-0027
UHMA,VVGL
UHMA,VVVT
UHMA,PK-0062
UHMA,VLAP
UHMA,RU-0112
UHMA,USRK
UHMA,PK-0006
UHMA,LLET
UHMA,VNTR
UHMA,VN-0042
UHMA,VNBP
UHMA,RU-0058
UHMA,OOSA
UHMA,VDPP
UHMA,VLSK
UHMA,VLVT
UHMA,AM-0002
UHMA,KH-0003
UHMA,UB14
UHMA,VNTH
UHMA,OO42
UHMA,VNSK
UHMA,VNMN
UHMA,QA-0009
UHMA,OTBD
UHMA,VVDN
OT62,PS-0001
OT62,VDKK
OT62,PK-0019
OT62,RU-0931
OT62,NP-0015
OT62,OM-0006
OT62,VVPT
OT62,OPDK
OT62,PK-0006
OT62,VNCG
OT62,UKH
OT62,LLMR
OT62,LLBG
OT62,IL-0011
OT62,RU-0111
OT62,UDYZ
OT62,VDSA
OT62,LL1B
OT62,VN-0054
OT62,RU-0109
OT62,VN-0038
OT62,VDSR
UB12,VVPT
UB12,OM-0020
UB12,UDLS
UB12,OMY
UB12,OP23
UB12,LLYO
UB12,UWKV
UB12,PK-0062
UB12,VLTK
UB12,UNLL
UB12,QA-0001
UB12,VNRB
UB12,UG11
UB12,UKH
UB12,OPQT
UB12,VLOS
UB12,VNVT
UB12,LA-0006
UB12,AM-0009
UB12,VLVT
UHMG,IL-0008
UHMG,VLOS
UHMG,VLLN
UHMG,OM-0020
UHMG,OBBI
UHMG,AM-0004
UHMG,OBKH
UHMG,AM-0006
UHMG,OBBS
UHMG,VVPR
UHMG,AZ-0001
UHMG,VNTR
UHMG,UEST
UHMG,UBBA
UHMG,VN-0038
UHMG,OPDK
VLAP,UBBG
VLAP,VLTK
VLAP,RU-0112
VLAP,UHMA
VLAP,LLAZ
VLAP,OOYB
VLAP,OBKH
VLAP,VDSY
VLAP,AZ-0018
VLAP,OP33
VLAP,PK-REQ
VLAP,OPBL
VLAP,VNCG
VLAP,VDKK
VLAP,QA-0012
VLAP,VMMC
VLAP,VNVT
VLAP,USRK
VLAP,OM-0013
VLAP,VDSA
VLAP,UB18
VLAP,VDKH
VLAP,LLMR
VLAP,VN-0055
VLAP,UD21
VLAP,VDBG
VLAP,AM-0005
VDRK,OM-0020
VDRK,RU-0931
VDRK,UNLL
VDRK,RU-0050
VDRK,VDKT
VDRK,PK-0070
VDRK,VDSR
VDRK,UBBA
VDRK,AZ-0013
VDRK,OM-0003
VDRK,VVPT
VDRK,HOO
VDRK,OPSS
VDRK,UGEJ
VDRK,LLNV
VDRK,AZ-0001
VDRK,VNLT
VDRK,VVBM
VDRK,OOFQ
VDRK,OTBD
VDRK,LA-0002
VDRK,LVGZ
VDRK,AZ-0009
VDRK,VNSK
VDRK,PK-REQ
OOMA,PK-0019
OOMA,LL59
OOMA,PK-0015
OOMA,UNLL
OOMA,IL-0011
OOMA,AZ-0015
OOMA,OOYB
OOMA,LA-0006
OOMA,IL-0008
OOMA,IL-0006
OOMA,OP23
OOMA,VNMN
OOMA,VLXK
OOMA,LA-0005
OOMA,OPTA
OOMA,AZ-0003
OOMA,VDBG
OOMA,VN-0042
OOMA,VLVT
OOMA,OOMS
VN-0031,VDSV
VN-0031,LLET
VN-0031,VDKC
VN-0031,VVVH
VN-0031,VN-0038
VN-0031,UEST
VN-0031,PK-0070
VN-0031,LLYO
VN-0031,KH-0002
VN-0031,VNDP
VN-0031,QA-0009
VN-0031,AM-0006
VN-0031,OOYB
VN-0031,AM-0002
VN-0031,VN-0037
VN-0031,VNLT
VN-0031,OPQT
VN-0031,UBBA
VN-0031,VNBR
UB18,OP14
UB18,OOYB
UB18,VNRB
UB18,VNBW
UB18,PK-0070
UB18,VLOS
UB18,UGEJ
UB18,VNVT
UB18,OPQT
UB18,KH-0001
UB18,UBBQ
UB18,AM-0005
UB18,VMMC
UB18,VNPK
UB18,VLAP
UB18,PS-0002
UB18,VNSI
VDSA,VNSI
VDSA,LLMZ
VDSA,UBBQ
VDSA,VNSK
VDSA,IL-0011
VDSA,IL-0003
VDSA,VVRG
VDSA,VNPK
VDSA,UNQA
VDSA,OM-0010
VDSA,VN-0038
VDSA,KH-0003
VDSA,OM-0013
VDSA,OTBH
VDSA,PS-0002
VDSA,VNTR
VDSA,VLAP
VDSA,OT62
VDSA,WBAK
VDSA,VLPV
VDSA,PK-0015
VDSA,LLAZ
VDSA,LLBO
VDSA,UDYE
VVVT,UHMA
VVVT,LLAZ
VVVT,OPBL
VVVT,UBBZ
VVVT,VNPK
VVVT,IL-0004
VVVT,VNLD
VVVT,PK-0019
VVVT,OPQT
VVVT,RU-5491
VVVT,VLPV
VVVT,PK-REQ
VVVT,KH-0003
VVVT,VLOS
VVVT,VN-0013
VVVT,VVRG
VVVT,LVGZ
VVVT,OBBI
VVVT,OM-0002
UB14,OOIA
UB14,RU-5491
UB14,AM-0007
UB14,AM-0005
UB14,VLTK
UB14,VNTR
UB14,UBBZ
UB14,WBSB
UB14,AM-0003
UB14,VNBR
UB14,UHMA
UB14,UDSG
UB14,VN-0038
UB14,XVL
UB14,VVVH
UB14,VN-0019
VN-0038,UGEJ
VN-0038,VMMC
VN-0038,KH-0003
VN-0038,OM-0036
VN-0038,VLVT
VN-0038,VN-0031
VN-0038,VLXK
VN-0038,OM-0027
VN-0038,KH-0002
VN-0038,VNDP
VN-0038,IL-0006
VN-0038,LVGZ
VN-0038,OM-0020
VN-0038,USHU
VN-0038,VDSA
VN-0038,OO42
VN-0038,AZ-0001
VN-0038,AZ-0006
VN-0038,UBBA
VN-0038,AZ-0004
VN-0038,UB14
VN-0038,VNMG
VN-0038,OT62
VN-0038,UG11
VN-0038,UHMG
VVVH,OPGD
VVVH,OPSS
VVVH,VDSR
VVVH,VN-0031
VVVH,OM-0020
VVVH,PK-0075
VVVH,UBBG
VVVH,AM-0006
VVVH,VDKT
VVVH,LLNV
VVVH,OPKD
VVVH,VN-0019
VVVH,VN-0037
VVVH,LA-0007
VVVH,OM-0009
VVVH,AM-0002
VVVH,AZ-0004
VVVH,LLBG
VVVH,AM-0003
VVVH,IL-0003
VVVH,RU-0931
VVVH,UB14
VDBG,RU-0112
VDBG,PCQ
VDBG,VDSV
VDBG,RU-0108
VDBG,UDSG
VDBG,OPQT
VDBG,LA-0001
VDBG,UEST
VDBG,OOMX
VDBG,OPDK
VDBG,AZ-0018
VDBG,RU-0109
VDBG,PK-0006
VDBG,UBBQ
VDBG,OOMA
VDBG,VLAP
VDBG,AZ-0004
VN-0037,VLTK
VN-0037,UBEE
VN-0037,LLET
VN-0037,LA-0006
VN-0037,VDSR
VN-0037,VDKT
VN-0037,VNLD
VN-0037,RU-0109
VN-0037,OBBS
VN-0037,NP-0015
VN-0037,LLMR
VN-0037,LA-0007
VN-0037,VVVH
VN-0037,LLMZ
VN-0037,UBBZ
VN-0037,AZ-0009
VN-0037,VN-0031
VN-0037,LLBG
VN-0037,VNBR
VN-0037,LLEK
VNVT,OP32
VNVT,QA-0001
VNVT,VVDB
VNVT,NP-0015
VNVT,OPKD
VNVT,AZ-0004
VNVT,OM-0003
VNVT,VNTR
VNVT,AM-0008
VNVT,UB18
VNVT,VLAP
VNVT,RU-0050
VNVT,VVPR
VNVT,AM-0007
VNVT,PK-0075
VNVT,KMT
VNVT,PS-0001
VNVT,IL-0006
VNVT,PK-0062
VNVT,VLSV
VNVT,LVGZ
VNVT,KH-0003
VNVT,UB12
VNVT,OPDK
VNVT,OOMX
VNVT,OOSA
AM-0009,PK-0047
AM-0009,UBBQ
AM-0009,OJJR
AM-0009,AZ-0009
AM-0009,VNBR
AM-0009,VDSV
AM-0009,LLEK
AM-0009,LLYO
AM-0009,IL-0012
AM-0009,OTBD
AM-0009,LA-0001
AM-0009,VLXK
AM-0009,OPOR
AM-0009,OPKD
AM-0009,OM-0036
AM-0009,UB12
AM-0009,UGEJ
AM-0009,AZ-0018
AM-0009,VLTK
AM-0007,UWWS
AM-0007,AZ-0018
AM-0007,VLPV
AM-0007,VNTR
AM-0007,LA-0002
AM-0007,UB14
AM-0007,RU-0050
AM-0007,LA-0001
AM-0007,VVDB
AM-0007,AM-0003
AM-0007,VNSI
AM-0007,VDKC
AM-0007,OBBS
AM-0007,NP-0015
AM-0007,UBBG
AM-0007,VNVT
AM-0007,VN-0013
AM-0007,IL-0004
AM-0007,VN-0042
AM-0007,UEST
AM-0007,UD21
VVDN,VLXL
VVDN,QA-0014
VVDN,AZ-0010
VVDN,VVBM
VVDN,AM-0004
VVDN,PK-0075
VVDN,OOMX
VVDN,NP-0015
VVDN,VVPQ
VVDN,LLBO
VVDN,IL-0008
VVDN,LA-0004
VVDN,KH-0003
VVDN,OPTA
VVDN,VLTK
VVDN,UDLS
VVDN,OM-0002
VVDN,OM-0036
VVDN,OPKD
VVDN,UHMA
AM-0008,UDLS
AM-0008,VN-0054
AM-0008,WBSB
AM-0008,OOFQ
AM-0008,PS-0002
AM-0008,VDSY
AM-0008,VNMN
AM-0008,RU-0112
AM-0008,UBBG
AM-0008,VN-0055
AM-0008,OM-0025
AM-0008,OPOR
AM-0008,OPTA
AM-0008,XVL
AM-0008,AZ-0018
AM-0008,IL-0011
AM-0008,KMT
AM-0008,OPBL
AM-0008,VNVT
AM-0008,RU-5491
AM-0008,LA-0003
AM-0008,VNPL
AM-0008,OPGD
AM-0008,PK-0047
AM-0008,VNTR
AM-0008,AZ-0012
AM-0008,OPSS
AM-0001,LVGZ
AM-0001,UEST
AM-0001,OPOR
AM-0001,RU-0058
AM-0001,VNMN
AM-0001,AM-0005
AM-0001,RU-0108
AM-0001,UWKV
AM-0001,AZ-0003
AM-0001,QA-0012
AM-0001,LLAZ
AM-0001,VDSR
AM-0001,OP32
AM-0001,PK-REQ
AM-0001,OBKH
AM-0001,VLVT
AM-0001,VN-0055
AM-0001,PS-0001
AM-0001,AM-0003
AM-0001,VLOS
AM-0001,VDKK
AM-0001,UBBG
AM-0001,LA-0006
AM-0001,QA-0001
AM-0001,VVPT
AM-0001,RU-0111
AM-0001,UNLL
AM-0002,VVBM
AM-0002,OP23
AM-0002,OM-0008
AM-0002,USHU
AM-0002,VDKT
AM-0002,LLMG
AM-0002,AM-0006
AM-0002,OPBL
AM-0002,AZ-0016
AM-0002,PK-0075
AM-0002,UDSG
AM-0002,VNRB
AM-0002,OPOR
AM-0002,OO42
AM-0002,RU-0058
AM-0002,UHMA
AM-0002,VVVH
AM-0002,RU-0931
AM-0002,VN-0031
AM-0002,LLBS
AM-0002,VDSY
AM-0002,PK-0019
AM-0002,IL-0004
AM-0002,VDKH
AM-0002,LLHA
LLNV,AZ-0012
LLNV,OP32
LLNV,OM-0025
LLNV,KH-0002
LLNV,UD21
LLNV,VNBP
LLNV,LLMG
LLNV,VVVH
LLNV,VDRK
LLNV,OM-0009
LLNV,XVL
LLNV,USHU
LLNV,AM-0005
LLNV,UDSG
LLNV,IL-0003
LLNV,UDLS
PK-0047,PK-0075
PK-0047,AM-0009
PK-0047,PS-0002
PK-0047,VNMA
PK-0047,VVPT
PK-0047,VLSN
PK-0047,PK-0070
PK-0047,VLLN
PK-0047,LA-0005
PK-0047,VNDP
PK-0047,AZ-0003
PK-0047,OPQT
PK-0047,UWKV
PK-0047,LLBG
PK-0047,RU-0058
PK-0047,AM-0008
PK-0047,VVPR
AM-0005,OM-0003
AM-0005,PK-0075
AM-0005,VNCG
AM-0005,LA-0003
AM-0005,LLYO
AM-0005,AM-0001
AM-0005,UB14
AM-0005,UEST
AM-0005,XVL
AM-0005,LA-0001
AM-0005,LLBO
AM-0005,VLOS
AM-0005,VVGL
AM-0005,LLEK
AM-0005,VNLT
AM-0005,VLHS
AM-0005,UB18
AM-0005,LLNV
AM-0005,OJJR
AM-0005,VLLN
AM-0005,IL-0004
AM-0005,RU-1892
AM-0005,AZ-0010
AM-0005,OPQT
AM-0005,OP32
AM-0005,IL-0006
AM-0005,VLAP
AM-0005,OM-0027
IL-0012,IL-0004
IL-0012,OMY
IL-0012,VN-0013
IL-0012,UDYZ
IL-0012,VDPP
IL-0012,UBBZ
IL-0012,UWOR
IL-0012,OOIA
IL-0012,AZ-0009
IL-0012,VLTK
IL-0012,AM-0009
IL-0012,UDYE
IL-0012,OM-0036
IL-0012,OPGD
IL-0012,LA-0004
IL-0012,PCQ
IL-0012,VN-0055
IL-0012,OPDK
IL-0012,VN-0042
IL-0012,KH-0001
IL-0012,VDKK
VNDP,OOFQ
VNDP,VNLD
VNDP,OPOR
VNDP,PK-0006
VNDP,UDLS
VNDP,KH-0001
VNDP,LL59
VNDP,OPDK
VNDP,OOMX
VNDP,UGEJ
VNDP,VNBP
VNDP,VN-0031
VNDP,VN-0038
VNDP,AZ-0013
VNDP,PK-0070
VNDP,VNDH
VNDP,PK-0047
VNDP,VNPL
VNDP,UEST
VNDP,RU-0058
VNDP,UBEE
VNDP,RU-0931
VNDP,VN-0042
VNDP,VNMN
VNDP,VLXK
AM-0006,UBBQ
AM-0006,RU-1892
AM-0006,OPBL
AM-0006,VNBW
AM-0006,UBBG
AM-0006,LL59
AM-0006,AM-0002
AM-0006,VNMA
AM-0006,OOYB
AM-0006,QA-0001
AM-0006,AM-0003
AM-0006,OO42
AM-0006,VVPR
AM-0006,VVVH
AM-0006,VLOS
AM-0006,OTBH
AM-0006,RU-0112
AM-0006,VNSI
AM-0006,VDKT
AM-0006,VN-0031
AM-0006,VNPL
AM-0006,VNCG
AM-0006,UHMG
AM-0006,OOIA
AM-0006,OPGD
AM-0006,AZ-0006
AM-0006,PK-0070
AM-0006,NP-0015
IL-0011,VNMG
IL-0011,OM-0002
IL-0011,OOMA
IL-0011,AZ-0006
IL-0011,VDKT
IL-0011,VNLT
IL-0011,VDSA
IL-0011,LLET
IL-0011,UBEE
IL-0011,PS-0002
IL-0011,PK-0019
IL-0011,USRK
IL-0011,UWOR
IL-0011,OM-0020
IL-0011,AM-0008
IL-0011,UEST
IL-0011,OT62
IL-0011,PK-0075
IL-0011,PK-0006
IL-0011,OTBK
IL-0011,XVL
IL-0011,VLLN
IL-0011,IL-0006
IL-0011,LLBO
IL-0011,OO42
AM-0003,LLET
AM-0003,PK-0062
AM-0003,VN-0013
AM-0003,OM-0013
AM-0003,VNBW
AM-0003,AM-0007
AM-0003,OPTA
AM-0003,AM-0006
AM-0003,VMMC
AM-0003,VLXK
AM-0003,LLBG
AM-0003,UB14
AM-0003,LLEK
AM-0003,VVBM
AM-0003,OOMS
AM-0003,LLYO
AM-0003,VNSI
AM-0003,VVVH
AM-0003,OM-0002
AM-0003,AM-0001
AM-0003,LL1B
AM-0003,AZ-0009
AM-0004,RU-0058
AM-0004,IL-0004
AM-0004,LA-0001
AM-0004,AZ-0012
AM-0004,XVL
AM-0004,OTBK
AM-0004,VNTR
AM-0004,UHMG
AM-0004,VVDN
AM-0004,UWKV
AM-0004,RU-0931
AM-0004,VDSR
AM-0004,KH-0003
AM-0004,OO42
AM-0004,AZ-0004
AM-0004,UNLL
AM-0004,LL59
AM-0004,PS-0001
AM-0004,OPKD
AM-0004,LLEK
USRK,IL-0006
USRK,OOFQ
USRK,VN-0019
USRK,VNDH
USRK,OP23
USRK,VVDB
USRK,UHMA
USRK,KMT
USRK,PK-0019
USRK,LA-0002
USRK,IL-0011
USRK,VDKT
USRK,AZ-0004
USRK,VLAP
USRK,LLBS
USRK,VNMN
USRK,VLTK
USRK,VNLT
USRK,UWKV
USRK,LA-0004
USRK,LLMG
VN-0042,KH-0001
VN-0042,UG11
VN-0042,QA-0014
VN-0042,UHMA
VN-0042,OTHH
VN-0042,VNLD
VN-0042,UBBZ
VN-0042,PK-0019
VN-0042,RU-0050
VN-0042,OM-0025
VN-0042,OPBL
VN-0042,OPQT
VN-0042,PK-0070
VN-0042,UD21
VN-0042,VNDP
VN-0042,OOMA
VN-0042,IL-0012
VN-0042,LLAZ
VN-0042,AM-0007
VN-0042,VN-0054
OBBI,RU-5491
OBBI,VNDH
OBBI,VLXK
OBBI,OM-0036
OBBI,PK-0015
OBBI,UHMG
OBBI,OOFQ
OBBI,UWWS
OBBI,IL-0006
OBBI,OTBD
OBBI,VN-0019
OBBI,VVDB
OBBI,KMT
OBBI,LA-0001
OBBI,OP33
OBBI,QA-0012
OBBI,PK-0075
OBBI,PCQ
OBBI,OPOR
OBBI,VVPR
OBBI,VLLN
OBBI,LLEK
OBBI,VVVT
OBBI,VDKC
OBBI,PS-0002
OBBI,VDSY
OTHH,PK-REQ
OTHH,WBSB
OTHH,USHU
OTHH,OBKH
OTHH,LA-0001
OTHH,OM-0036
OTHH,OM-0025
OTHH,RU-0931
OTHH,VN-0042
OTHH,VVPR
OTHH,OP32
OTHH,AZ-0012
OTHH,AZ-0009
OTHH,PS-0002
OTHH,LA-0004
OTHH,UWWS
OTHH,OPSS
OTHH,AZ-0001
OTHH,OOYB
OTHH,PS-0001
AZ-0004,OOMX
AZ-0004,OPGD
AZ-0004,VNMN
AZ-0004,VVRG
AZ-0004,PK-REQ
AZ-0004,OOIA
AZ-0004,OBBS
AZ-0004,VNVT
AZ-0004,VN-0055
AZ-0004,OM-0036
AZ-0004,AZ-0010
AZ-0004,AM-0004
AZ-0004,OM-0002
AZ-0004,RU-1892
AZ-0004,OTBD
AZ-0004,PK-0019
AZ-0004,VLSN
AZ-0004,USRK
AZ-0004,VVVH
AZ-0004,VVPT
AZ-0004,QA-0009
AZ-0004,VN-0038
AZ-0004,OPSS
AZ-0004,OPOR
AZ-0004,RU-0931
AZ-0004,OPBL
AZ-0004,VDBG
UBBZ,LA-0001
UBBZ,IL-0003
UBBZ,LLBO
UBBZ,VVVT
UBBZ,UKH
UBBZ,KH-0003
UBBZ,IL-0012
UBBZ,AZ-0010
UBBZ,PK-0070
UBBZ,OJJR
UBBZ,VNMN
UBBZ,VLXK
UBBZ,OP32
UBBZ,VN-0042
UBBZ,UB14
UBBZ,OBKH
UBBZ,VLOS
UBBZ,UBBG
UBBZ,LLAZ
UBBZ,VN-0037
UBBZ,OM-0027
UBBZ,VNLT
UBBZ,VDKC
UBBZ,LLTN
UBBZ,VVPT
UBBZ,LL1B
UBBZ,UD21
UBBZ,UBBA
UBBZ,OM-0010
UBBZ,OPQT
UBBZ,OM-0036
AZ-0006,OM-0006
AZ-0006,UNLL
AZ-0006,IL-0011
AZ-0006,VNLT
AZ-0006,VLSK
AZ-0006,VNSI
AZ-0006,LLEK
AZ-0006,VNCG
AZ-0006,OM-0002
AZ-0006,PK-0015
AZ-0006,VN-0038
AZ-0006,PK-0075
AZ-0006,VVPT
AZ-0006,VVDB
AZ-0006,LLMZ
AZ-0006,VDMK
AZ-0006,VNSK
AZ-0006,UDLS
AZ-0006,UBBQ
AZ-0006,AM-0006
AZ-0006,QA-0014
AZ-0006,LA-0003
AZ-0006,IL-0003
AZ-0009,OP23
AZ-0009,VDMK
AZ-0009,AM-0009
AZ-0009,VNMG
AZ-0009,UNQA
AZ-0009,UGEJ
AZ-0009,LLBO
AZ-0009,IL-0012
AZ-0009,OTHH
AZ-0009,NP-0015
AZ-0009,VNPK
AZ-0009,PK-REQ
AZ-0009,VN-0055
AZ-0009,RU-0931
AZ-0009,KH-0002
AZ-0009,VN-0037
AZ-0009,OBKH
AZ-0009,VLXL
AZ-0009,VDRK
AZ-0009,LA-0001
AZ-0009,AM-0003
VLTK,VLAP
VLTK,VN-0037
VLTK,OM-0008
VLTK,LA-0006
VLTK,UNLL
VLTK,OOSA
VLTK,VLPV
VLTK,PK-REQ
VLTK,RU-0112
VLTK,IL-0012
VLTK,UB14
VLTK,UB12
VLTK,OM-0025
VLTK,UWOR
VLTK,VVDN
VLTK,OMY
VLTK,USRK
VLTK,LLMZ
VLTK,AM-0009
IL-0004,AM-0004
IL-0004,IL-0012
IL-0004,VMMC
IL-0004,RU-0058
IL-0004,PK-0075
IL-0004,VLOS
IL-0004,KMT
IL-0004,VVVT
IL-0004,PK-0015
IL-0004,LA-0005
IL-0004,VN-0019
IL-0004,OTBD
IL-0004,AZ-0003
IL-0004,IL-0008
IL-0004,AM-0007
IL-0004,OP14
IL-0004,OOFQ
IL-0004,AM-0002
IL-0004,AM-0005
IL-0004,VLXK
IL-0004,UEST
IL-0004,VNBW
IL-0003,UBBZ
IL-0003,OTBK
IL-0003,KMT
IL-0003,PK-0075
IL-0003,OM-0003
IL-0003,VDSA
IL-0003,VNBR
IL-0003,VDKT
IL-0003,OM-0027
IL-0003,VVVH
IL-0003,OMY
IL-0003,LLNV
IL-0003,KH-0001
IL-0003,AZ-0006
IL-0003,OM-0013
AZ-0001,UKH
AZ-0001,USHU
AZ-0001,PCQ
AZ-0001,OM-0009
AZ-0001,UEST
AZ-0001,KH-0001
AZ-0001,VN-0038
AZ-0001,VDRK
AZ-0001,PK-0075
AZ-0001,OTHH
AZ-0001,LLAZ
AZ-0001,UHMG
AZ-0001,RU-1892
AZ-0001,OOIA
AZ-0001,OM-0006
AZ-0001,VMMC
AZ-0001,VNMA
AZ-0001,WBSB
AZ-0001,VVPR
AZ-0001,LA-0003
AZ-0001,UWWS
AZ-0001,VNMN
VVGL,LLBG
VVGL,UHMA
VVGL,OPQT
VVGL,LA-0003
VVGL,WBSB
VVGL,OM-0006
VVGL,VMMC
VVGL,LA-0005
VVGL,VNLD
VVGL,QA-0001
VVGL,AM-0005
VVGL,VLOS
VVGL,OM-0003
VVGL,VLSK
VVGL,PK-0075
VVGL,VLVT
VVGL,UKH
VVGL,RU-0112
AZ-0003,OM-0009
AZ-0003,QA-0009
AZ-0003,UWOR
AZ-0003,VNLD
AZ-0003,HOO
AZ-0003,VNTR
AZ-0003,XVL
AZ-0003,AM-0001
AZ-0003,NP-0015
AZ-0003,UBBG
AZ-0003,UDSG
AZ-0003,OP23
AZ-0003,IL-0004
AZ-0003,PK-0047
AZ-0003,OOMA
AZ-0003,KH-0003
AZ-0003,RU-0058
AZ-0003,UWKV
OM-0003,VVDB
OM-0003,AM-0005
OM-0003,LLHA
OM-0003,IL-0003
OM-0003,VDKC
OM-0003,LL1B
OM-0003,PCQ
OM-0003,OBKH
OM-0003,VDRK
OM-0003,UBBQ
OM-0003,VN-0019
OM-0003,RU-0111
OM-0003,VNVT
OM-0003,OM-0027
OM-0003,RU-1892
OM-0003,VVGL
OM-0003,NP-0015
OM-0003,VDKT
OM-0003,QA-0009
OM-0003,LA-0006
OM-0003,PK-0062
OM-0003,AZ-0013
OM-0003,OP32
OM-0003,UNLL
LL1B,LA-0003
LL1B,VNLT
LL1B,VNSK
LL1B,VVDB
LL1B,UWKV
LL1B,VN-0055
LL1B,UG11
LL1B,OM-0003
LL1B,RU-0109
LL1B,LA-0001
LL1B,VLSV
LL1B,VLSK
LL1B,OM-0008
LL1B,UBBA
LL1B,AM-0003
LL1B,UEST
LL1B,UBBZ
LL1B,OT62
LL1B,VLPV
LL1B,OM-0027
OM-0002,IL-0011
OM-0002,VNTH
OM-0002,QA-0014
OM-0002,LA-0001
OM-0002,LLMG
OM-0002,OM-0006
OM-0002,RU-0931
OM-0002,OM-0010
OM-0002,UBBQ
OM-0002,PS-0001
OM-0002,AZ-0006
OM-0002,UEST
OM-0002,AZ-0004
OM-0002,AM-0003
OM-0002,VNSI
OM-0002,VVDN
OM-0002,QA-0009
OM-0002,VVVT
QA-0014,VVDN
QA-0014,VVBM
QA-0014,KH-0002
QA-0014,OM-0002
QA-0014,VN-0042
QA-0014,RU-0111
QA-0014,UDYZ
QA-0014,AZ-0012
QA-0014,RU-0050
QA-0014,VNCG
QA-0014,UDLS
QA-0014,OP32
QA-0014,OPGD
QA-0014,OJJR
QA-0014,WBSB
QA-0014,VLSV
QA-0014,VDPP
QA-0014,VNLD
QA-0014,OBBS
QA-0014,AZ-0006
QA-0014,OPSS
QA-0014,OM-0013
QA-0014,RU-0112
QA-0014,VVRG
IL-0008,RU-0931
IL-0008,UHMG
IL-0008,PS-0001
IL-0008,VVRG
IL-0008,UBBG
IL-0008,LA-0006
IL-0008,OOMA
IL-0008,OOSA
IL-0008,RU-1892
IL-0008,OBKH
IL-0008,KH-0002
IL-0008,VVDN
IL-0008,VVPT
IL-0008,IL-0004
IL-0008,UBBQ
IL-0008,VLOS
IL-0008,VDSV
OM-0008,PS-0002
OM-0008,VNMG
OM-0008,VLTK
OM-0008,AM-0002
OM-0008,OOYB
OM-0008,VNTR
OM-0008,RU-1892
OM-0008,VDKC
OM-0008,QA-0009
OM-0008,VMMC
OM-0008,LLMR
OM-0008,UDLS
OM-0008,OPBL
OM-0008,WBSB
OM-0008,LL1B
OM-0008,PK-0062
OM-0008,LL59
OM-0008,VDKH
OM-0008,PCQ
OM-0008,OPTA
OM-0008,UDSG
RU-1892,AM-0006
RU-1892,VN-0013
RU-1892,OOSA
RU-1892,OPTA
RU-1892,IL-0006
RU-1892,VN-0054
RU-1892,LLMG
RU-1892,VLHS
RU-1892,OM-0008
RU-1892,VNMG
RU-1892,USHU
RU-1892,IL-0008
RU-1892,VDPP
RU-1892,AZ-0004
RU-1892,OM-0003
RU-1892,QA-0012
RU-1892,AZ-0001
RU-1892,UG11
RU-1892,OPOR
RU-1892,LVGZ
RU-1892,UDSG
RU-1892,VNDH
RU-1892,VVPQ
RU-1892,OM-0010
RU-1892,AM-0005
RU-1892,VDSR
VN-0054,AM-0008
VN-0054,VLSK
VN-0054,RU-0112
VN-0054,WBAK
VN-0054,OM-0009
VN-0054,PK-0075
VN-0054,RU-1892
VN-0054,AZ-0013
VN-0054,VVBM
VN-0054,LLET
VN-0054,OP33
VN-0054,PK-0070
VN-0054,OPBL
VN-0054,OTBK
VN-0054,UNLL
VN-0054,VNLD
VN-0054,IL-0006
VN-0054,OT62
VN-0054,VN-0042
VN-0054,OM-0020
VN-0054,LLBO
IL-0006,LA-0005
IL-0006,USRK
IL-0006,RU-1892
IL-0006,VDSV
IL-0006,UDYZ
IL-0006,OBBI
IL-0006,OOYB
IL-0006,UBBA
IL-0006,VN-0038
IL-0006,PK-0019
IL-0006,OOMA
IL-0006,OM-0036
IL-0006,OM-0010
IL-0006,UDYE
IL-0006,VN-0054
IL-0006,VNVT
IL-0006,UD21
IL-0006,OP32
IL-0006,USHL
IL-0006,AM-0005
IL-0006,IL-0011
IL-0006,VVRG
IL-0006,VNRB
OM-0006,KMT
OM-0006,AZ-0006
OM-0006,OM-0002
OM-0006,OT62
OM-0006,VVGL
OM-0006,OPGD
OM-0006,VLOS
OM-0006,LLAZ
OM-0006,VDSR
OM-0006,VNMN
OM-0006,UEST
OM-0006,UDYZ
OM-0006,PK-0015
OM-0006,VLVT
OM-0006,RU-0931
OM-0006,AZ-0001
OM-0006,LLMZ
VN-0055,KH-0002
VN-0055,LLTN
VN-0055,UWOR
VN-0055,VLPV
VN-0055,LL1B
VN-0055,UDYZ
VN-0055,AM-0008
VN-0055,LLBO
VN-0055,AZ-0004
VN-0055,VNCG
VN-0055,AZ-0009
VN-0055,VDSR
VN-0055,IL-0012
VN-0055,PCQ
VN-0055,LA-0007
VN-0055,AM-0001
VN-0055,OM-0020
VN-0055,OTBH
VN-0055,VLSV
VN-0055,UGEJ
VN-0055,VLAP
VN-0055,UWKV
VN-0055,PK-0006
VN-0055,VVBM
OM-0009,LLHA
OM-0009,AZ-0003
OM-0009,LLMZ
OM-0009,VN-0054
OM-0009,HOO
OM-0009,UBBA
OM-0009,OP33
OM-0009,AZ-0001
OM-0009,LLBO
OM-0009,VNPL
OM-0009,PK-0070
OM-0009,LLNV
OM-0009,VVVH
OM-0009,PK-REQ
OM-0009,LLBS
OM-0009,VNRB
OM-0009,RU-0108
OM-0009,VN-0019
OM-0009,UBEE
OM-0009,LA-0002
OM-0009,OPGD
LLAZ,VVVT
LLAZ,KMT
LLAZ,OPSS
LLAZ,VLAP
LLAZ,LLEK
LLAZ,OM-0006
LLAZ,LLYO
LLAZ,UNQA
LLAZ,OM-0025
LLAZ,LL59
LLAZ,AM-0001
LLAZ,UNLL
LLAZ,PK-0062
LLAZ,UBBZ
LLAZ,AZ-0001
LLAZ,UDYZ
LLAZ,RU-0050
LLAZ,RU-0112
LLAZ,USHU
LLAZ,VNRB
LLAZ,OP14
LLAZ,PCQ
LLAZ,VDSA
LLAZ,VN-0042
AZ-0016,VNBW
AZ-0016,VVDB
AZ-0016,UKH
AZ-0016,AM-0002
AZ-0016,VNPL
AZ-0016,LLEK
AZ-0016,OMY
AZ-0016,LLBS
AZ-0016,OM-0027
AZ-0016,OM-0010
AZ-0016,LLYO
AZ-0016,OP32
AZ-0015,VLOS
AZ-0015,KH-0001
AZ-0015,AZ-0013
AZ-0015,VLXL
AZ-0015,VNTH
AZ-0015,OOMA
AZ-0015,VNBW
AZ-0015,RU-0112
AZ-0015,AZ-0012
AZ-0015,OP32
AZ-0015,VNMA
AZ-0015,LA-0003
AZ-0015,OBKH
AZ-0015,LLMR
AZ-0015,OOIA
AZ-0015,PK-0075
AZ-0015,VDPP
AZ-0015,OMY
AZ-0015,PS-0001
AZ-0015,UNLL
OPOR,XVL
OPOR,OPDK
OPOR,VNDP
OPOR,QA-0009
OPOR,AM-0001
OPOR,OM-0013
OPOR,UDSG
OPOR,VDKC
OPOR,PK-0019
OPOR,AM-0002
OPOR,AM-0008
OPOR,OPTA
OPOR,VLLN
OPOR,LA-0001
OPOR,OPBL
OPOR,OBBI
OPOR,PK-0070
OPOR,AM-0009
OPOR,OPQT
OPOR,RU-1892
OPOR,UDYE
OPOR,VVDB
OPOR,AZ-0004
OPOR,VLVT
OPOR,PS-0002
OPOR,RU-0931
OPOR,OPKD
AZ-0018,AM-0007
AZ-0018,OPTA
AZ-0018,PK-0019
AZ-0018,VLAP
AZ-0018,OM-0020
AZ-0018,QA-0001
AZ-0018,VDBG
AZ-0018,AM-0008
AZ-0018,OM-0036
AZ-0018,UDLS
AZ-0018,UBEE
AZ-0018,UDSG
AZ-0018,VMMC
AZ-0018,LVGZ
AZ-0018,OOMX
AZ-0018,LLMG
AZ-0018,AM-0009
AZ-0018,UBBQ
OOMS,OBKH
OOMS,LVGZ
OOMS,LL59
OOMS,VDKH
OOMS,LLET
OOMS,LLTN
OOMS,LA-0005
OOMS,PK-0019
OOMS,UG11
OOMS,OM-0027
OOMS,OOFQ
OOMS,OBBS
OOMS,PK-0015
OOMS,AM-0003
OOMS,QA-0012
OOMS,VNSK
OOMS,VNCG
OOMS,PK-REQ
OOMS,LLMG
OOMS,RU-0931
OOMS,USHU
OOMS,OOMA
VDSR,VNPK
VDSR,RU-0108
VDSR,LL59
VDSR,VVVH
VDSR,LLMG
VDSR,LLBO
VDSR,VDKK
VDSR,KH-0003
VDSR,UBBQ
VDSR,QA-0012
VDSR,VDRK
VDSR,KMT
VDSR,OM-0006
VDSR,VN-0037
VDSR,AM-0004
VDSR,AM-0001
VDSR,VNPL
VDSR,UDSG
VDSR,KH-0002
VDSR,VN-0055
VDSR,PS-0001
VDSR,UGEJ
VDSR,VNTR
VDSR,LLHA
VDSR,VDMK
VDSR,PK-0019
VDSR,OPTA
VDSR,OT62
VDSR,UDLS
VDSR,RU-1892
VDSR,AZ-0012
VLSK,VN-0054
VLSK,AZ-0012
VLSK,UBEE
VLSK,AZ-0006
VLSK,LLET
VLSK,LLMG
VLSK,OTBH
VLSK,OPSS
VLSK,LA-0006
VLSK,OP32
VLSK,VNBW
VLSK,UHMA
VLSK,OBKH
VLSK,LL1B
VLSK,VVRG
VLSK,UWKV
VLSK,VVGL
VLSK,PK-0006
VLSK,OO42
VLSK,VLSN
VLSK,RU-5491
VLSK,VN-0013
VLSK,RU-0058
PS-0002,USHL
PS-0002,OM-0008
PS-0002,VVDB
PS-0002,LLMZ
PS-0002,AM-0008
PS-0002,LL59
PS-0002,VLSN
PS-0002,PK-0047
PS-0002,VNCG
PS-0002,IL-0011
PS-0002,RU-0111
PS-0002,OTHH
PS-0002,VDSA
PS-0002,UB18
PS-0002,OM-0020
PS-0002,OPSS
PS-0002,OPOR
PS-0002,LLBO
PS-0002,XVL
PS-0002,OBBI
PS-0002,OP33
AZ-0010,RU-0109
AZ-0010,VLSN
AZ-0010,VNTR
AZ-0010,OOMX
AZ-0010,VVDN
AZ-0010,UBBZ
AZ-0010,OM-0010
AZ-0010,UEST
AZ-0010,VNPK
AZ-0010,AZ-0004
AZ-0010,OOFQ
AZ-0010,VN-0019
AZ-0010,VNLT
AZ-0010,VDKK
AZ-0010,UDSG
AZ-0010,AM-0005
AZ-0010,LLMZ
AZ-0010,VVPT
AZ-0010,LLHA
AZ-0010,VN-0013
UWKV,VN-0013
UWKV,RU-0058
UWKV,VNMA
UWKV,VVPQ
UWKV,QA-0001
UWKV,LL1B
UWKV,UB12
UWKV,AM-0001
UWKV,AM-0004
UWKV,OPKD
UWKV,RU-0111
UWKV,LA-0002
UWKV,PK-0047
UWKV,VLSK
UWKV,VDSY
UWKV,OOMX
UWKV,KH-0003
UWKV,VNPL
UWKV,USRK
UWKV,VN-0055
UWKV,VMMC
UWKV,AZ-0003
UBBA,PCQ
UBBA,NP-0015
UBBA,PK-0015
UBBA,OMY
UBBA,OOYB
UBBA,OM-0009
UBBA,VDRK
UBBA,IL-0006
UBBA,OBBS
UBBA,AZ-0012
UBBA,UDLS
UBBA,WBSB
UBBA,UDYE
UBBA,VN-0038
UBBA,UD21
UBBA,LL1B
UBBA,UHMG
UBBA,UBBZ
UBBA,LVGZ
UBBA,VN-0031
AZ-0012,VLSK
AZ-0012,LLNV
AZ-0012,AM-0004
AZ-0012,AZ-0015
AZ-0012,VDKC
AZ-0012,OTHH
AZ-0012,VNLD
AZ-0012,VDKK
AZ-0012,QA-0014
AZ-0012,UBBA
AZ-0012,VNMG
AZ-0012,UDYE
AZ-0012,UBBQ
AZ-0012,KH-0001
AZ-0012,OOSA
AZ-0012,AM-0008
AZ-0012,UBEE
AZ-0012,VDSR
AZ-0012,LA-0007
OM-0010,VNLD
OM-0010,OBKH
OM-0010,VLSN
OM-0010,OPGD
OM-0010,VN-0013
OM-0010,LLTN
OM-0010,VNRB
OM-0010,OM-0002
OM-0010,AZ-0010
OM-0010,OTBD
OM-0010,VLHS
OM-0010,VDSA
OM-0010,LL59
OM-0010,IL-0006
OM-0010,LA-0002
OM-0010,OPSS
OM-0010,UDLS
OM-0010,LVGZ
OM-0010,VVPT
OM-0010,OPTA
OM-0010,VDKC
OM-0010,AZ-0016
OM-0010,RU-0112
OM-0010,VN-0019
OM-0010,RU-1892
OM-0010,PK-REQ
OM-0010,UBBZ
OM-0010,OJJR
OM-0010,VNMG
OOMX,VNBR
OOMX,AZ-0004
OOMX,VNSK
OOMX,AZ-0010
OOMX,VDBG
OOMX,HOO
OOMX,VNDP
OOMX,OPGD
OOMX,VVDN
OOMX,KH-0001
OOMX,OTBK
OOMX,LA-0007
OOMX,UDSG
OOMX,OBBS
OOMX,UWKV
OOMX,USHL
OOMX,VLHS
OOMX,LA-0006
OOMX,AZ-0018
OOMX,PS-0001
OOMX,VNVT
PS-0001,OPSS
PS-0001,OT62
PS-0001,IL-0008
PS-0001,UEST
PS-0001,VDKT
PS-0001,OM-0002
PS-0001,OM-0027
PS-0001,AM-0004
PS-0001,VDSR
PS-0001,AM-0001
PS-0001,VNVT
PS-0001,OTHH
PS-0001,RU-0109
PS-0001,VNSI
PS-0001,VNLD
PS-0001,AZ-0015
PS-0001,OOMX
PS-0001,VLSV
AZ-0013,HOO
AZ-0013,USHL
AZ-0013,AZ-0015
AZ-0013,PCQ
AZ-0013,OTBH
AZ-0013,VN-0054
AZ-0013,LLEK
AZ-0013,VDRK
AZ-0013,VNDP
AZ-0013,LA-0003
AZ-0013,LA-0007
AZ-0013,VLVT
AZ-0013,LVGZ
AZ-0013,VNMG
AZ-0013,LA-0002
AZ-0013,UDLS
AZ-0013,VNLT
AZ-0013,OM-0003
AZ-0013,KMT
AZ-0013,VDPP
AZ-0013,VLXK
VLSV,VMMC
VLSV,LA-0004
VLSV,OJJR
VLSV,OBBS
VLSV,VNSK
VLSV,OO42
VLSV,OPSS
VLSV,OPDK
VLSV,LA-0005
VLSV,LL1B
VLSV,QA-0014
VLSV,LLYO
VLSV,VNVT
VLSV,VN-0055
VLSV,VNBR
VLSV,PS-0001
OM-0013,OJJR
OM-0013,VLXK
OM-0013,VMMC
OM-0013,OPOR
OM-0013,AM-0003
OM-0013,OOYB
OM-0013,PK-0019
OM-0013,VDSA
OM-0013,VLAP
OM-0013,VNLD
OM-0013,KH-0003
OM-0013,UBEE
OM-0013,QA-0014
OM-0013,PK-0006
OM-0013,OTBH
OM-0013,OP33
OM-0013,IL-0003
UBBG,VLSN
UBBG,VLAP
UBBG,IL-0008
UBBG,AM-0006
UBBG,LLMR
UBBG,OBBS
UBBG,AM-0008
UBBG,VDKK
UBBG,VVVH
UBBG,RU-5491
UBBG,AZ-0003
UBBG,VNTH
UBBG,VNTR
UBBG,KH-0003
UBBG,UBBZ
UBBG,VDMK
UBBG,OPSS
UBBG,AM-0007
UBBG,UG11
UBBG,AM-0001
UBBG,VVPR
UBBG,OPTA
UBBG,OBKH
VDSV,OM-0036
VDSV,VN-0031
VDSV,VDBG
VDSV,OBKH
VDSV,IL-0006
VDSV,UDLS
VDSV,UG11
VDSV,LLMZ
VDSV,AM-0009
VDSV,RU-0058
VDSV,KMT
VDSV,UEST
VDSV,WBAK
VDSV,VNMG
VDSV,LLBG
VDSV,VLPV
VDSV,IL-0008
VLSN,AZ-0010
VLSN,UBBG
VLSN,OM-0010
VLSN,QA-0009
VLSN,PS-0002
VLSN,OPTA
VLSN,USHU
VLSN,PK-0047
VLSN,VNTR
VLSN,OOYB
VLSN,PK-REQ
VLSN,OBBS
VLSN,AZ-0004
VLSN,LL59
VLSN,LLBG
VLSN,VLSK
VLSN,KH-0003
VLSN,OPKD
VLSN,OOFQ
VLSN,UKH
UBBQ,AM-0009
UBBQ,AM-0006
UBBQ,OOFQ
UBBQ,UNLL
UBBQ,VDSR
UBBQ,VDSA
UBBQ,OP32
UBBQ,OM-0002
UBBQ,OM-0003
UBBQ,LLMR
UBBQ,OP23
UBBQ,KH-0003
UBBQ,AZ-0006
UBBQ,UB18
UBBQ,UBEE
UBBQ,VDSY
UBBQ,LLHA
UBBQ,AZ-0012
UBBQ,VLHS
UBBQ,VNCG
UBBQ,VDBG
UBBQ,IL-0008
UBBQ,AZ-0018
VDSY,KH-0003
VDSY,UGEJ
VDSY,AM-0008
VDSY,KH-0001
VDSY,VLAP
VDSY,OBBS
VDSY,LA-0004
VDSY,LLEK
VDSY,AM-0002
VDSY,UBBQ
VDSY,UWKV
VDSY,UWOR
VDSY,VNBP
VDSY,LLHA
VDSY,OBBI
OP23,AM-0002
OP23,AZ-0009
OP23,USRK
OP23,UB12
OP23,VLXK
OP23,VLXL
OP23,LLBO
OP23,PK-0070
OP23,LLTN
OP23,OOMA
OP23,AZ-0003
OP23,UBBQ
OP23,OPDK
OP23,QA-0009
UBEE,VN-0037
UBEE,UNQA
UBEE,VLSK
UBEE,VNLD
UBEE,IL-0011
UBEE,UWOR
UBEE,LA-0006
UBEE,OPDK
UBEE,VVDB
UBEE,VNTR
UBEE,VNDP
UBEE,UBBQ
UBEE,AZ-0018
UBEE,LA-0004
UBEE,OM-0009
UBEE,OM-0013
UBEE,PK-0070
UBEE,AZ-0012
QA-0001,VNVT
QA-0001,LLEK
QA-0001,KH-0002
QA-0001,OPDK
QA-0001,UWKV
QA-0001,AM-0006
QA-0001,AZ-0018
QA-0001,VVGL
QA-0001,UB12
QA-0001,OPSS
QA-0001,KMT
QA-0001,UNQA
QA-0001,VNBP
QA-0001,VNCG
QA-0001,AM-0001
QA-0001,LVGZ
QA-0001,QA-0009
OPBL,OO42
OPBL,RU-0112
OPBL,VVVT
OPBL,AM-0006
OPBL,UWOR
OPBL,AM-0002
OPBL,LA-0005
OPBL,LLHA
OPBL,OPQT
OPBL,OM-0008
OPBL,VLAP
OPBL,OPOR
OPBL,VN-0054
OPBL,AM-0008
OPBL,UGEJ
OPBL,VN-0042
OPBL,RU-0111
OPBL,AZ-0004
OPBL,UDYE
OM-0020,UB12
OM-0020,VDRK
OM-0020,OPSS
OM-0020,UHMG
OM-0020,VVVH
OM-0020,VLXK
OM-0020,OO42
OM-0020,VNBW
OM-0020,AZ-0018
OM-0020,VN-0038
OM-0020,OJJR
OM-0020,RU-0109
OM-0020,VLPV
OM-0020,IL-0011
OM-0020,VN-0055
OM-0020,PS-0002
OM-0020,VDKH
OM-0020,VN-0013
OM-0020,VN-0054
OM-0025,OOSA
OM-0025,LA-0002
OM-0025,LLNV
OM-0025,KH-0001
OM-0025,OTHH
OM-0025,VNCG
OM-0025,OBKH
OM-0025,AM-0008
OM-0025,OPGD
OM-0025,LLAZ
OM-0025,VDMK
OM-0025,UEST
OM-0025,VLTK
OM-0025,LLMG
OM-0025,UDYE
OM-0025,VVPT
OM-0025,WBSB
OM-0025,VN-0042
OM-0025,VDPP
OM-0025,VNSI
OM-0025,VNSK
OM-0025,OM-0036
OM-0025,VNDH
OM-0027,VDKC
OM-0027,RU-0109
OM-0027,VNPK
OM-0027,UWWS
OM-0027,VN-0038
OM-0027,LLBO
OM-0027,VNRB
OM-0027,OM-0003
OM-0027,PK-REQ
OM-0027,WBAK
OM-0027,OOMS
OM-0027,PS-0001
OM-0027,AZ-0016
OM-0027,UBBZ
OM-0027,IL-0003
OM-0027,RU-0050
OM-0027,OBBS
OM-0027,LL1B
OM-0027,AM-0005
UDYZ,UD21
UDYZ,PK-0070
UDYZ,VLXK
UDYZ,IL-0012
UDYZ,UEST
UDYZ,VDMK
UDYZ,VNDH
UDYZ,IL-0006
UDYZ,VN-0055
UDYZ,QA-0014
UDYZ,OM-0006
UDYZ,VNMA
UDYZ,VNMG
UDYZ,LLAZ
UDYZ,OOIA
UDYZ,OT62
UDYZ,VNBW
UDYZ,LA-0001
LLTN,VN-0055
LLTN,LLBS
LLTN,VNBW
LLTN,OM-0010
LLTN,OOMS
LLTN,VDKK
LLTN,OP23
LLTN,VNBR
LLTN,XVL
LLTN,UBBZ
LLTN,VDKC
LLTN,RU-0112
LLTN,VMMC
LLTN,VNLT
VLVT,VVRG
VLVT,VNCG
VLVT,VN-0038
VLVT,VDKK
VLVT,LLEK
VLVT,OM-0006
VLVT,UDYE
VLVT,UHMA
VLVT,AZ-0013
VLVT,LVGZ
VLVT,AM-0001
VLVT,LA-0005
VLVT,VVGL
VLVT,VVDB
VLVT,OPOR
VLVT,OP33
VLVT,OOMA
VLVT,UB12
VLVT,VNLD
LVGZ,OOMS
LVGZ,AM-0001
LVGZ,VNDH
LVGZ,UWOR
LVGZ,KH-0002
LVGZ,UG11
LVGZ,UDSG
LVGZ,UGEJ
LVGZ,LA-0006
LVGZ,VN-0038
LVGZ,VNBW
LVGZ,LA-0004
LVGZ,OTBK
LVGZ,OM-0010
LVGZ,AZ-0013
LVGZ,VLVT
LVGZ,VNTH
LVGZ,VLLN
LVGZ,RU-1892
LVGZ,VDRK
LVGZ,VNVT
LVGZ,VVVT
LVGZ,UBBA
LVGZ,AZ-0018
LVGZ,OOFQ
LVGZ,QA-0001
LVGZ,PK-0015
OPQT,VNMA
OPQT,OO42
OPQT,OPSS
OPQT,VVGL
OPQT,LA-0007
OPQT,VNPK
OPQT,VDBG
OPQT,LA-0001
OPQT,VNRB
OPQT,UNQA
OPQT,KMT
OPQT,OPBL
OPQT,VVVT
OPQT,OOSA
OPQT,OMY
OPQT,VVPQ
OPQT,HOO
OPQT,PK-0047
OPQT,OTBH
OPQT,UB18
OPQT,OP14
OPQT,OPOR
OPQT,UB12
OPQT,VN-0042
OPQT,VN-0031
OPQT,AM-0005
OPQT,UBBZ
OPQT,LLET
OP14,UB18
OP14,LLMR
OP14,VVRG
OP14,KH-0001
OP14,XVL
OP14,PK-0062
OP14,VDKC
OP14,UNLL
OP14,WBSB
OP14,QA-0009
OP14,NP-0015
OP14,OPQT
OP14,IL-0004
OP14,OOSA
OP14,VNLT
OP14,LLAZ
OP14,UKH
LLBG,LLMZ
LLBG,VVGL
LLBG,LA-0004
LLBG,VN-0019
LLBG,OPGD
LLBG,LLMG
LLBG,VNLT
LLBG,VVDB
LLBG,OPKD
LLBG,PK-REQ
LLBG,AM-0003
LLBG,OT62
LLBG,PK-0047
LLBG,KMT
LLBG,VVVH
LLBG,VLSN
LLBG,VN-0037
LLBG,VDSV
LLBG,UG11
QA-0012,WBAK
QA-0012,UWOR
QA-0012,LA-0005
QA-0012,VN-0013
QA-0012,QA-0009
QA-0012,OP32
QA-0012,LLYO
QA-0012,VDSR
QA-0012,LLMG
QA-0012,AM-0001
QA-0012,OBBI
QA-0012,HOO
QA-0012,PCQ
QA-0012,VLAP
QA-0012,RU-1892
QA-0012,VMMC
QA-0012,OOMS
QA-0012,LL59
LLBO,LLYO
LLBO,VLPV
LLBO,UBBZ
LLBO,LLMZ
LLBO,VNMG
LLBO,VDSR
LLBO,OP23
LLBO,VDMK
LLBO,OM-0027
LLBO,VN-0055
LLBO,AZ-0009
LLBO,OM-0009
LLBO,RU-0058
LLBO,AM-0005
LLBO,NP-0015
LLBO,VVDN
LLBO,PS-0002
LLBO,KH-0003
LLBO,VDSA
LLBO,OMY
LLBO,UWWS
LLBO,VN-0054
LLBO,IL-0011
OM-0036,OTBH
OM-0036,VDSV
OM-0036,UEST
OM-0036,VLHS
OM-0036,VN-0038
OM-0036,OTHH
OM-0036,OBBI
OM-0036,AZ-0004
OM-0036,IL-0012
OM-0036,IL-0006
OM-0036,OPTA
OM-0036,AZ-0018
OM-0036,PK-0075
OM-0036,RU-0109
OM-0036,XVL
OM-0036,AM-0009
OM-0036,VVDN
OM-0036,OM-0025
OM-0036,UBBZ
LLBS,LLTN
LLBS,UDSG
LLBS,UWOR
LLBS,OPKD
LLBS,VNLD
LLBS,RU-0050
LLBS,AZ-0016
LLBS,VNBW
LLBS,OM-0009
LLBS,OJJR
LLBS,AM-0002
LLBS,KH-0002
LLBS,USRK
LLBS,HOO
QA-0009,AZ-0003
QA-0009,VVPR
QA-0009,QA-0012
QA-0009,OPOR
QA-0009,VLSN
QA-0009,OM-0008
QA-0009,OP14
QA-0009,VN-0031
QA-0009,HOO
QA-0009,OM-0003
QA-0009,AZ-0004
QA-0009,VVDB
QA-0009,LA-0002
QA-0009,UHMA
QA-0009,LLYO
QA-0009,OO42
QA-0009,VNBW
QA-0009,QA-0001
QA-0009,OP23
QA-0009,OM-0002
UDYE,RU-0111
UDYE,LA-0006
UDYE,OPSS
UDYE,PK-0006
UDYE,UG11
UDYE,VLXK
UDYE,LA-0003
UDYE,VLVT
UDYE,VDKH
UDYE,IL-0012
UDYE,UBBA
UDYE,OM-0025
UDYE,PK-0062
UDYE,VNSK
UDYE,IL-0006
UDYE,VLPV
UDYE,AZ-0012
UDYE,OPOR
UDYE,OPBL
UDYE,VLXL
UDYE,VDSA
UNLL,AZ-0006
UNLL,LA-0003
UNLL,OOMA
UNLL,VDRK
UNLL,PK-0070
UNLL,VLTK
UNLL,VDPP
UNLL,VNSI
UNLL,UBBQ
UNLL,LA-0006
UNLL,LA-0005
UNLL,OOSA
UNLL,OP14
UNLL,VDMK
UNLL,UB12
UNLL,LLAZ
UNLL,AM-0004
UNLL,KMT
UNLL,VN-0054
UNLL,RU-5491
UNLL,OPKD
UNLL,LLMZ
UNLL,UDLS
UNLL,AZ-0015
UNLL,OM-0003
UNLL,UG11
UNLL,AM-0001
