from,to
VLXK,CN-0019
VLXK,ZHHH
VLXK,AM-0008
VLXK,LCRA
VLXK,UBEE
VLXK,CN-0235
VLXK,AZ-0006
VLXK,CN-0359
VLXK,ZSJD
VLXK,VLSK
VLXK,VYPU
VLXK,CN-0110
VLXK,VRMV
VLXK,VDSR
VLXK,WPOC
VLXK,CY-0025
VLXK,MV-0003
VLXK,MV-0004
VLXK,OLKA
VLXK,CN-0040
VLXK,LLBS
VLXK,UGEJ
VLXL,CN-0059
VLXL,VNLT
VLXL,RCXY
VLXL,OLBA
VLXL,AM-0004
VLXL,VYTN
VLXL,VDKK
VLXL,FND
VLXL,CY-0003
VLXL,VLSV
VLXL,VYAS
VLXL,CY-0071
VLXL,MV-0002
VLXL,CN-0235
VLXL,MV-0001
VLXL,FJDG
VLXL,VNDH
VLXL,VYMD
VLXL,AZ-0003
VLXL,TW-0001
VLXL,VNDP
LLEK,LLET
LLEK,IQ-0043
LLEK,IQ-0029
LLEK,VYLS
LLEK,MV-0003
LLEK,MV-0008
LLEK,TW-0032
LLEK,VNLD
LLEK,LB-0008
LLEK,TW-0039
LLEK,IL-0011
LLEK,LLMR
LLEK,KH-0002
LLEK,MV-0004
LLEK,ZSJD
LLEK,LLMG
LLEK,AZ-0006
LLEK,VNPK
LLEK,ORMM
LLEK,VNLT
LLEK,MV-0010
LLEK,TL-0002
LLEK,VYPT
LLEK,WPDL
LLEK,LLBS
LLEK,RCMS
LLEK,VYPK
LL59,ORKK
LL59,AZ-0001
LL59,TW-0058
LL59,OMY
LL59,LLBO
LL59,CY-0044
LL59,VYSA
LL59,VDRK
LL59,VY02
LL59,RCMT
LL59,TW-0062
LL59,AZ-0006
LL59,VNMN
LL59,ORBD
LL59,UBBQ
LL59,CY-0008
LL59,LCLK
LL59,AZ-0018
LL59,VYBG
LL59,VDSV
LL59,VNTR
LL59,VDSY
LLET,IQ-0005
LLET,LLEK
LLET,CY-0025
LLET,VRMD
LLET,VYPT
LLET,WPDB
LLET,ORSH
LLET,VRMG
LLET,AEQ
LLET,AXF
LLET,IQ-0032
LLET,RCXY
LLET,LA-0005
LLET,VRMO
LLET,ID-KCI
LLET,LCEN
LLET,CY-0050
RCAY,CY-0001
RCAY,AM-0001
RCAY,VYLN
RCAY,ORSH
RCAY,AZ-0012
RCAY,IL-0003
RCAY,WPOC
RCAY,CY-0050
RCAY,LCEN
RCAY,CN-0331
RCAY,ORSU
RCAY,OLKA
RCAY,VNBR
RCAY,TW-0001
RCAY,ZGLD
RCAY,RCMT
RCAY,LLBS
RCAY,TW-CMJ
RCAY,VRMG
RCAY,VRDA
RCAY,LA-0004
RCAY,LL1B
RCAY,VY02
RCAY,VRMO
RCAY,CY-NIC
RCAY,OMY
RCAY,UDSG
RCAY,LLMZ
VRDA,AM-0006
VRDA,IL-0012
VRDA,VNPL
VRDA,IQ-0043
VRDA,ORKK
VRDA,ORSH
VRDA,ORTI
VRDA,VYMK
VRDA,IL-0003
VRDA,MV-0002
VRDA,VNDH
VRDA,RCLG
VRDA,RCAY
VRDA,LA-0007
VRDA,LLMZ
VRDA,TW-0004
VRDA,IQ-0029
VRDA,IQ-0051
VRDA,CN-0235
VRDA,OLRA
VRDA,CY-NIC
VRDA,KMT
VRDA,VDPP
VRDA,UBBQ
VRDA,LA-0005
VRDA,LA-0001
VRDA,CN-0019
WPMN,AZ-0016
WPMN,AM-0002
WPMN,WPOC
WPMN,VNTH
WPMN,VYPY
WPMN,VLOS
WPMN,CY-0004
WPMN,IQ-0043
WPMN,VNVT
WPMN,VLAP
WPMN,VYEL
WPMN,RCMS
WPMN,IQ-0019
WPMN,UBBG
WPMN,ZUBJ
WPMN,IL-0003
WPMN,LB-0005
WPMN,LA-0002
WPMN,AZ-0001
WPMN,RCNN
WPMN,UD21
WPMN,CY-0006
WPMN,LB-0004
WPMN,TW-0063
WPMN,VDPP
WPMN,OLRA
WPMN,IQ-0005
UG11,LB-0005
UG11,VNLD
UG11,VLSK
UG11,ORDD
UG11,VYMK
UG11,VRMV
UG11,VDPP
UG11,IL-0011
UG11,IQ-0007
UG11,AXF
UG11,LLYO
UG11,VLLN
UG11,CY-0005
UG11,UBBA
UG11,CY-0003
UG11,VNSK
UG11,CN-0186
UG11,VY02
UG11,AZ-0018
UG11,VYSA
UG11,VYPT
UG11,OLBA
VNLD,UG11
VNLD,AM-0007
VNLD,VRAH
VNLD,IQ-0032
VNLD,TW-CMJ
VNLD,VNSI
VNLD,LLEK
VNLD,VYPY
VNLD,OMY
VNLD,LA-0007
VNLD,VYLN
VNLD,LLNV
VNLD,LB-0008
VNLD,WPFL
VNLD,FND
VNLD,LB-0004
VNLD,LCEN
VNLD,AM-0008
VNLD,TW-0001
VNLD,LLMG
VNLD,ORSH
VNLD,TW-0062
VNLD,WPAT
VNLD,CY-0007
VNLD,UDYZ
VNLD,TW-0058
VNLD,UBBZ
VNLD,VYBG
VNLD,VYMW
VNLD,IQ-0019
VNLD,VNTH
ZSJD,MV-0002
ZSJD,KH-0003
ZSJD,VRNT
ZSJD,TW-0007
ZSJD,CY-0079
ZSJD,TW-0063
ZSJD,CY-0070
ZSJD,SY-0028
ZSJD,KH-0002
ZSJD,TW-0055
ZSJD,VYMW
ZSJD,VNSI
ZSJD,LLEK
ZSJD,VLXK
ZSJD,LLMZ
ZSJD,AZ-0018
ZSJD,WPAT
ZSJD,VRMG
ZSJD,CY-0025
ZSJD,CY-0001
ZSJD,VYLN
ZSJD,CY-0004
ZSJD,CN-0110
ZSJD,TW-0053
VYAS,ORAA
VYAS,AXF
VYAS,CY-0050
VYAS,LLMR
VYAS,VYHN
VYAS,LL1B
VYAS,VNPK
VYAS,ORKK
VYAS,CN-0019
VYAS,ORBD
VYAS,VLXL
VYAS,VNTH
VYAS,CN-0235
VYAS,VRQM
VYAS,AZ-0012
VYAS,RCXY
VYAS,LB-0005
VYAS,AZ-0013
VYAS,TW-0053
VYAS,MV-0011
VYAS,AM-0006
VYAS,UGEJ
VYAS,VYPU
VYAS,WPFL
VYAS,MV-0001
VYAS,LLBO
VYAS,AM-0001
VYPU,LLTN
VYPU,VYHN
VYPU,LB-0004
VYPU,VNMG
VYPU,ZUBJ
VYPU,UGEJ
VYPU,CY-0002
VYPU,VLXK
VYPU,VYAS
VYPU,VRMV
VYPU,VNPL
VYPU,WPFL
VYPY,ORSH
VYPY,ZUUU
VYPY,IQ-0051
VYPY,CN-0186
VYPY,CY-0006
VYPY,WPMN
VYPY,AM-0009
VYPY,VNLD
VYPY,IL-0004
VYPY,VLSN
VYPY,UBBG
VYPY,VRMD
VYPY,LB-0004
VYPY,VYLS
VYPY,LB-0006
VYPY,VLTK
VYPY,VDSY
VYPY,IQ-0019
VYPY,ZGLD
VYPY,VNPK
VYPY,VYHN
VYPY,IL-0008
VYPY,MV-0008
VY02,CY-0050
VY02,IQ-0005
VY02,VNPL
VY02,LLBS
VY02,VRMV
VY02,CY-NIC
VY02,UBBZ
VY02,OLKA
VY02,CN-0134
VY02,ZGLD
VY02,VLSN
VY02,LL59
VY02,CY-0002
VY02,RCAY
VY02,NP-0015
VY02,UG11
VY02,Z19O
VY02,IQ-0035
VY02,VNBW
VY02,CN-0359
CN-0331,TL-0001
CN-0331,VRAH
CN-0331,TW-0063
CN-0331,CY-0079
CN-0331,CY-0041
CN-0331,LA-0003
CN-0331,IQ-0051
CN-0331,CY-0070
CN-0331,VYPK
CN-0331,LA-0001
CN-0331,VNBW
CN-0331,RCAY
CN-0331,WPDB
CN-0331,VNMG
CN-0331,AM-0007
CN-0331,ZGLD
CN-0331,VLSN
CN-0331,WPAT
CN-0331,VNBR
CN-0331,IQ-0019
CN-0331,VNCG
CN-0331,UGEJ
CN-0331,CN-0110
CN-0331,AZ-0016
CN-0331,AM-0001
VYPT,ZHHH
VYPT,AZ-0016
VYPT,AZ-0010
VYPT,ORMM
VYPT,CY-0006
VYPT,AZ-0001
VYPT,VLPV
VYPT,UDYE
VYPT,IQ-0007
VYPT,VNTH
VYPT,LLET
VYPT,LLBG
VYPT,MV-0011
VYPT,TW-CMJ
VYPT,OLBA
VYPT,AZ-0018
VYPT,VYLN
VYPT,VNVT
VYPT,RCKU
VYPT,VYPK
VYPT,VNBP
VYPT,VDSR
VYPT,LA-0005
VYPT,VDRK
VYPT,CN-0235
VYPT,VYTY
VYPT,AM-0008
VYPT,VREI
VYPT,IQ-0035
VYPT,TW-0055
VYPT,LLEK
VYPT,LLMR
VYPT,VNMA
VYPT,VRMV
VYPT,UG11
VYPT,CY-0050
VYPT,TW-0001
VYPT,VYPE
OMY,ZUUU
OMY,ORBD
OMY,IL-0011
OMY,FJDG
OMY,IQ-0029
OMY,VLVT
OMY,IQ-0051
OMY,TW-0032
OMY,UDSG
OMY,CY-0008
OMY,VNMN
OMY,AZ-0010
OMY,VRAH
OMY,OLKA
OMY,LL59
OMY,VNLD
OMY,VDSR
OMY,CY-0007
OMY,IQ-0010
OMY,RCAY
OMY,ORQW
OMY,TW-0003
OMY,VRQM
OMY,IQ-0043
OMY,ORMM
OMY,KH-0001
OMY,VYLN
OMY,UBBQ
OMY,LB-0004
OMY,CN-0359
OMY,CY-0044
LCEN,ORDD
LCEN,VDSV
LCEN,VNSK
LCEN,UBEE
LCEN,VNPL
LCEN,TL-0002
LCEN,RCAY
LCEN,VRMM
LCEN,AZ-0003
LCEN,OLKA
LCEN,LLMR
LCEN,TW-0004
LCEN,CY-NIC
LCEN,VYEL
LCEN,ZBAD
LCEN,TW-0063
LCEN,VNLD
LCEN,ORQW
LCEN,OLBA
LCEN,LCPH
LCEN,VLTK
LCEN,TW-0062
LCEN,CN-0110
LCEN,LA-0003
LCEN,LLHA
LCEN,LLET
LCEN,IQ-0009
WPOC,VLOS
WPOC,UGEJ
WPOC,MV-0011
WPOC,CN-0019
WPOC,OLRA
WPOC,WPMN
WPOC,VNMG
WPOC,RCAY
WPOC,ZGLD
WPOC,TW-0039
WPOC,TW-0003
WPOC,VYTY
WPOC,ID-KCI
WPOC,TW-0004
WPOC,VRMG
WPOC,LA-0003
WPOC,VLSN
WPOC,IQ-0035
WPOC,AZ-0016
WPOC,VYHN
WPOC,RCXY
WPOC,VRMV
WPOC,CY-0005
WPOC,LB-0004
WPOC,VLXK
WPOC,WPDL
CY-0002,WPAT
CY-0002,VYMH
CY-0002,AZ-0010
CY-0002,ORQW
CY-0002,CY-0079
CY-0002,VDPP
CY-0002,LA-0001
CY-0002,VNMN
CY-0002,UB12
CY-0002,VDBG
CY-0002,VYPU
CY-0002,LCLK
CY-0002,VY02
CY-0002,TW-0032
CY-0002,IQ-0016
CY-0002,IQ-0032
CY-0002,UDYE
CY-0002,LB-0008
CY-0002,CN-0059
CY-0002,CY-0006
CY-0002,VLSK
VREI,OLKA
VREI,MV-0003
VREI,ORQW
VREI,VYLN
VREI,UBBZ
VREI,SY-0028
VREI,VRMM
VREI,CY-0025
VREI,CY-0003
VREI,CN-0284
VREI,VYPT
VREI,IQ-0051
VREI,VYSA
VREI,VNVT
VREI,CY-0008
VREI,VRMU
VREI,IQ-0005
VREI,CN-0283
VREI,VYLS
CY-0001,VYPE
CY-0001,RCAY
CY-0001,AZ-0012
CY-0001,VLSK
CY-0001,VDRK
CY-0001,VRMD
CY-0001,CN-0359
CY-0001,WPFL
CY-0001,AZ-0013
CY-0001,VDKT
CY-0001,VRMU
CY-0001,ZGLD
CY-0001,AM-0009
CY-0001,UD21
CY-0001,CN-0019
CY-0001,CY-0007
CY-0001,ZHHH
CY-0001,RCXY
CY-0001,ZSJD
CY-0001,VYEL
CY-0001,TW-0039
CY-0001,LCPH
CY-0001,ORAA
CY-0001,VNMA
CY-0004,UDLS
CY-0004,Z19O
CY-0004,VLSV
CY-0004,IQ-0007
CY-0004,WPMN
CY-0004,VDKC
CY-0004,VYBG
CY-0004,KH-0001
CY-0004,RCNN
CY-0004,VLPV
CY-0004,KH-0003
CY-0004,ZSJD
CY-0004,AZ-0012
CY-0004,VDKK
CY-0004,LA-0002
CY-0004,LCRA
CY-0003,WPDL
CY-0003,LCPH
CY-0003,AZ-0016
CY-0003,VNCG
CY-0003,RCNN
CY-0003,CN-0040
CY-0003,LLHA
CY-0003,VLXL
CY-0003,MV-0004
CY-0003,LB-0008
CY-0003,SY-0028
CY-0003,UG11
CY-0003,VREI
CY-0003,ORAA
CY-0003,MV-0002
CY-0003,AZ-0009
CY-0003,AM-0008
CY-0003,LB-0006
CY-0003,CY-0079
CY-0006,AM-0003
CY-0006,VNBP
CY-0006,TW-0053
CY-0006,RCLG
CY-0006,VYPT
CY-0006,VYPY
CY-0006,CY-0070
CY-0006,LCRA
CY-0006,TW-0007
CY-0006,VYSA
CY-0006,MV-0001
CY-0006,VDSY
CY-0006,VRMV
CY-0006,CN-0110
CY-0006,KH-0003
CY-0006,IQ-0009
CY-0006,UD21
CY-0006,IQ-0051
CY-0006,LB-0006
CY-0006,CN-0059
CY-0006,WPMN
CY-0006,VLPV
CY-0006,VLTK
CY-0006,CY-NIC
CY-0006,CY-0002
CY-0006,VYTN
CY-0006,AZ-0012
CY-0005,LA-0003
CY-0005,WPDB
CY-0005,AM-0008
CY-0005,MV-0002
CY-0005,WPDL
CY-0005,LA-0007
CY-0005,MV-0010
CY-0005,FJDG
CY-0005,ORSU
CY-0005,VYTY
CY-0005,UG11
CY-0005,VYEL
CY-0005,VDBG
CY-0005,CN-0059
CY-0005,VNSI
CY-0005,AXF
CY-0005,MV-0004
CY-0005,AM-0004
CY-0005,ZBAD
CY-0005,ZHHH
CY-0005,VNVT
CY-0005,VYMH
CY-0005,VNMN
CY-0005,VDKC
CY-0005,WPOC
CY-0005,TL-0002
CY-0005,VNCG
CY-0005,IL-0003
CY-0005,AZ-0012
CY-0005,UBBG
CY-0005,TW-0039
CY-0005,CY-NIC
CY-0005,IQ-0051
CY-0005,VRAH
CY-0005,UBEE
CY-0008,VRAH
CY-0008,ORSH
CY-0008,LLMZ
CY-0008,TW-0055
CY-0008,VYTY
CY-0008,OMY
CY-0008,VNTH
CY-0008,AM-0008
CY-0008,VLAP
CY-0008,LB-0008
CY-0008,RCNN
CY-0008,IQ-0005
CY-0008,CN-0235
CY-0008,LL59
CY-0008,VDRK
CY-0008,VREI
CY-0008,VYLN
CY-0008,TW-0007
CY-0008,IL-0004
CY-0007,UBBG
CY-0007,ORDD
CY-0007,ZHHH
CY-0007,VLSN
CY-0007,OLBA
CY-0007,VNSI
CY-0007,TL-0002
CY-0007,TW-0039
CY-0007,TW-0003
CY-0007,TW-0001
CY-0007,CN-0284
CY-0007,RCXY
CY-0007,WPFL
CY-0007,TW-0055
CY-0007,VYMW
CY-0007,LCPH
CY-0007,OMY
CY-0007,CN-0059
CY-0007,VRMU
CY-0007,UBBA
CY-0007,UGEJ
CY-0007,CY-0001
CY-0007,VNLD
CY-0007,LA-0004
CY-0007,ORKK
CY-0007,ZUBJ
CY-0007,VLPV
CY-0007,CN-0040
CY-0007,ORBD
CY-0007,VRMM
IQ-0051,AZ-0013
IQ-0051,LB-0007
IQ-0051,LLMZ
IQ-0051,IL-0012
IQ-0051,VYLS
IQ-0051,CN-0331
IQ-0051,VYPY
IQ-0051,OMY
IQ-0051,WPDB
IQ-0051,ORBD
IQ-0051,VLSV
IQ-0051,LA-0006
IQ-0051,VLLN
IQ-0051,TW-0039
IQ-0051,MV-0002
IQ-0051,UDLS
IQ-0051,IQ-0043
IQ-0051,CY-NIC
IQ-0051,TL-0002
IQ-0051,VDKC
IQ-0051,KH-0003
IQ-0051,AM-0009
IQ-0051,CY-0006
IQ-0051,VRDA
IQ-0051,LLMR
IQ-0051,VREI
IQ-0051,FND
IQ-0051,TW-0003
IQ-0051,TW-0032
IQ-0051,IQ-0032
IQ-0051,CY-0005
IQ-0051,TW-CMJ
VYTN,VNMG
VYTN,IL-0011
VYTN,VYLS
VYTN,TW-0055
VYTN,TW-0063
VYTN,CN-0283
VYTN,VLXL
VYTN,MV-0001
VYTN,TW-0003
VYTN,LLBS
VYTN,IL-0008
VYTN,CN-0019
VYTN,VLTK
VYTN,ORSH
VYTN,AM-0007
VYTN,KMT
VYTN,VNRB
VYTN,TW-0001
VYTN,LA-0003
VYTN,ORDD
VYTN,CY-0006
VYTN,WPFL
SY-0028,LCPH
SY-0028,WPFL
SY-0028,OLRA
SY-0028,LA-0005
SY-0028,IL-0004
SY-0028,AM-0007
SY-0028,VRMM
SY-0028,LA-0007
SY-0028,VNBW
SY-0028,AZ-0006
SY-0028,CN-0235
SY-0028,OLKA
SY-0028,ZSJD
SY-0028,VDSR
SY-0028,CY-0003
SY-0028,VREI
SY-0028,ORQW
SY-0028,TL-0001
SY-0028,UBBZ
SY-0028,VRMG
SY-0028,IQ-0035
SY-0028,LL1B
SY-0028,MV-0002
SY-0028,ID-KCI
SY-0028,VNDH
SY-0028,VYMW
SY-0028,VYMH
SY-0028,VYPK
SY-0028,FND
SY-0028,UGEJ
SY-0028,VLAP
SY-0028,ZBAD
SY-0028,VNDP
SY-0028,LLMG
SY-0028,LLTN
LLHA,VLSV
LLHA,CY-0079
LLHA,AZ-0004
LLHA,IQ-0032
LLHA,CY-0003
LLHA,KMT
LLHA,AZ-0006
LLHA,LLBO
LLHA,TW-CMJ
LLHA,VYLS
LLHA,WPDB
LLHA,AZ-0016
LLHA,TW-0032
LLHA,AZ-0009
LLHA,VYMK
LLHA,LCPH
LLHA,IQ-0016
LLHA,VLSK
LLHA,LCEN
LLHA,AZ-0012
ID-KCI,TW-0003
ID-KCI,VYTY
ID-KCI,VYMW
ID-KCI,AM-0003
ID-KCI,VRMO
ID-KCI,LB-0007
ID-KCI,AM-0001
ID-KCI,WPOC
ID-KCI,UGEJ
ID-KCI,IQ-0019
ID-KCI,TW-0001
ID-KCI,VNVT
ID-KCI,VRMH
ID-KCI,KH-0002
ID-KCI,AXF
ID-KCI,VNDP
ID-KCI,WPEC
ID-KCI,VNCG
ID-KCI,VNRB
ID-KCI,SY-0028
ID-KCI,VYMK
ID-KCI,TW-0055
ID-KCI,ZHHH
ID-KCI,IL-0008
ID-KCI,LLET
ID-KCI,RCLG
VYBG,MV-0010
VYBG,VRMH
VYBG,WPEC
VYBG,AZ-0001
VYBG,LB-0006
VYBG,LCLK
VYBG,VNRB
VYBG,VRMU
VYBG,YYA
VYBG,CY-0004
VYBG,CN-0186
VYBG,AZ-0012
VYBG,TW-0055
VYBG,AM-0005
VYBG,VDSV
VYBG,MV-0003
VYBG,ZUUU
VYBG,TW-0004
VYBG,VRMV
VYBG,CN-0134
VYBG,WPDL
VYBG,VYSA
VYBG,VDMK
VYBG,AZ-0018
VYBG,LCPH
VYBG,AM-0007
VYBG,CN-0283
VYBG,LL59
VYBG,VNLD
VYBG,ZUBJ
VYBG,TW-0006
VNMA,LCRA
VNMA,AZ-0018
VNMA,LB-0004
VNMA,CN-0359
VNMA,VNCG
VNMA,Z19O
VNMA,VNMN
VNMA,AZ-0016
VNMA,MV-0010
VNMA,VRAH
VNMA,LB-0006
VNMA,IQ-0035
VNMA,VRMO
VNMA,VYMH
VNMA,LLNV
VNMA,VNPK
VNMA,IL-0008
VNMA,TW-0063
VNMA,AM-0004
VNMA,VYPT
VNMA,CY-0001
VNMA,UDLS
VNMA,LB-0005
VNMA,IL-0006
VNMA,VYPE
FJDG,LLMZ
FJDG,ORSU
FJDG,OMY
FJDG,TW-0001
FJDG,MV-0011
FJDG,CY-0005
FJDG,CY-0070
FJDG,VRMU
FJDG,CN-0134
FJDG,LB-0008
FJDG,AZ-0004
FJDG,WPDL
FJDG,IL-0011
FJDG,VLSV
FJDG,UBEE
FJDG,VLXL
FJDG,TW-0063
FJDG,VLSN
FJDG,TW-0004
FJDG,KMT
VNLT,VLXL
VNLT,UDLS
VNLT,LLBS
VNLT,ORKK
VNLT,TW-0039
VNLT,VDSV
VNLT,RCKU
VNLT,AZ-0010
VNLT,CY-0070
VNLT,LLMG
VNLT,LLMR
VNLT,VYPK
VNLT,CN-0040
VNLT,VDKC
VNLT,AZ-0001
VNLT,UB14
VNLT,LB-0004
VNLT,WPEC
VNLT,CN-0059
VNLT,UDYZ
VNLT,IQ-0016
VNLT,LLEK
VNLT,AZ-0016
VNLT,VNTH
VNLT,VNMG
VNLT,ORAA
VLHS,LLMG
VLHS,VYLS
VLHS,VRMU
VLHS,ORTI
VLHS,UB14
VLHS,VNSI
VLHS,LA-0006
VLHS,TW-0006
VLHS,CN-0284
VLHS,VLAP
VLHS,LA-0004
VLHS,WPFL
VLHS,VDMK
VLHS,NP-0015
VLHS,RCMT
VLHS,YYA
VLHS,CN-0110
VLHS,LB-0005
UDLS,VNLT
UDLS,CY-0004
UDLS,AZ-0016
UDLS,UGEJ
UDLS,PCQ
UDLS,LLBS
UDLS,LCPH
UDLS,AZ-0018
UDLS,AM-0009
UDLS,VRMM
UDLS,CY-0041
UDLS,IQ-0051
UDLS,IQ-0019
UDLS,LA-0003
UDLS,CN-0134
UDLS,VNBW
UDLS,TW-0006
UDLS,VYLN
UDLS,UBBQ
UDLS,UBEE
UDLS,VNDP
UDLS,VNMA
UDLS,IQ-0029
LB-0004,ZBAD
LB-0004,CY-0044
LB-0004,WPEC
LB-0004,VLPV
LB-0004,VNMA
LB-0004,IL-0003
LB-0004,IL-0008
LB-0004,TW-0007
LB-0004,VYPU
LB-0004,PCQ
LB-0004,RCLG
LB-0004,VNRB
LB-0004,CN-0059
LB-0004,ORKK
LB-0004,VNLD
LB-0004,VYPY
LB-0004,VNLT
LB-0004,MV-0003
LB-0004,CY-0071
LB-0004,CY-0050
LB-0004,WPOC
LB-0004,WPMN
LB-0004,OMY
LB-0004,IQ-0005
VNMN,LCLK
VNMN,TW-0058
VNMN,IL-0008
VNMN,IL-0004
VNMN,VYMW
VNMN,CY-0002
VNMN,IQ-0035
VNMN,OMY
VNMN,ORBD
VNMN,VNDP
VNMN,AM-0007
VNMN,VNMA
VNMN,CY-0041
VNMN,AZ-0006
VNMN,AM-0006
VNMN,ZGLD
VNMN,TW-0007
VNMN,CY-0005
VNMN,LL59
VNMN,ORKK
VNMN,IL-0003
VNMN,TW-0063
VNMN,VNMG
VNMN,VRMU
VNMN,OLKA
VNMN,IQ-0005
VNMN,AM-0001
VNMN,AZ-0010
IQ-0043,LLEK
IQ-0043,AM-0005
IQ-0043,VDSA
IQ-0043,CN-0359
IQ-0043,VRDA
IQ-0043,RCNN
IQ-0043,VYPE
IQ-0043,VDKH
IQ-0043,CY-0071
IQ-0043,WPMN
IQ-0043,IQ-0016
IQ-0043,UBEE
IQ-0043,VYLN
IQ-0043,ORAA
IQ-0043,VDKT
IQ-0043,MV-0008
IQ-0043,IQ-0051
IQ-0043,VRMD
IQ-0043,VRMO
IQ-0043,VDRK
IQ-0043,RCLG
IQ-0043,UB18
IQ-0043,OMY
IQ-0043,AZ-0013
IQ-0043,IQ-0010
IQ-0043,IL-0004
IQ-0043,ZUBJ
LB-0007,IQ-0051
LB-0007,LB-0008
LB-0007,KH-0001
LB-0007,LA-0001
LB-0007,VLSK
LB-0007,VLSN
LB-0007,IQ-0019
LB-0007,ID-KCI
LB-0007,LB-0006
LB-0007,VNVT
LB-0007,MV-0008
LB-0007,WPDB
LB-0007,VNBW
LB-0007,VNSI
LB-0007,TW-0001
LB-0007,YYA
LB-0007,VRAH
LB-0007,AZ-0001
LB-0007,LA-0005
LB-0007,WPAT
LB-0007,IL-0008
LB-0007,MV-0004
LB-0007,KH-0002
LB-0007,CY-0079
LB-0008,LB-0007
LB-0008,VDKK
LB-0008,IQ-0035
LB-0008,RCMS
LB-0008,KH-0001
LB-0008,AM-0009
LB-0008,OLRA
LB-0008,VYSA
LB-0008,LA-0003
LB-0008,LLEK
LB-0008,VDSY
LB-0008,AM-0002
LB-0008,VYMK
LB-0008,VDSR
LB-0008,CY-0003
LB-0008,VNLD
LB-0008,FJDG
LB-0008,IQ-0005
LB-0008,VNSK
LB-0008,PCQ
LB-0008,CY-0008
LB-0008,WPDL
LB-0008,TW-0062
LB-0008,OLBA
LB-0008,MV-0004
LB-0008,CY-0002
LB-0008,AXF
LB-0008,VLSV
LB-0008,LB-0005
LB-0008,AZ-0012
LB-0008,LLBO
LB-0008,CN-0040
NP-0015,WPVQ
NP-0015,LA-0003
NP-0015,LA-0006
NP-0015,AZ-0015
NP-0015,CN-0186
NP-0015,WPAT
NP-0015,VLSV
NP-0015,IL-0003
NP-0015,LLYO
NP-0015,VDKT
NP-0015,AZ-0004
NP-0015,KH-0003
NP-0015,AM-0002
NP-0015,CN-0359
NP-0015,VY02
NP-0015,VLHS
NP-0015,LLBO
NP-0015,ORSU
NP-0015,VNSI
NP-0015,VDSY
LB-0005,TW-0058
LB-0005,UG11
LB-0005,IL-0004
LB-0005,LA-0001
LB-0005,VDKC
LB-0005,RCLG
LB-0005,VYPE
LB-0005,LLMZ
LB-0005,UDSG
LB-0005,MV-0003
LB-0005,VDSR
LB-0005,VLAP
LB-0005,VNTR
LB-0005,VYAS
LB-0005,UBBA
LB-0005,WPMN
LB-0005,CN-0283
LB-0005,VRMM
LB-0005,VDSA
LB-0005,LB-0008
LB-0005,AZ-0012
LB-0005,VLHS
LB-0005,VNMA
LB-0006,VLAP
LB-0006,VYMK
LB-0006,VNRB
LB-0006,IL-0011
LB-0006,LLBG
LB-0006,AM-0006
LB-0006,UBBQ
LB-0006,VYBG
LB-0006,UD21
LB-0006,LB-0007
LB-0006,AM-0004
LB-0006,AM-0008
LB-0006,LA-0007
LB-0006,CY-0044
LB-0006,VLLN
LB-0006,VNMA
LB-0006,VYPY
LB-0006,ORKK
LB-0006,AM-0007
LB-0006,CY-0006
LB-0006,TL-0001
LB-0006,VDSA
LB-0006,LLMG
LB-0006,CY-0003
LB-0006,CY-0071
LB-0006,AEQ
VYSA,MV-0001
VYSA,VLSK
VYSA,RCNN
VYSA,RCMT
VYSA,TW-CMJ
VYSA,LB-0008
VYSA,VLOS
VYSA,VRQM
VYSA,AZ-0003
VYSA,CY-0006
VYSA,LL59
VYSA,VLSN
VYSA,AZ-0015
VYSA,AM-0005
VYSA,VYBG
VYSA,AZ-0016
VYSA,AZ-0009
VYSA,VREI
VYSA,CN-0134
VYSA,UBBA
VYSA,VRMH
VYSA,IQ-0035
VYSA,UG11
VNMG,UD21
VNMG,VYTN
VNMG,UBEE
VNMG,VDKT
VNMG,WPOC
VNMG,VRMM
VNMG,VYPU
VNMG,KH-0002
VNMG,TW-0003
VNMG,CN-0331
VNMG,KMT
VNMG,UB14
VNMG,CN-0110
VNMG,ORBD
VNMG,VRQM
VNMG,UBBQ
VNMG,IQ-0016
VNMG,VNMN
VNMG,ZBAD
VNMG,VNLT
VNMG,AZ-0001
VNMG,TL-0001
FND,VYEL
FND,LLBG
FND,VNDP
FND,WPDB
FND,LL1B
FND,UB12
FND,UBBZ
FND,VNBR
FND,TW-0004
FND,AZ-0012
FND,VLXL
FND,IL-0008
FND,TL-0002
FND,VLSN
FND,LLYO
FND,MV-0011
FND,AZ-0006
FND,VNLD
FND,AM-0003
FND,VDPP
FND,CY-0050
FND,CN-0359
FND,AM-0001
FND,IQ-0016
FND,AZ-0018
FND,IQ-0019
FND,VYMH
FND,AM-0009
FND,IQ-0051
FND,WPDL
FND,IL-0011
FND,SY-0028
FND,UGEJ
VYEL,VNDP
VYEL,FND
VYEL,WPDB
VYEL,RCXY
VYEL,CN-0059
VYEL,VNSK
VYEL,TW-0006
VYEL,WPMN
VYEL,CY-0005
VYEL,LCEN
VYEL,VLPV
VYEL,ORMM
VYEL,IL-0012
VYEL,YYA
VYEL,VRMO
VYEL,CY-0001
VYEL,VYMH
VYEL,VNPK
VYEL,VRMG
VYEL,AZ-0003
VYEL,VNTR
ZHHH,VLXK
ZHHH,VYPT
ZHHH,VDPP
ZHHH,CN-0284
ZHHH,CY-0007
ZHHH,LLMR
ZHHH,AZ-0016
ZHHH,TW-0055
ZHHH,VNVT
ZHHH,VRAH
ZHHH,IL-0003
ZHHH,LLBS
ZHHH,AZ-0009
ZHHH,IQ-0010
ZHHH,WPAT
ZHHH,IL-0011
ZHHH,UD21
ZHHH,VYPK
ZHHH,UBBG
ZHHH,VDSA
ZHHH,CY-0005
ZHHH,AM-0006
ZHHH,ZUUU
ZHHH,CY-0001
ZHHH,UB18
ZHHH,CN-0040
ZHHH,ID-KCI
LA-0005,LLMR
LA-0005,TL-0001
LA-0005,VNPL
LA-0005,ORTI
LA-0005,SY-0028
LA-0005,ORBD
LA-0005,AZ-0009
LA-0005,VDMK
LA-0005,VNDH
LA-0005,UBBG
LA-0005,LLYO
LA-0005,LLET
LA-0005,VYPT
LA-0005,VDKH
LA-0005,VDSR
LA-0005,LB-0007
LA-0005,CY-NIC
LA-0005,VRDA
LA-0005,RCMS
LA-0005,CN-0359
LA-0004,LA-0002
LA-0004,TW-0004
LA-0004,WPFL
LA-0004,ZUUU
LA-0004,AZ-0003
LA-0004,AM-0004
LA-0004,VLSN
LA-0004,VNPL
LA-0004,UDSG
LA-0004,VLHS
LA-0004,ORKK
LA-0004,LLMG
LA-0004,VNDH
LA-0004,UDYZ
LA-0004,TW-0053
LA-0004,RCAY
LA-0004,VNSK
LA-0004,OLRA
LA-0004,IQ-0035
LA-0004,RCNN
LA-0004,CY-0007
LA-0004,VYTY
LA-0004,CY-0041
LA-0004,VRMD
LA-0007,AZ-0001
LA-0007,RCKU
LA-0007,AZ-0010
LA-0007,AZ-0018
LA-0007,SY-0028
LA-0007,CY-0005
LA-0007,WPEC
LA-0007,LB-0006
LA-0007,VNLD
LA-0007,ORMM
LA-0007,VRDA
LA-0007,VLSK
LA-0007,UB14
LA-0007,VDKK
LA-0007,CN-0040
LA-0007,MV-0003
LA-0007,VLAP
LA-0007,TW-0055
LA-0007,WPVQ
LA-0007,TW-0053
LA-0007,AEQ
LA-0007,CY-0079
LA-0007,OLRA
LA-0007,LLTN
LA-0007,AM-0002
LA-0007,CY-0071
LA-0007,TW-0004
LA-0007,TW-0039
LA-0006,VDKT
LA-0006,AZ-0013
LA-0006,NP-0015
LA-0006,ZGLD
LA-0006,VLHS
LA-0006,ZUUU
LA-0006,IQ-0051
LA-0006,ZUBJ
LA-0006,UBBZ
LA-0006,VLSN
LA-0006,CY-0079
LA-0006,TW-CMJ
LA-0006,UDSG
LA-0006,AZ-0012
LA-0006,LLMZ
LA-0006,ZBAD
LA-0006,VLLN
LA-0006,VNVT
LA-0006,LA-0001
LA-0006,OLKA
LA-0006,AM-0002
LA-0006,CN-0019
LA-0006,AM-0005
LA-0006,MV-0001
LA-0006,IQ-0016
LA-0006,VYPE
LA-0001,IL-0004
LA-0001,ZUBJ
LA-0001,AM-0002
LA-0001,LB-0007
LA-0001,VRMG
LA-0001,LB-0005
LA-0001,CY-0002
LA-0001,CN-0331
LA-0001,TW-0039
LA-0001,TW-0053
LA-0001,CY-0044
LA-0001,AZ-0015
LA-0001,LLMR
LA-0001,CY-0079
LA-0001,UB12
LA-0001,LL1B
LA-0001,AM-0003
LA-0001,IQ-0035
LA-0001,WPDB
LA-0001,VRMV
LA-0001,LA-0006
LA-0001,LLMZ
LA-0001,RCXY
LA-0001,ORKK
LA-0001,VRDA
LA-0001,ORSU
LA-0003,NP-0015
LA-0003,CY-0005
LA-0003,VDBG
LA-0003,CN-0331
LA-0003,VRMG
LA-0003,IL-0008
LA-0003,LB-0008
LA-0003,LLNV
LA-0003,UDYE
LA-0003,VYLN
LA-0003,VNDH
LA-0003,LCLK
LA-0003,WPOC
LA-0003,KH-0003
LA-0003,IQ-0009
LA-0003,VRMM
LA-0003,AM-0001
LA-0003,UB14
LA-0003,UDLS
LA-0003,WPVQ
LA-0003,LCEN
LA-0003,VNPK
LA-0003,VDSR
LA-0003,VYTN
LA-0003,UD21
LA-0002,IL-0011
LA-0002,LA-0004
LA-0002,IQ-0035
LA-0002,VNTR
LA-0002,UBBZ
LA-0002,WPDB
LA-0002,LLBS
LA-0002,VNTH
LA-0002,IQ-0016
LA-0002,IQ-0007
LA-0002,CN-0110
LA-0002,AZ-0004
LA-0002,VYMS
LA-0002,IL-0004
LA-0002,WPMN
LA-0002,VYMK
LA-0002,IL-0008
LA-0002,CY-0004
LA-0002,AZ-0010
UGEJ,WPOC
UGEJ,VYPE
UGEJ,TW-0039
UGEJ,RCNN
UGEJ,UB12
UGEJ,UDLS
UGEJ,VLLN
UGEJ,ID-KCI
UGEJ,WPDB
UGEJ,VYPU
UGEJ,ZGLD
UGEJ,CY-0007
UGEJ,VDSV
UGEJ,VYAS
UGEJ,CN-0331
UGEJ,SY-0028
UGEJ,WPDL
UGEJ,FND
UGEJ,VLXK
UGEJ,AZ-0012
VLLN,IQ-0035
VLLN,AZ-0003
VLLN,ORSH
VLLN,UB12
VLLN,UGEJ
VLLN,AM-0004
VLLN,AZ-0012
VLLN,IQ-0051
VLLN,UG11
VLLN,CY-0070
VLLN,IL-0006
VLLN,VNDH
VLLN,AM-0003
VLLN,UBBA
VLLN,LLMR
VLLN,VNRB
VLLN,WPVQ
VLLN,LB-0006
VLLN,AM-0002
VLLN,TW-0001
VLLN,AEQ
VLLN,VDKH
VLLN,LA-0006
VLLN,VNCG
VLLN,RCMS
VLLN,UDSG
KH-0001,VYMK
KH-0001,CY-0050
KH-0001,CY-0079
KH-0001,CN-0284
KH-0001,IQ-0032
KH-0001,VLAP
KH-0001,LB-0007
KH-0001,CY-0070
KH-0001,UB18
KH-0001,LB-0008
KH-0001,VRQM
KH-0001,VYMS
KH-0001,MV-0008
KH-0001,ZUBJ
KH-0001,CY-0004
KH-0001,CY-0025
KH-0001,WPFL
KH-0001,VDMK
KH-0001,ORAA
KH-0001,VYLN
KH-0001,OMY
KH-0001,AZ-0006
KH-0001,RCKU
KH-0001,ORKK
KH-0002,UDYE
KH-0002,IL-0008
KH-0002,ORTI
KH-0002,WPEC
KH-0002,VLSK
KH-0002,ZGLD
KH-0002,CN-0186
KH-0002,KH-0003
KH-0002,Z19O
KH-0002,TL-0002
KH-0002,LLBO
KH-0002,VRMU
KH-0002,CN-0040
KH-0002,VNMG
KH-0002,IQ-0005
KH-0002,RCLG
KH-0002,ZSJD
KH-0002,LLEK
KH-0002,ID-KCI
KH-0002,MV-0002
KH-0002,VNBP
KH-0002,TW-0004
KH-0002,VDPP
KH-0002,WPDL
KH-0002,ZUBJ
KH-0002,LB-0007
KH-0002,VDSV
KH-0002,AZ-0010
KH-0002,IQ-0010
KH-0003,ZSJD
KH-0003,VLSV
KH-0003,AEQ
KH-0003,VRMH
KH-0003,VYPK
KH-0003,VYTY
KH-0003,KH-0002
KH-0003,MV-0010
KH-0003,MV-0001
KH-0003,VRQM
KH-0003,TW-0058
KH-0003,LA-0003
KH-0003,ORDD
KH-0003,VLSN
KH-0003,LLYO
KH-0003,NP-0015
KH-0003,CY-0006
KH-0003,IQ-0051
KH-0003,TL-0002
KH-0003,AZ-0016
KH-0003,CN-0040
KH-0003,AM-0007
KH-0003,CY-0004
KH-0003,VLAP
KH-0003,CN-0235
KH-0003,Z19O
VNPK,AM-0002
VNPK,VDSR
VNPK,UDYE
VNPK,MV-0002
VNPK,WPVQ
VNPK,VYAS
VNPK,ORSH
VNPK,AZ-0015
VNPK,VYPK
VNPK,VRMO
VNPK,LCLK
VNPK,UBBZ
VNPK,VDBG
VNPK,CN-0059
VNPK,VYLN
VNPK,LLEK
VNPK,VLPV
VNPK,VNTH
VNPK,KMT
VNPK,VNRB
VNPK,VNMA
VNPK,VYPY
VNPK,CY-0071
VNPK,LA-0003
VNPK,VYEL
VNPK,VYHN
VNPK,CY-NIC
VNPK,VNPL
VNPL,UB14
VNPL,RCMS
VNPL,VRDA
VNPL,LA-0005
VNPL,IQ-0029
VNPL,ORSH
VNPL,VY02
VNPL,LCEN
VNPL,MV-0008
VNPL,TW-0062
VNPL,LA-0004
VNPL,OLRA
VNPL,AZ-0003
VNPL,CN-0284
VNPL,TW-0001
VNPL,VRQM
VNPL,ORAA
VNPL,ORMM
VNPL,VYPU
VNPL,TW-0053
VNPL,AM-0006
VNPL,IL-0003
VNPL,VNPK
VYTY,ID-KCI
VYTY,TL-0002
VYTY,ORQW
VYTY,ZUBJ
VYTY,KH-0003
VYTY,AZ-0004
VYTY,VNRB
VYTY,CY-0008
VYTY,WPOC
VYTY,VNCG
VYTY,CN-0284
VYTY,CY-0005
VYTY,LL1B
VYTY,RCMT
VYTY,IQ-0035
VYTY,AZ-0016
VYTY,ORKK
VYTY,VRQM
VYTY,IL-0008
VYTY,IQ-0032
VYTY,VYPT
VYTY,OLKA
VYTY,PCQ
VYTY,LA-0004
VDKH,LLBG
VDKH,AM-0008
VDKH,ORSH
VDKH,CN-0059
VDKH,LLMG
VDKH,IQ-0043
VDKH,VNSI
VDKH,IL-0004
VDKH,VDSV
VDKH,CY-0071
VDKH,VRMG
VDKH,TW-CMJ
VDKH,TW-0004
VDKH,Z19O
VDKH,VRMV
VDKH,RCMS
VDKH,AEQ
VDKH,LA-0005
VDKH,VLLN
VDKH,UB14
VDKH,ORBD
VDKH,RCXY
VDKH,AZ-0018
VDKH,UDYE
VDKH,IQ-0019
Z19O,CY-0004
Z19O,RCMT
Z19O,VNTR
Z19O,VLSV
Z19O,VDKK
Z19O,VYMW
Z19O,KH-0002
Z19O,RCMS
Z19O,VNMA
Z19O,IL-0008
Z19O,LCLK
Z19O,VDKH
Z19O,LLTN
Z19O,AZ-0018
Z19O,WPEC
Z19O,TW-0001
Z19O,ORSU
Z19O,VLAP
Z19O,VY02
Z19O,AM-0006
Z19O,KH-0003
ORKK,ORQW
ORKK,LL59
ORKK,TW-0001
ORKK,VRDA
ORKK,VNLT
ORKK,ORDD
ORKK,VYAS
ORKK,IL-0008
ORKK,UDYZ
ORKK,LA-0004
ORKK,VYMW
ORKK,ZBAD
ORKK,LB-0004
ORKK,RCNN
ORKK,VYTY
ORKK,VRMO
ORKK,LB-0006
ORKK,VYLS
ORKK,VNMN
ORKK,VYMK
ORKK,CY-0007
ORKK,AM-0005
ORKK,LA-0001
ORKK,IQ-0032
ORKK,CY-0050
ORKK,KH-0001
ORKK,LLYO
VDKK,LB-0008
VDKK,AM-0006
VDKK,Z19O
VDKK,IL-0012
VDKK,TW-0032
VDKK,TW-0007
VDKK,VLXL
VDKK,AEQ
VDKK,CN-0110
VDKK,MV-0002
VDKK,UB12
VDKK,LA-0007
VDKK,ORQW
VDKK,WPVQ
VDKK,AM-0007
VDKK,VDSR
VDKK,WPDL
VDKK,CY-0004
VDKK,CN-0134
VDKK,CN-0284
VDKK,ZUUU
AEQ,TW-0063
AEQ,IL-0006
AEQ,KH-0003
AEQ,AZ-0006
AEQ,AM-0001
AEQ,VNTH
AEQ,IQ-0035
AEQ,VDKC
AEQ,LLMG
AEQ,WPFL
AEQ,CN-0040
AEQ,AM-0003
AEQ,VYPE
AEQ,LLET
AEQ,VDKK
AEQ,AM-0006
AEQ,VDKH
AEQ,VRMV
AEQ,CY-0025
AEQ,LA-0007
AEQ,VLLN
AEQ,VLAP
AEQ,UB12
AEQ,OLRA
AEQ,LB-0006
VDKC,VLVT
VDKC,VDRK
VDKC,AZ-0009
VDKC,VDMK
VDKC,CN-0186
VDKC,LB-0005
VDKC,CY-0004
VDKC,VNVT
VDKC,IQ-0019
VDKC,MV-0002
VDKC,AEQ
VDKC,LLYO
VDKC,VRMO
VDKC,VNLT
VDKC,AM-0003
VDKC,WPAT
VDKC,IQ-0051
VDKC,CY-0005
VDKC,TW-0007
VDKC,AZ-0001
VDKC,IQ-0009
LLYO,WPDB
LLYO,WPEC
LLYO,AM-0003
LLYO,IQ-0007
LLYO,LLTN
LLYO,IQ-0035
LLYO,AZ-0004
LLYO,NP-0015
LLYO,VDSV
LLYO,VRNT
LLYO,PCQ
LLYO,AZ-0009
LLYO,VDKC
LLYO,UG11
LLYO,OLBA
LLYO,FND
LLYO,VRMV
LLYO,LA-0005
LLYO,KH-0003
LLYO,ZBAD
LLYO,AZ-0001
LLYO,OLRA
LLYO,UBBZ
LLYO,VNBP
LLYO,VLSN
LLYO,VNRB
LLYO,VDMK
LLYO,TW-0063
LLYO,TL-0002
LLYO,ORKK
VDKT,WPFL
VDKT,LA-0006
VDKT,TW-0001
VDKT,VNBR
VDKT,VNMG
VDKT,OLKA
VDKT,LCLK
VDKT,LLTN
VDKT,LLBS
VDKT,ORSU
VDKT,CY-0001
VDKT,NP-0015
VDKT,LLMZ
VDKT,LLNV
VDKT,PCQ
VDKT,LLMR
VDKT,AM-0005
VDKT,AZ-0003
VDKT,IQ-0043
VDKT,RCNN
VDKT,ZBAD
VDKT,ORSH
VDKT,AM-0002
VDKT,VYLS
VDKT,UBBZ
VDKT,UB14
PCQ,IQ-0016
PCQ,LLTN
PCQ,VYMW
PCQ,UBBZ
PCQ,VRMH
PCQ,CY-0025
PCQ,TW-CMJ
PCQ,VNTH
PCQ,LB-0004
PCQ,LLYO
PCQ,UDLS
PCQ,VDSR
PCQ,IL-0004
PCQ,VDKT
PCQ,AM-0007
PCQ,VLAP
PCQ,CY-0044
PCQ,LB-0008
PCQ,IL-0011
PCQ,IL-0006
PCQ,TW-0039
PCQ,TW-0062
PCQ,OLRA
PCQ,WPDL
PCQ,AZ-0015
PCQ,VYTY
PCQ,TL-0001
PCQ,VLTK
VNRB,VDSA
VNRB,LLBO
VNRB,LB-0006
VNRB,UB14
VNRB,UBBZ
VNRB,VYTY
VNRB,VYBG
VNRB,RCLG
VNRB,LLMR
VNRB,TW-0058
VNRB,CN-0110
VNRB,VNBP
VNRB,CN-0283
VNRB,LB-0004
VNRB,MV-0011
VNRB,VLLN
VNRB,IL-0004
VNRB,IQ-0029
VNRB,AM-0008
VNRB,ID-KCI
VNRB,VDSY
VNRB,VNPK
VNRB,VRNT
VNRB,VNBW
VNRB,VYTN
VNRB,ORSU
VNRB,LLYO
VNRB,AZ-0013
VNRB,CY-0070
VNRB,CN-0019
RCXY,VNBW
RCXY,TW-0063
RCXY,VRMV
RCXY,VLXL
RCXY,VYEL
RCXY,TW-0006
RCXY,OLKA
RCXY,VLTK
RCXY,IQ-0010
RCXY,CY-0007
RCXY,LLET
RCXY,CY-0025
RCXY,WPOC
RCXY,ZUUU
RCXY,TW-0055
RCXY,VYAS
RCXY,UDSG
RCXY,UBBG
RCXY,CY-0001
RCXY,LCPH
RCXY,IL-0012
RCXY,TL-0002
RCXY,VDKH
RCXY,LA-0001
RCXY,WPFL
RCXY,AZ-0001
TW-CMJ,RCLG
TW-CMJ,CY-0041
TW-CMJ,VRMH
TW-CMJ,VYSA
TW-CMJ,LLMR
TW-CMJ,UDYZ
TW-CMJ,VNLD
TW-CMJ,PCQ
TW-CMJ,LLTN
TW-CMJ,WPDL
TW-CMJ,IL-0012
TW-CMJ,VDKH
TW-CMJ,VYPT
TW-CMJ,LA-0006
TW-CMJ,RCAY
TW-CMJ,LCRA
TW-CMJ,LLHA
TW-CMJ,IQ-0005
TW-CMJ,ORQW
TW-CMJ,VNTH
TW-CMJ,VRMG
TW-CMJ,OLRA
TW-CMJ,LLBO
TW-CMJ,OLKA
TW-CMJ,IQ-0051
VDMK,VNBP
VDMK,TW-0032
VDMK,UD21
VDMK,LLMZ
VDMK,UBBG
VDMK,UBBA
VDMK,VDKC
VDMK,CN-0059
VDMK,CY-0070
VDMK,LLBG
VDMK,LA-0005
VDMK,AZ-0013
VDMK,IQ-0016
VDMK,VRMD
VDMK,VYPK
VDMK,CN-0019
VDMK,VLAP
VDMK,KH-0001
VDMK,IQ-0010
VDMK,VLHS
VDMK,VYBG
VDMK,VRAH
VDMK,VYLS
VDMK,ORSH
VDMK,ZBAD
VDMK,ORTI
VDMK,AZ-0004
VDMK,LLYO
WPAT,ORBD
WPAT,CY-0002
WPAT,MV-0001
WPAT,VDBG
WPAT,NP-0015
WPAT,KMT
WPAT,CY-0079
WPAT,ZHHH
WPAT,CY-0044
WPAT,WPDL
WPAT,VDSR
WPAT,CN-0186
WPAT,VDKC
WPAT,VRMG
WPAT,TW-0039
WPAT,LL1B
WPAT,IQ-0019
WPAT,CN-0284
WPAT,CN-0331
WPAT,ORAA
WPAT,ZSJD
WPAT,VNDP
WPAT,VNLD
WPAT,AZ-0013
WPAT,LB-0007
WPAT,VNBW
WPAT,WPFL
WPAT,MV-0002
WPAT,UDSG
WPAT,RCLG
WPAT,VNCG
WPAT,UBBG
WPAT,AM-0003
ORMM,UB18
ORMM,UBBQ
ORMM,LL1B
ORMM,VRMO
ORMM,CN-0134
ORMM,VDSV
ORMM,UBBG
ORMM,VYPT
ORMM,CN-0019
ORMM,VDSY
ORMM,AZ-0001
ORMM,IQ-0010
ORMM,UB12
ORMM,VYMW
ORMM,ZUUU
ORMM,VLSK
ORMM,LA-0007
ORMM,UDYZ
ORMM,MV-0008
ORMM,VDPP
ORMM,OLKA
ORMM,VYEL
ORMM,LLMG
ORMM,LLEK
ORMM,OMY
ORMM,IQ-0035
ORMM,CY-0050
ORMM,VNPL
ORMM,AM-0008
ORMM,MV-0011
ORMM,WPDB
ORMM,LLBO
ZUBJ,LA-0001
ZUBJ,AZ-0010
ZUBJ,ZBAD
ZUBJ,VYTY
ZUBJ,RCNN
ZUBJ,ORTI
ZUBJ,ORQW
ZUBJ,RCMS
ZUBJ,VYPU
ZUBJ,TW-0055
ZUBJ,LA-0006
ZUBJ,YYA
ZUBJ,VDSV
ZUBJ,KH-0001
ZUBJ,IQ-0009
ZUBJ,VNBW
ZUBJ,IL-0011
ZUBJ,CY-0079
ZUBJ,WPMN
ZUBJ,MV-0002
ZUBJ,MV-0010
ZUBJ,AM-0008
ZUBJ,RCLG
ZUBJ,CN-0284
ZUBJ,KH-0002
ZUBJ,CY-0007
ZUBJ,VYBG
ZUBJ,UBBQ
ZUBJ,IQ-0043
OLRA,YYA
OLRA,CN-0059
OLRA,SY-0028
OLRA,ORQW
OLRA,WPOC
OLRA,VNBP
OLRA,LLMZ
OLRA,LB-0008
OLRA,VNPL
OLRA,UBBG
OLRA,VLSV
OLRA,VRMH
OLRA,LLNV
OLRA,LCPH
OLRA,IL-0004
OLRA,VYLS
OLRA,LA-0004
OLRA,UBBZ
OLRA,TW-CMJ
OLRA,LLYO
OLRA,PCQ
OLRA,VRDA
OLRA,LA-0007
OLRA,WPFL
OLRA,AZ-0013
OLRA,WPMN
OLRA,AEQ
OLRA,OLKA
OLRA,TW-0063
AXF,VYAS
AXF,LLMG
AXF,VLOS
AXF,VLSV
AXF,LL1B
AXF,VNBW
AXF,CY-0070
AXF,ORDD
AXF,LLTN
AXF,UG11
AXF,VYMH
AXF,IQ-0007
AXF,LLET
AXF,AM-0004
AXF,IL-0004
AXF,ID-KCI
AXF,CY-0005
AXF,CN-0235
AXF,VDPP
AXF,IL-0003
AXF,AZ-0010
AXF,LB-0008
AXF,UB18
AXF,AZ-0004
AXF,UDYZ
AXF,VNBP
OLBA,AM-0009
OLBA,MV-0002
OLBA,VLSN
OLBA,TW-0006
OLBA,VLTK
OLBA,CY-0071
OLBA,CY-0007
OLBA,VLXL
OLBA,UDYE
OLBA,CY-0041
OLBA,LLYO
OLBA,VYPT
OLBA,CY-0050
OLBA,ORSU
OLBA,WPVQ
OLBA,UDSG
OLBA,VNTH
OLBA,LCEN
OLBA,VDSA
OLBA,LB-0008
OLBA,TW-0003
OLBA,VLVT
OLBA,UDYZ
OLBA,VLSV
OLBA,UG11
UDSG,CN-0359
UDSG,KMT
UDSG,ORSU
UDSG,VRMD
UDSG,AZ-0018
UDSG,ORSH
UDSG,TW-0032
UDSG,OMY
UDSG,LA-0004
UDSG,MV-0001
UDSG,VYMD
UDSG,LB-0005
UDSG,LA-0006
UDSG,VRMH
UDSG,IQ-0009
UDSG,VRMG
UDSG,OLBA
UDSG,RCXY
UDSG,RCKU
UDSG,AZ-0001
UDSG,CN-0019
UDSG,RCNN
UDSG,RCAY
UDSG,AM-0002
UDSG,VLSK
UDSG,WPAT
UDSG,VRMM
UDSG,TW-0004
UDSG,VLLN
VNTH,IQ-0016
VNTH,AM-0001
VNTH,AZ-0012
VNTH,UBBA
VNTH,VNDP
VNTH,WPMN
VNTH,AEQ
VNTH,PCQ
VNTH,VYPT
VNTH,CY-0008
VNTH,TW-0004
VNTH,LA-0002
VNTH,ORAA
VNTH,VYAS
VNTH,AM-0004
VNTH,TW-CMJ
VNTH,OLBA
VNTH,LLBG
VNTH,VNPK
VNTH,IL-0006
VNTH,VNLT
VNTH,AZ-0009
VNTH,VNLD
LLMR,VLSK
LLMR,LA-0005
LLMR,IQ-0029
LLMR,VYAS
LLMR,ZHHH
LLMR,TW-CMJ
LLMR,WPDL
LLMR,VNRB
LLMR,VLAP
LLMR,AZ-0001
LLMR,ZGLD
LLMR,VNLT
LLMR,LA-0001
LLMR,LLEK
LLMR,AM-0009
LLMR,VDKT
LLMR,LCEN
LLMR,VLLN
LLMR,VLVT
LLMR,AZ-0003
LLMR,CN-0186
LLMR,CN-0110
LLMR,IQ-0051
LLMR,VDSR
LLMR,VLSV
LLMR,UBBQ
LLMR,VYPT
LLMR,ZUUU
LLMR,VLOS
LLMR,VYHN
LLMR,CY-0025
VDPP,AM-0005
VDPP,CY-NIC
VDPP,ZHHH
VDPP,YYA
VDPP,VLSK
VDPP,UG11
VDPP,CY-0002
VDPP,LLMZ
VDPP,VNCG
VDPP,FND
VDPP,IL-0008
VDPP,ORMM
VDPP,KH-0002
VDPP,AXF
VDPP,VLAP
VDPP,MV-0004
VDPP,VRDA
VDPP,WPMN
VDPP,VNSI
VDPP,CY-0025
VDPP,AM-0004
WPDL,VRMH
WPDL,CY-0003
WPDL,WPFL
WPDL,TW-0003
WPDL,LLMR
WPDL,CY-0005
WPDL,ORDD
WPDL,TW-CMJ
WPDL,ORSH
WPDL,WPAT
WPDL,AM-0004
WPDL,VYLN
WPDL,LLTN
WPDL,TW-0039
WPDL,LB-0008
WPDL,FJDG
WPDL,VYBG
WPDL,CN-0359
WPDL,KH-0002
WPDL,PCQ
WPDL,WPOC
WPDL,AZ-0001
WPDL,FND
WPDL,VDKK
WPDL,MV-0011
WPDL,LLEK
WPDL,UGEJ
CN-0186,CY-NIC
CN-0186,IQ-0009
CN-0186,IQ-0007
CN-0186,AM-0004
CN-0186,VRMU
CN-0186,IL-0004
CN-0186,VDKC
CN-0186,VYPY
CN-0186,NP-0015
CN-0186,KH-0002
CN-0186,VNBW
CN-0186,UB18
CN-0186,UBBQ
CN-0186,VYBG
CN-0186,VYPK
CN-0186,WPAT
CN-0186,TL-0002
CN-0186,TW-0001
CN-0186,CY-0071
CN-0186,VYMK
CN-0186,UG11
CN-0186,LLMR
CN-0186,LLBS
CN-0186,TW-0062
CN-0186,VRAH
CN-0186,VLVT
CN-0186,CN-0110
LLMZ,VDSV
LLMZ,FJDG
LLMZ,IQ-0051
LLMZ,VDMK
LLMZ,ORSH
LLMZ,ZBAD
LLMZ,CY-0008
LLMZ,OLRA
LLMZ,VDPP
LLMZ,VYHN
LLMZ,CY-0071
LLMZ,LB-0005
LLMZ,VDKT
LLMZ,VRDA
LLMZ,CN-0235
LLMZ,CY-0041
LLMZ,ZSJD
LLMZ,LA-0006
LLMZ,ORSU
LLMZ,MV-0010
LLMZ,LA-0001
LLMZ,WPEC
LLMZ,VLAP
LLMZ,RCAY
LLMZ,WPFL
VLPV,VRMO
VLPV,TW-0006
VLPV,LB-0004
VLPV,LLTN
VLPV,VYPT
VLPV,IQ-0032
VLPV,IQ-0035
VLPV,VYLN
VLPV,RCNN
VLPV,UD21
VLPV,VYEL
VLPV,TW-0032
VLPV,VDBG
VLPV,TW-0004
VLPV,VNPK
VLPV,VDSV
VLPV,UBBZ
VLPV,CY-0004
VLPV,CY-0006
VLPV,ZBAD
VLPV,CY-0007
VNDH,TW-0062
VNDH,UDYE
VNDH,VDSA
VNDH,YYA
VNDH,CY-0071
VNDH,LA-0003
VNDH,VRDA
VNDH,VDSV
VNDH,VRMV
VNDH,LA-0005
VNDH,VLLN
VNDH,AM-0003
VNDH,IQ-0019
VNDH,LA-0004
VNDH,RCKU
VNDH,VRMG
VNDH,VNVT
VNDH,VLAP
VNDH,ORQW
VNDH,ZBAD
VNDH,SY-0028
VNDH,VDSR
VNDH,VLXL
LCLK,CY-0070
LCLK,VNMN
LCLK,AM-0007
LCLK,MV-0004
LCLK,AZ-0016
LCLK,CN-0284
LCLK,AM-0005
LCLK,VYBG
LCLK,ORAA
LCLK,VDKT
LCLK,TW-0063
LCLK,LA-0003
LCLK,Z19O
LCLK,ZBAD
LCLK,VNPK
LCLK,CY-0002
LCLK,ZUUU
LCLK,VYHN
LCLK,AM-0004
LCLK,VYPK
LCLK,VYLN
LCLK,LL59
LCLK,VRNT
VNTR,IQ-0032
VNTR,UB14
VNTR,Z19O
VNTR,UBEE
VNTR,VRMH
VNTR,LA-0002
VNTR,MV-0002
VNTR,LB-0005
VNTR,RCNN
VNTR,IQ-0019
VNTR,TW-0063
VNTR,ORTI
VNTR,CN-0134
VNTR,ORSU
VNTR,VYLS
VNTR,VRQM
VNTR,LL59
VNTR,LL1B
VNTR,CN-0019
VNTR,VYEL
WPEC,LLYO
WPEC,AZ-0006
WPEC,CN-0059
WPEC,LB-0004
WPEC,VYBG
WPEC,MV-0001
WPEC,TW-0062
WPEC,KH-0002
WPEC,CN-0284
WPEC,TL-0002
WPEC,AM-0004
WPEC,LA-0007
WPEC,UBBG
WPEC,UDYE
WPEC,Z19O
WPEC,ID-KCI
WPEC,VRMG
WPEC,VNLT
WPEC,VDSY
WPEC,VDBG
WPEC,UBBA
WPEC,VLOS
WPEC,RCKU
WPEC,LLMZ
WPEC,ORSH
YYA,VRQM
YYA,OLRA
YYA,AZ-0013
YYA,WPDB
YYA,VDPP
YYA,VNDH
YYA,VYBG
YYA,AM-0004
YYA,AZ-0018
YYA,ZUBJ
YYA,ORQW
YYA,UDYE
YYA,AM-0005
YYA,LB-0007
YYA,VYEL
YYA,VLHS
YYA,TW-0039
YYA,VNCG
YYA,IQ-0009
VNBR,IQ-0019
VNBR,VRNT
VNBR,VDKT
VNBR,UB18
VNBR,FND
VNBR,VNSK
VNBR,VRMV
VNBR,VDSR
VNBR,RCAY
VNBR,AM-0005
VNBR,VRMM
VNBR,AM-0002
VNBR,VRMO
VNBR,CN-0331
VNBR,UBBZ
VNBR,AM-0001
VNBR,LLBO
VNBR,AZ-0013
VYHN,VYPU
VYHN,VLSN
VYHN,AZ-0013
VYHN,TW-0007
VYHN,VYAS
VYHN,VLOS
VYHN,RCMT
VYHN,LLMZ
VYHN,MV-0011
VYHN,CN-0040
VYHN,CY-0041
VYHN,TW-0058
VYHN,WPOC
VYHN,AM-0009
VYHN,LLNV
VYHN,LCLK
VYHN,CY-0025
VYHN,VLSV
VYHN,CY-0079
VYHN,ORSU
VYHN,ORQW
VYHN,AZ-0010
VYHN,VYPY
VYHN,IL-0004
VYHN,LL1B
VYHN,VNPK
VYHN,LLMR
CY-0050,KH-0001
CY-0050,VY02
CY-0050,VYAS
CY-0050,VLSV
CY-0050,TW-0003
CY-0050,RCNN
CY-0050,UB14
CY-0050,RCAY
CY-0050,VNBP
CY-0050,UB12
CY-0050,OLBA
CY-0050,VDSA
CY-0050,RCKU
CY-0050,VNVT
CY-0050,FND
CY-0050,VYLS
CY-0050,LB-0004
CY-0050,LLBS
CY-0050,VRMO
CY-0050,ORMM
CY-0050,CN-0359
CY-0050,CN-0283
CY-0050,ORKK
CY-0050,LLET
CY-0050,VYPT
CY-0050,AM-0005
CY-0050,ZGLD
VNBW,ORSU
VNBW,RCXY
VNBW,AZ-0003
VNBW,TL-0002
VNBW,MV-0004
VNBW,AXF
VNBW,UDYZ
VNBW,CN-0186
VNBW,CN-0331
VNBW,SY-0028
VNBW,VRAH
VNBW,LB-0007
VNBW,IQ-0009
VNBW,ZUBJ
VNBW,VNVT
VNBW,VYMW
VNBW,RCMT
VNBW,LCPH
VNBW,WPAT
VNBW,UDLS
VNBW,VLSN
VNBW,RCKU
VNBW,VNRB
VNBW,VY02
VNBW,TW-0007
VNBW,VYMK
VNBW,OLKA
VNBW,VYMS
VNBW,VYLN
VNSI,UDYZ
VNSI,OLKA
VNSI,MV-0003
VNSI,LLMG
VNSI,VLHS
VNSI,UBBA
VNSI,TW-0055
VNSI,VDKH
VNSI,VNLD
VNSI,CY-0007
VNSI,AZ-0015
VNSI,MV-0010
VNSI,VLSN
VNSI,WPDB
VNSI,IQ-0016
VNSI,IQ-0007
VNSI,LB-0007
VNSI,VYLN
VNSI,CY-0005
VNSI,VDSR
VNSI,CN-0019
VNSI,ZSJD
VNSI,UB12
VNSI,VDRK
VNSI,ORBD
VNSI,IQ-0009
VNSI,NP-0015
VNSI,VNDP
VNSI,VLSK
VNSI,VDPP
VNSI,AZ-0013
VNSI,WPVQ
UD21,MV-0008
UD21,VNMG
UD21,VDMK
UD21,LB-0006
UD21,ZHHH
UD21,AZ-0018
UD21,LLBO
UD21,VLPV
UD21,MV-0003
UD21,AM-0001
UD21,CY-0001
UD21,CY-0006
UD21,LL1B
UD21,ZUUU
UD21,WPMN
UD21,IQ-0032
UD21,VRQM
UD21,IL-0003
UD21,LA-0003
CN-0059,OLRA
CN-0059,VLXL
CN-0059,WPEC
CN-0059,VDKH
CN-0059,IQ-0029
CN-0059,IL-0004
CN-0059,VDMK
CN-0059,VNSK
CN-0059,LLMG
CN-0059,ZGLD
CN-0059,UBBA
CN-0059,VYEL
CN-0059,LLBO
CN-0059,LCPH
CN-0059,LB-0004
CN-0059,CY-0005
CN-0059,CN-0110
CN-0059,CY-0007
CN-0059,VYMS
CN-0059,VNPK
CN-0059,VNLT
CN-0059,VYMD
CN-0059,AM-0003
CN-0059,VRMH
CN-0059,CY-0006
CN-0059,UDYE
CN-0059,VYMH
CN-0059,VDSY
CN-0059,CY-0041
CN-0059,CY-0002
CN-0059,AZ-0013
VNBP,CY-0006
VNBP,VDMK
VNBP,MV-0008
VNBP,IQ-0010
VNBP,VRMU
VNBP,VRMV
VNBP,OLRA
VNBP,AM-0002
VNBP,CY-0050
VNBP,VNRB
VNBP,RCKU
VNBP,VLAP
VNBP,LLBG
VNBP,VYPT
VNBP,VLVT
VNBP,KH-0002
VNBP,LLYO
VNBP,WPDB
VNBP,UBBG
VNBP,TW-0058
VNBP,AXF
ZUUU,VYPY
ZUUU,OMY
ZUUU,IQ-0009
ZUUU,CN-0283
ZUUU,LA-0004
ZUUU,LA-0006
ZUUU,CY-0041
ZUUU,VLTK
ZUUU,ORMM
ZUUU,ORQW
ZUUU,LCLK
ZUUU,VYBG
ZUUU,RCXY
ZUUU,UB14
ZUUU,LLNV
ZUUU,TW-0063
ZUUU,ZHHH
ZUUU,UD21
ZUUU,AZ-0012
ZUUU,ORSU
ZUUU,LLMR
ZUUU,IQ-0005
ZUUU,TW-0001
ZUUU,VDKK
ZUUU,VRMG
VLOS,LLNV
VLOS,WPOC
VLOS,AXF
VLOS,VDSA
VLOS,VYHN
VLOS,WPMN
VLOS,TW-0001
VLOS,AZ-0012
VLOS,VYSA
VLOS,TW-0007
VLOS,LLMG
VLOS,TW-0062
VLOS,VDSV
VLOS,WPEC
VLOS,LLBO
VLOS,RCLG
VLOS,LLMR
KMT,UDSG
KMT,VLAP
KMT,VDSA
KMT,CY-NIC
KMT,WPAT
KMT,VRMH
KMT,LLHA
KMT,WPVQ
KMT,VNMG
KMT,VRMG
KMT,AZ-0001
KMT,TW-0039
KMT,VNPK
KMT,RCKU
KMT,VYTN
KMT,TL-0001
KMT,VRDA
KMT,VRQM
KMT,VRMV
KMT,TW-0063
KMT,FJDG
MV-0001,TW-0004
MV-0001,VYSA
MV-0001,WPDB
MV-0001,TW-0062
MV-0001,WPEC
MV-0001,WPAT
MV-0001,CN-0283
MV-0001,UBBA
MV-0001,UDSG
MV-0001,VYTN
MV-0001,KH-0003
MV-0001,CY-0006
MV-0001,VYMS
MV-0001,VLTK
MV-0001,AZ-0015
MV-0001,TW-0053
MV-0001,CY-0070
MV-0001,IQ-0035
MV-0001,UBBG
MV-0001,VLXL
MV-0001,AM-0008
MV-0001,IQ-0009
MV-0001,VDSR
MV-0001,VYAS
MV-0001,IL-0011
MV-0001,CN-0284
MV-0001,AM-0009
MV-0001,LA-0006
VNCG,RCKU
VNCG,ORTI
VNCG,CN-0040
VNCG,CY-0003
VNCG,VYMS
VNCG,IQ-0016
VNCG,VNMA
VNCG,CY-0044
VNCG,VYTY
VNCG,VDPP
VNCG,UB14
VNCG,LCPH
VNCG,AM-0007
VNCG,ID-KCI
VNCG,AM-0006
VNCG,AZ-0012
VNCG,VLSK
VNCG,VLLN
VNCG,CY-0005
VNCG,CN-0331
VNCG,MV-0010
VNCG,WPAT
VNCG,TW-0062
VNCG,AM-0009
VNCG,YYA
VNCG,VYLN
MV-0003,VREI
MV-0003,ORAA
MV-0003,UDYE
MV-0003,VNSI
MV-0003,ORDD
MV-0003,CY-0044
MV-0003,OLKA
MV-0003,LLEK
MV-0003,RCNN
MV-0003,CY-0041
MV-0003,TW-0063
MV-0003,LLBG
MV-0003,CY-0070
MV-0003,MV-0011
MV-0003,LB-0005
MV-0003,UD21
MV-0003,UB14
MV-0003,VYBG
MV-0003,CN-0235
MV-0003,LA-0007
MV-0003,CY-0071
MV-0003,LB-0004
MV-0003,LLTN
MV-0003,VLXK
MV-0003,AM-0006
MV-0003,AZ-0004
MV-0003,VLSN
MV-0003,UDYZ
MV-0002,OLBA
MV-0002,ZSJD
MV-0002,VRMM
MV-0002,VNPK
MV-0002,CY-0005
MV-0002,VRDA
MV-0002,VDKC
MV-0002,VRMH
MV-0002,VNTR
MV-0002,VLXL
MV-0002,IQ-0051
MV-0002,AZ-0015
MV-0002,VDKK
MV-0002,ZUBJ
MV-0002,VYPK
MV-0002,KH-0002
MV-0002,AM-0009
MV-0002,SY-0028
MV-0002,IQ-0005
MV-0002,CY-0003
MV-0002,UDYE
MV-0002,TW-0007
MV-0002,LCPH
MV-0002,WPAT
MV-0002,ORTI
MV-0002,CN-0235
MV-0002,AZ-0004
MV-0002,AM-0007
VNSK,IQ-0007
VNSK,VNDP
VNSK,VRNT
VNSK,IL-0006
VNSK,LCEN
VNSK,VDSV
VNSK,TW-0006
VNSK,CN-0059
VNSK,VRMG
VNSK,VNBR
VNSK,VYEL
VNSK,LLNV
VNSK,MV-0004
VNSK,TW-0001
VNSK,CY-0071
VNSK,TW-0058
VNSK,LB-0008
VNSK,LA-0004
VNSK,UG11
VNSK,IQ-0016
VNSK,AM-0003
VNSK,TW-0004
LLMG,AXF
LLMG,VLHS
LLMG,VNSI
LLMG,VDKH
LLMG,CN-0059
LLMG,VNLT
LLMG,AEQ
LLMG,CN-0134
LLMG,VLOS
LLMG,LA-0004
LLMG,VYPK
LLMG,CY-NIC
LLMG,LLEK
LLMG,VYMK
LLMG,TW-0053
LLMG,VNLD
LLMG,ORMM
LLMG,CY-0044
LLMG,AM-0008
LLMG,RCNN
LLMG,CY-0070
LLMG,LB-0006
LLMG,CY-0025
LLMG,CN-0110
LLMG,SY-0028
LLMG,VLAP
MV-0004,VRMD
MV-0004,TW-0003
MV-0004,VNBW
MV-0004,LCLK
MV-0004,RCNN
MV-0004,UB18
MV-0004,CN-0110
MV-0004,UB12
MV-0004,VNSK
MV-0004,CY-0003
MV-0004,WPDB
MV-0004,TW-0006
MV-0004,LLEK
MV-0004,CY-0005
MV-0004,AZ-0013
MV-0004,VYLN
MV-0004,UB14
MV-0004,LB-0008
MV-0004,VDPP
MV-0004,CY-0041
MV-0004,VLXK
MV-0004,TW-0062
MV-0004,LLBS
MV-0004,CY-0079
MV-0004,LB-0007
MV-0004,ORQW
MV-0004,IQ-0016
TW-0053,UBEE
TW-0053,AM-0009
TW-0053,CY-0006
TW-0053,IQ-0016
TW-0053,VYPK
TW-0053,LA-0001
TW-0053,LCRA
TW-0053,UB18
TW-0053,VLAP
TW-0053,VYPE
TW-0053,LA-0004
TW-0053,IL-0004
TW-0053,VDRK
TW-0053,MV-0001
TW-0053,LLMG
TW-0053,VYAS
TW-0053,LA-0007
TW-0053,VNPL
TW-0053,AM-0004
TW-0053,ZSJD
TW-0055,UBBZ
TW-0055,CN-0040
TW-0055,VYTN
TW-0055,RCMS
TW-0055,ZHHH
TW-0055,VNSI
TW-0055,CY-0008
TW-0055,VRMD
TW-0055,ZUBJ
TW-0055,CY-0007
TW-0055,ZSJD
TW-0055,VDRK
TW-0055,RCNN
TW-0055,VYBG
TW-0055,RCXY
TW-0055,UDYE
TW-0055,LA-0007
TW-0055,LLNV
TW-0055,RCMT
TW-0055,VRQM
TW-0055,ID-KCI
TW-0055,VYPT
TW-0058,VNMN
TW-0058,LB-0005
TW-0058,TW-0062
TW-0058,ZBAD
TW-0058,TW-0001
TW-0058,TW-0063
TW-0058,UBBZ
TW-0058,VNRB
TW-0058,LL59
TW-0058,IL-0008
TW-0058,WPDB
TW-0058,ORSH
TW-0058,VDSY
TW-0058,KH-0003
TW-0058,VYHN
TW-0058,VNSK
TW-0058,AZ-0010
TW-0058,VDBG
TW-0058,CN-0040
TW-0058,LLNV
TW-0058,VDSR
TW-0058,VNLD
TW-0058,VNBP
TW-0058,WPFL
TW-0058,RCMT
TW-0058,CY-0025
TW-0058,VLVT
MV-0008,VYMW
MV-0008,UD21
MV-0008,VNBP
MV-0008,RCMS
MV-0008,ORAA
MV-0008,VNPL
MV-0008,IL-0006
MV-0008,VRMD
MV-0008,LLEK
MV-0008,KH-0001
MV-0008,LB-0007
MV-0008,IQ-0043
MV-0008,IQ-0019
MV-0008,VYMK
MV-0008,LCPH
MV-0008,CN-0040
MV-0008,ORMM
MV-0008,TW-0032
MV-0008,UDYE
MV-0008,VYPY
WPDB,CY-0005
WPDB,LLYO
WPDB,MV-0001
WPDB,UBBG
WPDB,YYA
WPDB,IQ-0032
WPDB,VYEL
WPDB,FND
WPDB,AZ-0001
WPDB,IQ-0051
WPDB,TW-0007
WPDB,LLET
WPDB,LA-0002
WPDB,TW-0058
WPDB,UGEJ
WPDB,CN-0331
WPDB,VNSI
WPDB,MV-0004
WPDB,LB-0007
WPDB,IL-0003
WPDB,TW-0032
WPDB,LLHA
WPDB,CN-0110
WPDB,IQ-0019
WPDB,LCPH
WPDB,VNBP
WPDB,LA-0001
WPDB,MV-0010
WPDB,ORMM
WPDB,UBBZ
ORBD,OMY
ORBD,WPAT
ORBD,CY-0079
ORBD,LA-0005
ORBD,VLAP
ORBD,IQ-0051
ORBD,IL-0004
ORBD,VNMN
ORBD,IL-0008
ORBD,VYAS
ORBD,TW-0004
ORBD,LLBG
ORBD,CY-0044
ORBD,LLBS
ORBD,UBBZ
ORBD,CN-0235
ORBD,VNMG
ORBD,VDSA
ORBD,VNSI
ORBD,LL59
ORBD,VRMM
ORBD,VDKH
ORBD,IQ-0029
ORBD,AZ-0006
ORBD,CY-0007
CY-NIC,VDPP
CY-NIC,CN-0186
CY-NIC,AZ-0013
CY-NIC,KMT
CY-NIC,CN-0284
CY-NIC,CN-0283
CY-NIC,VY02
CY-NIC,ZBAD
CY-NIC,IL-0011
CY-NIC,CY-0041
CY-NIC,IQ-0051
CY-NIC,LLMG
CY-NIC,LCEN
CY-NIC,ORSU
CY-NIC,VDRK
CY-NIC,RCAY
CY-NIC,ORDD
CY-NIC,VRDA
CY-NIC,LA-0005
CY-NIC,ORTI
CY-NIC,CY-0005
CY-NIC,CY-0006
CY-NIC,VNPK
UB12,AM-0008
UB12,VYPK
UB12,FND
UB12,IL-0006
UB12,VYMK
UB12,UB18
UB12,CY-0002
UB12,VLLN
UB12,UGEJ
UB12,MV-0004
UB12,ORMM
UB12,CY-0050
UB12,ZGLD
UB12,VYPE
UB12,VDKK
UB12,VNSI
UB12,LA-0001
UB12,AEQ
UB12,VLSN
UB12,CY-0025
UB12,CY-0070
RCLG,IL-0008
RCLG,TW-CMJ
RCLG,CY-0006
RCLG,VRMG
RCLG,VNRB
RCLG,LB-0005
RCLG,TW-0006
RCLG,LL1B
RCLG,VRDA
RCLG,KH-0002
RCLG,LB-0004
RCLG,TW-0039
RCLG,WPFL
RCLG,IL-0011
RCLG,VRMO
RCLG,UBBQ
RCLG,AZ-0006
RCLG,IQ-0029
RCLG,IQ-0043
RCLG,VRMU
RCLG,ZUBJ
RCLG,WPAT
RCLG,CN-0040
RCLG,TL-0001
RCLG,VLOS
RCLG,ID-KCI
RCLG,VDRK
ZGLD,VDSY
ZGLD,VLVT
ZGLD,CN-0019
ZGLD,TW-0006
ZGLD,LA-0006
ZGLD,ZBAD
ZGLD,AZ-0018
ZGLD,KH-0002
ZGLD,CN-0059
ZGLD,WPOC
ZGLD,IL-0008
ZGLD,VLSV
ZGLD,LLMR
ZGLD,AZ-0003
ZGLD,VYMH
ZGLD,UB14
ZGLD,RCAY
ZGLD,UB12
ZGLD,VRQM
ZGLD,VRMU
ZGLD,CY-0001
ZGLD,VY02
ZGLD,LCPH
ZGLD,CN-0331
ZGLD,UGEJ
ZGLD,UDYE
ZGLD,CN-0284
ZGLD,VNMN
ZGLD,CN-0134
ZGLD,VYPY
ZGLD,VDBG
ZGLD,VYMK
ZGLD,ORDD
ZGLD,CY-0050
CN-0284,VYMS
CN-0284,VRMM
CN-0284,KH-0001
CN-0284,ZHHH
CN-0284,LCLK
CN-0284,WPEC
CN-0284,VNPL
CN-0284,VLHS
CN-0284,VYTY
CN-0284,CY-0007
CN-0284,CY-NIC
CN-0284,UBBG
CN-0284,AZ-0009
CN-0284,ZGLD
CN-0284,WPAT
CN-0284,VREI
CN-0284,LCPH
CN-0284,IL-0008
CN-0284,ZUBJ
CN-0284,AZ-0016
CN-0284,VRMD
CN-0284,IQ-0007
CN-0284,VDKK
CN-0284,MV-0001
VRMU,AZ-0004
VRMU,VRMO
VRMU,VLHS
VRMU,CN-0186
VRMU,VNBP
VRMU,WPFL
VRMU,VYBG
VRMU,VRMV
VRMU,KH-0002
VRMU,CY-0001
VRMU,FJDG
VRMU,ZGLD
VRMU,IQ-0009
VRMU,CY-0007
VRMU,LCRA
VRMU,TW-0006
VRMU,RCLG
VRMU,VNMN
VRMU,VREI
VRMU,AM-0009
VLAP,KMT
VLAP,LB-0006
VLAP,AZ-0012
VLAP,KH-0001
VLAP,ORBD
VLAP,CN-0235
VLAP,LLMR
VLAP,VLTK
VLAP,VLHS
VLAP,WPMN
VLAP,VDMK
VLAP,VNBP
VLAP,CY-0008
VLAP,TW-0053
VLAP,PCQ
VLAP,LB-0005
VLAP,AM-0005
VLAP,VNDH
VLAP,LA-0007
VLAP,AM-0004
VLAP,IL-0004
VLAP,CN-0359
VLAP,Z19O
VLAP,VDPP
VLAP,AEQ
VLAP,VNVT
VLAP,VYMK
VLAP,TW-0006
VLAP,KH-0003
VLAP,LLMZ
VLAP,SY-0028
VLAP,LLMG
VRMV,TW-0001
VRMV,AZ-0009
VRMV,AM-0008
VRMV,RCXY
VRMV,VNBP
VRMV,UBBA
VRMV,UG11
VRMV,TW-0032
VRMV,RCMS
VRMV,VRMU
VRMV,VNBR
VRMV,VY02
VRMV,VNDH
VRMV,UDYE
VRMV,LL1B
VRMV,WPFL
VRMV,ZBAD
VRMV,LLYO
VRMV,VDKH
VRMV,TW-0039
VRMV,CY-0006
VRMV,WPOC
VRMV,CY-0071
VRMV,AZ-0003
VRMV,AEQ
VRMV,VYBG
VRMV,IQ-0019
VRMV,CN-0110
VRMV,LLNV
VRMV,VLXK
VRMV,AZ-0004
VRMV,LA-0001
VRMV,VYPU
VRMV,KMT
VRMV,AM-0001
VRMV,VYPT
VRMV,IL-0004
VDRK,VDKC
VDRK,VDBG
VDRK,TW-0032
VDRK,TW-0003
VDRK,CY-0001
VDRK,AZ-0009
VDRK,LLNV
VDRK,TW-0055
VDRK,LL59
VDRK,TW-0053
VDRK,IQ-0035
VDRK,ZBAD
VDRK,VNSI
VDRK,VNDP
VDRK,IQ-0043
VDRK,CY-NIC
VDRK,VYPT
VDRK,AM-0009
VDRK,CY-0008
VDRK,AM-0006
VDRK,RCLG
VDRK,TW-0062
VDRK,CY-0044
MV-0010,LL1B
MV-0010,VYBG
MV-0010,UDYZ
MV-0010,CY-0005
MV-0010,KH-0003
MV-0010,VNSI
MV-0010,UBEE
MV-0010,VYMK
MV-0010,UBBA
MV-0010,AM-0006
MV-0010,VNMA
MV-0010,ZUBJ
MV-0010,AM-0002
MV-0010,VLVT
MV-0010,LLBG
MV-0010,AM-0009
MV-0010,VNCG
MV-0010,LLMZ
MV-0010,WPDB
MV-0010,LLEK
MV-0010,TW-0063
MV-0010,VLSN
UB18,CY-0079
UB18,ORMM
UB18,KH-0001
UB18,VNBR
UB18,AM-0001
UB18,UB12
UB18,LLBS
UB18,IQ-0010
UB18,MV-0004
UB18,CN-0186
UB18,TW-0053
UB18,AM-0007
UB18,ORTI
UB18,ORAA
UB18,RCMT
UB18,CN-0110
UB18,ZHHH
UB18,IQ-0043
UB18,UBBA
UB18,AXF
UB18,VLVT
VDSA,LLBS
VDSA,VNRB
VDSA,VNDH
VDSA,IQ-0043
VDSA,VLOS
VDSA,KMT
VDSA,VYMS
VDSA,VYLS
VDSA,CY-0050
VDSA,LCPH
VDSA,ZHHH
VDSA,OLBA
VDSA,ORBD
VDSA,AZ-0013
VDSA,IL-0003
VDSA,LB-0005
VDSA,LB-0006
MV-0011,RCNN
MV-0011,AZ-0015
MV-0011,WPOC
MV-0011,IQ-0029
MV-0011,UBEE
MV-0011,CY-0041
MV-0011,FJDG
MV-0011,LLBG
MV-0011,UDYE
MV-0011,VYPT
MV-0011,VYHN
MV-0011,FND
MV-0011,VNRB
MV-0011,MV-0003
MV-0011,LL1B
MV-0011,LLBO
MV-0011,VYAS
MV-0011,IQ-0009
MV-0011,LCRA
MV-0011,VYMK
MV-0011,VRMO
MV-0011,WPDL
MV-0011,UBBG
MV-0011,ORMM
MV-0011,VYMW
TW-0063,RCXY
TW-0063,AEQ
TW-0063,CN-0331
TW-0063,TW-0058
TW-0063,VYTN
TW-0063,ZSJD
TW-0063,LCLK
TW-0063,MV-0003
TW-0063,VYMK
TW-0063,AZ-0015
TW-0063,LCEN
TW-0063,RCKU
TW-0063,ZUUU
TW-0063,CN-0019
TW-0063,VNMN
TW-0063,VNTR
TW-0063,WPMN
TW-0063,AZ-0006
TW-0063,KMT
TW-0063,VNMA
TW-0063,FJDG
TW-0063,OLRA
TW-0063,MV-0010
TW-0063,LLYO
UB14,VNTR
UB14,VNPL
UB14,VLHS
UB14,VNRB
UB14,TW-0003
UB14,CY-0050
UB14,VYMS
UB14,ZGLD
UB14,VNMG
UB14,VNCG
UB14,VNLT
UB14,MV-0003
UB14,LA-0007
UB14,ZUUU
UB14,AM-0002
UB14,LA-0003
UB14,MV-0004
UB14,TW-0062
UB14,VDKH
UB14,VDKT
UB14,LLBS
UB14,VDBG
TW-0062,VLTK
TW-0062,VNDH
TW-0062,TW-0058
TW-0062,UDYE
TW-0062,MV-0001
TW-0062,WPEC
TW-0062,VNPL
TW-0062,AM-0006
TW-0062,IL-0006
TW-0062,CY-0071
TW-0062,VRNT
TW-0062,CN-0110
TW-0062,IL-0008
TW-0062,CY-0025
TW-0062,LL59
TW-0062,VLOS
TW-0062,LLBG
TW-0062,RCNN
TW-0062,UDYZ
TW-0062,LB-0008
TW-0062,PCQ
TW-0062,VNLD
TW-0062,UB14
TW-0062,CN-0186
TW-0062,LCEN
TW-0062,LLTN
TW-0062,MV-0004
TW-0062,VNCG
TW-0062,VDRK
VDBG,VDRK
VDBG,VRMG
VDBG,LA-0003
VDBG,VYMD
VDBG,WPAT
VDBG,WPFL
VDBG,CY-0002
VDBG,CY-0005
VDBG,CN-0134
VDBG,VNPK
VDBG,IQ-0009
VDBG,TW-0058
VDBG,VRQM
VDBG,VLSK
VDBG,IL-0012
VDBG,VLSV
VDBG,VLPV
VDBG,WPEC
VDBG,VRNT
VDBG,ZGLD
VDBG,VLTK
VDBG,VYPE
VDBG,UB14
ORSH,CY-0008
ORSH,VYPY
ORSH,IQ-0029
ORSH,IL-0006
ORSH,VDKH
ORSH,VLLN
ORSH,LLMZ
ORSH,VRDA
ORSH,VNPL
ORSH,RCAY
ORSH,CN-0019
ORSH,UDSG
ORSH,AZ-0009
ORSH,WPDL
ORSH,VNPK
ORSH,LLET
ORSH,TW-0058
ORSH,VRMD
ORSH,VLTK
ORSH,TW-0004
ORSH,VDKT
ORSH,VNLD
ORSH,VYTN
ORSH,VDMK
ORSH,RCNN
ORSH,VRQM
ORSH,CN-0110
ORSH,CN-0283
ORSH,WPEC
ORSH,CY-0079
VNVT,LLBO
VNVT,CN-0019
VNVT,IL-0011
VNVT,ZHHH
VNVT,VRQM
VNVT,VYMH
VNVT,VDKC
VNVT,ID-KCI
VNVT,AZ-0001
VNVT,WPMN
VNVT,AZ-0012
VNVT,LB-0007
VNVT,VYPT
VNVT,AM-0005
VNVT,AZ-0015
VNVT,VNDH
VNVT,VNBW
VNVT,CY-0050
VNVT,CY-0071
VNVT,CY-0005
VNVT,ZBAD
VNVT,VLAP
VNVT,LA-0006
VNVT,VYMS
VNVT,VREI
VNVT,TW-0003
VNVT,VRMO
AM-0009,TW-0053
AM-0009,OLBA
AM-0009,CN-0040
AM-0009,IQ-0029
AM-0009,IL-0012
AM-0009,LLNV
AM-0009,VYMH
AM-0009,LB-0008
AM-0009,VYPY
AM-0009,RCKU
AM-0009,TW-0006
AM-0009,IL-0003
AM-0009,CY-0079
AM-0009,LLMR
AM-0009,UDLS
AM-0009,VYHN
AM-0009,CY-0001
AM-0009,IQ-0051
AM-0009,MV-0002
AM-0009,MV-0010
AM-0009,VRMG
AM-0009,VDRK
AM-0009,FND
AM-0009,AM-0006
AM-0009,VRMU
AM-0009,VNCG
AM-0009,TL-0002
AM-0009,ZBAD
AM-0009,AZ-0003
AM-0009,MV-0001
CY-0071,AZ-0010
CY-0071,UDYZ
CY-0071,OLBA
CY-0071,VDKH
CY-0071,VNDH
CY-0071,IQ-0043
CY-0071,VYMK
CY-0071,LLMZ
CY-0071,TW-0062
CY-0071,VLXL
CY-0071,AM-0007
CY-0071,VNSK
CY-0071,CN-0186
CY-0071,VRMV
CY-0071,VNVT
CY-0071,UBBA
CY-0071,IQ-0005
CY-0071,AM-0005
CY-0071,MV-0003
CY-0071,LB-0004
CY-0071,VNPK
CY-0071,LA-0007
CY-0071,CN-0235
CY-0071,RCMT
CY-0071,VRMH
CY-0071,LB-0006
CY-0070,TW-0039
CY-0070,LCLK
CY-0070,KH-0001
CY-0070,AXF
CY-0070,VDMK
CY-0070,CN-0331
CY-0070,CY-0006
CY-0070,IL-0012
CY-0070,FJDG
CY-0070,VNLT
CY-0070,ZSJD
CY-0070,VLLN
CY-0070,VRMG
CY-0070,CN-0019
CY-0070,MV-0003
CY-0070,TW-0032
CY-0070,TW-0001
CY-0070,AM-0001
CY-0070,MV-0001
CY-0070,CY-0044
CY-0070,VRMD
CY-0070,LLMG
CY-0070,AZ-0012
CY-0070,VNRB
CY-0070,ORAA
CY-0070,VYPK
CY-0070,UB12
AM-0007,VNLD
AM-0007,IQ-0010
AM-0007,LCLK
AM-0007,CN-0110
AM-0007,CY-0025
AM-0007,SY-0028
AM-0007,TW-0039
AM-0007,RCNN
AM-0007,VNMN
AM-0007,LL1B
AM-0007,ORTI
AM-0007,CN-0331
AM-0007,PCQ
AM-0007,AM-0001
AM-0007,CY-0071
AM-0007,UB18
AM-0007,CN-0019
AM-0007,VNCG
AM-0007,LB-0006
AM-0007,LLBG
AM-0007,IL-0006
AM-0007,VYTN
AM-0007,KH-0003
AM-0007,TW-0004
AM-0007,VYBG
AM-0007,VDKK
AM-0007,IQ-0032
AM-0007,MV-0002
AM-0007,TW-0032
ZBAD,VYMD
ZBAD,LB-0004
ZBAD,TW-0058
ZBAD,ZUBJ
ZBAD,IL-0003
ZBAD,LLMZ
ZBAD,ZGLD
ZBAD,VYMW
ZBAD,VLSK
ZBAD,CY-NIC
ZBAD,VRMV
ZBAD,LCLK
ZBAD,ORKK
ZBAD,AM-0004
ZBAD,LCEN
ZBAD,VDKT
ZBAD,TW-0001
ZBAD,CY-0005
ZBAD,LLYO
ZBAD,VDRK
ZBAD,IQ-0016
ZBAD,RCNN
ZBAD,AZ-0006
ZBAD,VNVT
ZBAD,VNDH
ZBAD,LA-0006
ZBAD,TL-0001
ZBAD,UBBQ
ZBAD,VDMK
ZBAD,LCPH
ZBAD,VNMG
ZBAD,VLPV
ZBAD,VLVT
ZBAD,AM-0009
ZBAD,IL-0008
ZBAD,SY-0028
AM-0008,VDKH
AM-0008,UB12
AM-0008,TW-0006
AM-0008,CY-0005
AM-0008,VRMV
AM-0008,LLTN
AM-0008,VLXK
AM-0008,AZ-0004
AM-0008,IQ-0032
AM-0008,LB-0006
AM-0008,IQ-0016
AM-0008,CY-0008
AM-0008,TL-0001
AM-0008,VNLD
AM-0008,VNRB
AM-0008,ZUBJ
AM-0008,UDYE
AM-0008,VYPT
AM-0008,CN-0235
AM-0008,LLMG
AM-0008,MV-0001
AM-0008,CY-0003
AM-0008,IQ-0019
AM-0008,IQ-0007
AM-0008,ORMM
ORAA,MV-0003
ORAA,VYAS
ORAA,VRMD
ORAA,CN-0134
ORAA,MV-0008
ORAA,UBBQ
ORAA,LCLK
ORAA,IL-0004
ORAA,AZ-0013
ORAA,LLBS
ORAA,VNTH
ORAA,IQ-0043
ORAA,CN-0283
ORAA,IQ-0009
ORAA,UB18
ORAA,WPAT
ORAA,IQ-0019
ORAA,CY-0003
ORAA,VNPL
ORAA,KH-0001
ORAA,VLTK
ORAA,IQ-0005
ORAA,CY-0001
ORAA,VNLT
ORAA,CY-0070
AM-0001,RCAY
AM-0001,CN-0283
AM-0001,VNTH
AM-0001,AEQ
AM-0001,VRMO
AM-0001,IL-0006
AM-0001,VRMM
AM-0001,UB18
AM-0001,ID-KCI
AM-0001,AM-0007
AM-0001,TW-0004
AM-0001,OLKA
AM-0001,UD21
AM-0001,LLBS
AM-0001,CY-0070
AM-0001,LA-0003
AM-0001,FND
AM-0001,VYMS
AM-0001,VLTK
AM-0001,VNBR
AM-0001,VNMN
AM-0001,VRMV
AM-0001,AM-0006
AM-0001,VYAS
AM-0001,CN-0331
CY-0079,LLHA
CY-0079,UB18
CY-0079,KH-0001
CY-0079,CN-0331
CY-0079,ORBD
CY-0079,TW-0032
CY-0079,IL-0006
CY-0079,CN-0110
CY-0079,CY-0002
CY-0079,ZSJD
CY-0079,WPAT
CY-0079,VNDP
CY-0079,VYLS
CY-0079,AM-0009
CY-0079,LA-0006
CY-0079,AZ-0003
CY-0079,AM-0002
CY-0079,ZUBJ
CY-0079,TW-0007
CY-0079,LLBO
CY-0079,LA-0001
CY-0079,VRQM
CY-0079,IQ-0016
CY-0079,CY-0044
CY-0079,VYHN
CY-0079,LA-0007
CY-0079,VYMW
CY-0079,VYLN
CY-0079,VRNT
CY-0079,MV-0004
CY-0079,RCMT
CY-0079,LB-0007
CY-0079,CY-0003
CY-0079,ORSH
AM-0002,WPMN
AM-0002,VNPK
AM-0002,VYMS
AM-0002,LA-0001
AM-0002,VLVT
AM-0002,ORDD
AM-0002,VNBP
AM-0002,LB-0008
AM-0002,LL1B
AM-0002,VRMD
AM-0002,CY-0079
AM-0002,VNBR
AM-0002,VLLN
AM-0002,NP-0015
AM-0002,UB14
AM-0002,VRMH
AM-0002,MV-0010
AM-0002,IQ-0032
AM-0002,UDSG
AM-0002,AZ-0001
AM-0002,AZ-0015
AM-0002,AZ-0003
AM-0002,LA-0006
AM-0002,LA-0007
AM-0002,VDKT
AM-0002,TW-0006
AM-0002,IQ-0035
AM-0002,RCMT
LLNV,AM-0004
LLNV,VLOS
LLNV,IQ-0009
LLNV,AM-0009
LLNV,LCRA
LLNV,VDSV
LLNV,VYLS
LLNV,LA-0003
LLNV,VNSK
LLNV,VLVT
LLNV,VDRK
LLNV,VDSY
LLNV,VDKT
LLNV,VNLD
LLNV,VYHN
LLNV,OLRA
LLNV,LLBG
LLNV,VRMV
LLNV,ZUUU
LLNV,TW-0055
LLNV,TW-0058
LLNV,VNMA
LLNV,AZ-0015
AM-0005,IQ-0043
AM-0005,VDPP
AM-0005,AM-0003
AM-0005,LCLK
AM-0005,UBEE
AM-0005,IQ-0029
AM-0005,VDKT
AM-0005,ORDD
AM-0005,VNBR
AM-0005,YYA
AM-0005,VYBG
AM-0005,VNVT
AM-0005,IL-0012
AM-0005,VLTK
AM-0005,VLAP
AM-0005,VYSA
AM-0005,CY-0071
AM-0005,RCMS
AM-0005,IL-0006
AM-0005,VYMS
AM-0005,ORKK
AM-0005,CN-0283
AM-0005,CN-0134
AM-0005,LA-0006
AM-0005,CY-0050
IL-0012,VRDA
IL-0012,AZ-0012
IL-0012,AM-0009
IL-0012,IQ-0051
IL-0012,LLBO
IL-0012,VDKK
IL-0012,CY-0070
IL-0012,VLSK
IL-0012,TW-CMJ
IL-0012,LLBG
IL-0012,IQ-0016
IL-0012,AM-0005
IL-0012,VDBG
IL-0012,AZ-0016
IL-0012,LLTN
IL-0012,VYEL
IL-0012,RCXY
IL-0012,VRMM
IL-0012,AZ-0004
ORQW,IQ-0009
ORQW,ORKK
ORQW,OLRA
ORQW,VYTY
ORQW,IQ-0032
ORQW,CY-0002
ORQW,ZUBJ
ORQW,VREI
ORQW,YYA
ORQW,LLBO
ORQW,ZUUU
ORQW,CY-0044
ORQW,TW-CMJ
ORQW,TW-0004
ORQW,SY-0028
ORQW,LCEN
ORQW,VDKK
ORQW,VNDH
ORQW,OMY
ORQW,VYHN
ORQW,ORTI
ORQW,MV-0004
ORQW,CN-0235
VNDP,VNSK
VNDP,VYEL
VNDP,FND
VNDP,VNTH
VNDP,UDYZ
VNDP,CY-0079
VNDP,VRMM
VNDP,VNMN
VNDP,VYPK
VNDP,VYLS
VNDP,UBBZ
VNDP,AZ-0010
VNDP,TL-0001
VNDP,ID-KCI
VNDP,AZ-0004
VNDP,ORDD
VNDP,TW-0004
VNDP,VDRK
VNDP,WPAT
VNDP,UBBA
VNDP,CN-0040
VNDP,VNSI
VNDP,RCMS
VNDP,UDLS
VNDP,SY-0028
VNDP,VLXL
AM-0006,VDKK
AM-0006,VRDA
AM-0006,AZ-0010
AM-0006,LB-0006
AM-0006,TW-0062
AM-0006,VRMG
AM-0006,VRMD
AM-0006,AZ-0015
AM-0006,VNMN
AM-0006,MV-0010
AM-0006,AEQ
AM-0006,VNCG
AM-0006,ZHHH
AM-0006,Z19O
AM-0006,VYAS
AM-0006,VDRK
AM-0006,AM-0009
AM-0006,VYPK
AM-0006,MV-0003
AM-0006,VNPL
AM-0006,AM-0001
IL-0011,VYTN
IL-0011,LA-0002
IL-0011,OMY
IL-0011,CN-0040
IL-0011,LB-0006
IL-0011,VNVT
IL-0011,TW-0007
IL-0011,VYPE
IL-0011,UG11
IL-0011,ZHHH
IL-0011,LLEK
IL-0011,CY-NIC
IL-0011,RCLG
IL-0011,UBBQ
IL-0011,ZUBJ
IL-0011,PCQ
IL-0011,FJDG
IL-0011,IQ-0016
IL-0011,IQ-0007
IL-0011,FND
IL-0011,MV-0001
IL-0011,IQ-0019
IL-0011,CN-0134
IL-0011,WPVQ
AM-0003,RCMT
AM-0003,CY-0006
AM-0003,IQ-0029
AM-0003,AM-0005
AM-0003,LLYO
AM-0003,TW-0003
AM-0003,ID-KCI
AM-0003,UDYE
AM-0003,LLBS
AM-0003,ORSU
AM-0003,AEQ
AM-0003,VDKC
AM-0003,VLLN
AM-0003,VNDH
AM-0003,LLBO
AM-0003,VRMO
AM-0003,VRMD
AM-0003,FND
AM-0003,TW-0006
AM-0003,CN-0110
AM-0003,CN-0059
AM-0003,LA-0001
AM-0003,VNSK
AM-0003,UBBZ
AM-0003,WPAT
AM-0004,VRMM
AM-0004,LLNV
AM-0004,UDYZ
AM-0004,VYMS
AM-0004,CN-0186
AM-0004,IQ-0007
AM-0004,LA-0004
AM-0004,VLXL
AM-0004,VYMH
AM-0004,LB-0006
AM-0004,TL-0002
AM-0004,VLLN
AM-0004,YYA
AM-0004,WPEC
AM-0004,VRMD
AM-0004,WPDL
AM-0004,VYMD
AM-0004,AXF
AM-0004,LCPH
AM-0004,VNTH
AM-0004,ZBAD
AM-0004,IQ-0032
AM-0004,CY-0005
AM-0004,LCLK
AM-0004,VRNT
AM-0004,VLAP
AM-0004,VLSN
AM-0004,TW-0053
AM-0004,VNMA
AM-0004,VLSV
AM-0004,VDSV
AM-0004,VDPP
CN-0040,TW-0055
CN-0040,UBEE
CN-0040,VNCG
CN-0040,AM-0009
CN-0040,IL-0011
CN-0040,CY-0003
CN-0040,KH-0002
CN-0040,LCRA
CN-0040,AEQ
CN-0040,VNLT
CN-0040,VYHN
CN-0040,LLBO
CN-0040,IL-0008
CN-0040,LA-0007
CN-0040,MV-0008
CN-0040,TW-0058
CN-0040,VLSK
CN-0040,KH-0003
CN-0040,VNDP
CN-0040,ZHHH
CN-0040,CN-0019
CN-0040,RCLG
CN-0040,VLXK
CN-0040,CY-0007
CN-0040,LB-0008
CN-0283,AM-0001
CN-0283,IQ-0019
CN-0283,ZUUU
CN-0283,TW-0003
CN-0283,VRMD
CN-0283,VYTN
CN-0283,AZ-0001
CN-0283,MV-0001
CN-0283,VYPK
CN-0283,CY-NIC
CN-0283,IL-0003
CN-0283,VRMH
CN-0283,VNRB
CN-0283,ORAA
CN-0283,VYMS
CN-0283,LB-0005
CN-0283,VRMG
CN-0283,AM-0005
CN-0283,VYBG
CN-0283,VREI
CN-0283,ORSH
CN-0283,CY-0050
VRMM,CN-0284
VRMM,AM-0004
VRMM,MV-0002
VRMM,RCNN
VRMM,VDSR
VRMM,AM-0001
VRMM,SY-0028
VRMM,VNMG
VRMM,AZ-0003
VRMM,VNDP
VRMM,RCMS
VRMM,CN-0110
VRMM,LCEN
VRMM,CY-0025
VRMM,CY-0041
VRMM,UDLS
VRMM,LA-0003
VRMM,VNBR
VRMM,VREI
VRMM,ORBD
VRMM,LB-0005
VRMM,VLTK
VRMM,IL-0012
VRMM,UDSG
VRMM,CY-0007
VRMO,VRMU
VRMO,VLPV
VRMO,ORMM
VRMO,AM-0001
VRMO,IL-0006
VRMO,UDYE
VRMO,ID-KCI
VRMO,VLVT
VRMO,LCRA
VRMO,IQ-0029
VRMO,VDKC
VRMO,VLSV
VRMO,VNPK
VRMO,AM-0003
VRMO,VRMG
VRMO,RCLG
VRMO,AZ-0012
VRMO,RCNN
VRMO,VDSR
VRMO,ORKK
VRMO,LLET
VRMO,VNBR
VRMO,IQ-0043
VRMO,RCAY
VRMO,VNMA
VRMO,VYEL
VRMO,AZ-0016
VRMO,CY-0050
VRMO,MV-0011
VRMO,IQ-0005
VRMO,CY-0041
VRMO,VNVT
WPFL,SY-0028
WPFL,VDKT
WPFL,LA-0004
WPFL,WPDL
WPFL,VYPK
WPFL,VRMU
WPFL,VDBG
WPFL,CY-0001
WPFL,VYMK
WPFL,CY-0007
WPFL,AEQ
WPFL,VYLS
WPFL,VRMV
WPFL,VNLD
WPFL,RCLG
WPFL,VLTK
WPFL,KH-0001
WPFL,VLHS
WPFL,LCRA
WPFL,OLRA
WPFL,WPAT
WPFL,VYPE
WPFL,TW-0058
WPFL,VYPU
WPFL,VYAS
WPFL,RCXY
WPFL,VYMD
WPFL,LLMZ
WPFL,VYTN
VRMD,CY-0044
VRMD,MV-0004
VRMD,ORAA
VRMD,LLBS
VRMD,CN-0283
VRMD,UDSG
VRMD,LLET
VRMD,TW-0055
VRMD,CY-0001
VRMD,AM-0006
VRMD,MV-0008
VRMD,AM-0004
VRMD,AM-0002
VRMD,UBEE
VRMD,VDMK
VRMD,ORSH
VRMD,AZ-0006
VRMD,IQ-0016
VRMD,AM-0003
VRMD,VYPY
VRMD,IQ-0043
VRMD,VYPE
VRMD,LCRA
VRMD,CY-0070
VRMD,VLSN
VRMD,CN-0284
VRMD,LA-0004
WPVQ,VLSN
WPVQ,NP-0015
WPVQ,AZ-0018
WPVQ,VNPK
WPVQ,TW-0001
WPVQ,UBEE
WPVQ,IQ-0035
WPVQ,KMT
WPVQ,VLLN
WPVQ,OLBA
WPVQ,VRNT
WPVQ,VDKK
WPVQ,LA-0007
WPVQ,LA-0003
WPVQ,ORTI
WPVQ,UBBG
WPVQ,VNSI
WPVQ,IL-0011
WPVQ,OLKA
RCKU,LA-0007
RCKU,VNCG
RCKU,VNLT
RCKU,AM-0009
RCKU,VNBP
RCKU,VYMS
RCKU,OLKA
RCKU,TL-0001
RCKU,CN-0134
RCKU,VNDH
RCKU,ORDD
RCKU,CY-0050
RCKU,VYPT
RCKU,TW-0063
RCKU,UDSG
RCKU,IQ-0007
RCKU,IL-0006
RCKU,WPEC
RCKU,KMT
RCKU,VNBW
RCKU,IL-0003
RCKU,KH-0001
RCKU,VLSK
VRMG,VDBG
VRMG,LCRA
VRMG,CN-0235
VRMG,RCLG
VRMG,LA-0001
VRMG,LA-0003
VRMG,ORDD
VRMG,AM-0006
VRMG,VNSK
VRMG,VDKH
VRMG,LLET
VRMG,WPOC
VRMG,AZ-0018
VRMG,CY-0070
VRMG,KMT
VRMG,VDSR
VRMG,RCAY
VRMG,VRMO
VRMG,WPAT
VRMG,VNDH
VRMG,TW-CMJ
VRMG,UDSG
VRMG,WPEC
VRMG,SY-0028
VRMG,ZSJD
VRMG,AM-0009
VRMG,CN-0283
VRMG,IL-0008
VRMG,VYEL
VRMG,ZUUU
VRMH,VYBG
VRMH,WPDL
VRMH,CY-0025
VRMH,KH-0003
VRMH,AZ-0018
VRMH,UBBQ
VRMH,TW-CMJ
VRMH,PCQ
VRMH,VNTR
VRMH,KMT
VRMH,TW-0001
VRMH,MV-0002
VRMH,CN-0283
VRMH,ID-KCI
VRMH,VYMS
VRMH,OLRA
VRMH,UDSG
VRMH,AM-0002
VRMH,VRQM
VRMH,CN-0059
VRMH,AZ-0009
VRMH,IQ-0010
VRMH,VYSA
VRMH,CY-0071
TW-0007,TW-0006
TW-0007,VRQM
TW-0007,LCPH
TW-0007,ZSJD
TW-0007,VYHN
TW-0007,AZ-0003
TW-0007,LB-0004
TW-0007,IQ-0019
TW-0007,IL-0011
TW-0007,WPDB
TW-0007,VDKK
TW-0007,CN-0019
TW-0007,CY-0006
TW-0007,VRNT
TW-0007,TW-0004
TW-0007,LLTN
TW-0007,VLOS
TW-0007,VNMN
TW-0007,CY-0079
TW-0007,VLTK
TW-0007,IQ-0009
TW-0007,VDKC
TW-0007,UBBG
TW-0007,MV-0002
TW-0007,AZ-0016
TW-0007,IQ-0029
TW-0007,VNBW
TW-0007,CY-0008
AZ-0004,AZ-0003
AZ-0004,VRMU
AZ-0004,LLHA
AZ-0004,VYTY
AZ-0004,AZ-0012
AZ-0004,LLYO
AZ-0004,AM-0008
AZ-0004,NP-0015
AZ-0004,IQ-0007
AZ-0004,FJDG
AZ-0004,LA-0002
AZ-0004,VNDP
AZ-0004,LCPH
AZ-0004,ORTI
AZ-0004,CY-0025
AZ-0004,CY-0044
AZ-0004,VRMV
AZ-0004,AXF
AZ-0004,MV-0003
AZ-0004,VDMK
AZ-0004,MV-0002
AZ-0004,IL-0012
VYMS,AZ-0009
VYMS,CN-0284
VYMS,VRNT
VYMS,AM-0004
VYMS,AM-0002
VYMS,VNCG
VYMS,VYLN
VYMS,UB14
VYMS,VDSA
VYMS,KH-0001
VYMS,TW-0003
VYMS,RCKU
VYMS,VRMH
VYMS,AZ-0001
VYMS,MV-0001
VYMS,CN-0059
VYMS,LA-0002
VYMS,TL-0002
VYMS,CN-0283
VYMS,IQ-0019
VYMS,AM-0001
VYMS,LL1B
VYMS,AM-0005
VYMS,VNVT
VYMS,IQ-0005
VYMS,VRAH
VYMS,AZ-0003
VYMS,AZ-0006
VYMS,VNBW
TW-0006,VLPV
TW-0006,TW-0007
TW-0006,AM-0008
TW-0006,OLBA
TW-0006,ZGLD
TW-0006,VNSK
TW-0006,VLHS
TW-0006,VYMH
TW-0006,RCLG
TW-0006,VYPK
TW-0006,RCXY
TW-0006,AM-0009
TW-0006,IQ-0029
TW-0006,VYEL
TW-0006,AZ-0003
TW-0006,MV-0004
TW-0006,CN-0110
TW-0006,RCMS
TW-0006,AM-0003
TW-0006,VRMU
TW-0006,UDLS
TW-0006,VLAP
TW-0006,AM-0002
TW-0006,VYBG
UBBZ,AZ-0012
UBBZ,TW-0055
UBBZ,PCQ
UBBZ,LLBS
UBBZ,FND
UBBZ,VNRB
UBBZ,IQ-0016
UBBZ,TW-0058
UBBZ,LA-0002
UBBZ,LA-0006
UBBZ,VY02
UBBZ,VNDP
UBBZ,VREI
UBBZ,CN-0235
UBBZ,VNPK
UBBZ,ORBD
UBBZ,SY-0028
UBBZ,VRAH
UBBZ,VYPE
UBBZ,OLRA
UBBZ,LLYO
UBBZ,VLPV
UBBZ,VNBR
UBBZ,VNLD
UBBZ,VDKT
UBBZ,AM-0003
UBBZ,LCRA
UBBZ,WPDB
AZ-0006,WPEC
AZ-0006,VYLN
AZ-0006,AEQ
AZ-0006,SY-0028
AZ-0006,VLXK
AZ-0006,VRMD
AZ-0006,LLHA
AZ-0006,FND
AZ-0006,VNMN
AZ-0006,RCLG
AZ-0006,LLEK
AZ-0006,ZBAD
AZ-0006,LL59
AZ-0006,TW-0063
AZ-0006,ORBD
AZ-0006,VYMK
AZ-0006,VRNT
AZ-0006,KH-0001
AZ-0006,VYMS
AZ-0006,IQ-0007
AZ-0009,VRMV
AZ-0009,VYMS
AZ-0009,VDKC
AZ-0009,UDYZ
AZ-0009,LLTN
AZ-0009,ZHHH
AZ-0009,LA-0005
AZ-0009,ORSH
AZ-0009,LLYO
AZ-0009,VDRK
AZ-0009,CN-0284
AZ-0009,IL-0004
AZ-0009,TW-0039
AZ-0009,LLHA
AZ-0009,VRMH
AZ-0009,VYSA
AZ-0009,VNTH
AZ-0009,CY-0003
AZ-0009,CY-0044
AZ-0009,VLVT
VLTK,IQ-0029
VLTK,TW-0062
VLTK,LLBO
VLTK,OLBA
VLTK,UDYZ
VLTK,CN-0019
VLTK,CY-0041
VLTK,VLAP
VLTK,RCXY
VLTK,ORSH
VLTK,MV-0001
VLTK,ZUUU
VLTK,WPFL
VLTK,AM-0005
VLTK,VYTN
VLTK,TW-0007
VLTK,VYPY
VLTK,LCEN
VLTK,ORAA
VLTK,VYLS
VLTK,VRMM
VLTK,AM-0001
VLTK,VYLN
VLTK,VYMD
VLTK,CY-0006
VLTK,VDBG
VLTK,IQ-0032
VLTK,VLSN
VLTK,PCQ
VYMW,VRNT
VYMW,MV-0008
VYMW,PCQ
VYMW,VYMD
VYMW,VNMN
VYMW,ID-KCI
VYMW,IL-0008
VYMW,ZBAD
VYMW,LLBG
VYMW,Z19O
VYMW,CY-0007
VYMW,ORMM
VYMW,ORKK
VYMW,ZSJD
VYMW,VLVT
VYMW,AZ-0003
VYMW,VNBW
VYMW,VLSV
VYMW,LL1B
VYMW,TW-0003
VYMW,CY-0079
VYMW,SY-0028
VYMW,IQ-0010
VYMW,VYPK
VYMW,VNLD
VYMW,AZ-0018
VYMW,MV-0011
VYMW,VDSV
ORDD,CY-0007
ORDD,LCEN
ORDD,UG11
ORDD,VRNT
ORDD,IL-0008
ORDD,MV-0003
ORDD,OLKA
ORDD,AXF
ORDD,AM-0002
ORDD,ORKK
ORDD,VRMG
ORDD,WPDL
ORDD,IQ-0009
ORDD,VYPE
ORDD,TW-0039
ORDD,IL-0004
ORDD,AM-0005
ORDD,KH-0003
ORDD,RCKU
ORDD,VNDP
ORDD,LCRA
ORDD,CY-NIC
ORDD,UBBQ
ORDD,UBEE
ORDD,LLBS
ORDD,ZGLD
ORDD,VYTN
IL-0004,UBBQ
IL-0004,LA-0001
IL-0004,VNMN
IL-0004,LB-0005
IL-0004,CN-0186
IL-0004,SY-0028
IL-0004,CN-0059
IL-0004,VDKH
IL-0004,CY-0044
IL-0004,ORBD
IL-0004,ORSU
IL-0004,ORAA
IL-0004,ORDD
IL-0004,VLSV
IL-0004,PCQ
IL-0004,VYPY
IL-0004,AXF
IL-0004,AZ-0009
IL-0004,VNRB
IL-0004,TW-0053
IL-0004,OLRA
IL-0004,VLAP
IL-0004,LA-0002
IL-0004,IL-0006
IL-0004,TW-0003
IL-0004,VYHN
IL-0004,IQ-0029
IL-0004,IQ-0043
IL-0004,VRMV
IL-0004,CY-0008
VYMK,LB-0006
VYMK,KH-0001
VYMK,UG11
VYMK,VRDA
VYMK,UB12
VYMK,IL-0008
VYMK,CY-0071
VYMK,WPFL
VYMK,LB-0008
VYMK,VLSV
VYMK,MV-0010
VYMK,TW-0063
VYMK,LLMG
VYMK,MV-0008
VYMK,CN-0186
VYMK,UBBG
VYMK,ID-KCI
VYMK,ORKK
VYMK,VLAP
VYMK,LLHA
VYMK,MV-0011
VYMK,LA-0002
VYMK,AZ-0015
VYMK,ZGLD
VYMK,AZ-0006
VYMK,VNBW
IL-0003,VYLS
IL-0003,UBBG
IL-0003,LB-0004
IL-0003,ZBAD
IL-0003,ZHHH
IL-0003,RCAY
IL-0003,VLVT
IL-0003,NP-0015
IL-0003,VRDA
IL-0003,AM-0009
IL-0003,CN-0283
IL-0003,VYPK
IL-0003,WPDB
IL-0003,ORSU
IL-0003,TW-0032
IL-0003,WPMN
IL-0003,IQ-0009
IL-0003,VNMN
IL-0003,VDSA
IL-0003,AXF
IL-0003,TW-0039
IL-0003,CY-0005
IL-0003,VNPL
IL-0003,RCKU
IL-0003,UD21
CY-0025,VDSR
CY-0025,IQ-0032
CY-0025,VRMH
CY-0025,IQ-0035
CY-0025,AM-0007
CY-0025,TW-0032
CY-0025,LLET
CY-0025,PCQ
CY-0025,AZ-0013
CY-0025,VRMM
CY-0025,TW-0062
CY-0025,RCXY
CY-0025,KH-0001
CY-0025,RCMT
CY-0025,VYHN
CY-0025,AEQ
CY-0025,VREI
CY-0025,ZSJD
CY-0025,AZ-0004
CY-0025,VLXK
CY-0025,LLMG
CY-0025,TW-0058
CY-0025,VDPP
CY-0025,UB12
CY-0025,LLMR
AZ-0001,LL59
AZ-0001,LA-0007
AZ-0001,WPDB
AZ-0001,VYBG
AZ-0001,VYPT
AZ-0001,CN-0283
AZ-0001,ORMM
AZ-0001,TW-0001
AZ-0001,LLMR
AZ-0001,AZ-0012
AZ-0001,VNVT
AZ-0001,VYMS
AZ-0001,VNLT
AZ-0001,IQ-0032
AZ-0001,KMT
AZ-0001,LLYO
AZ-0001,CN-0019
AZ-0001,UDSG
AZ-0001,WPMN
AZ-0001,LB-0007
AZ-0001,VDKC
AZ-0001,AM-0002
AZ-0001,WPDL
AZ-0001,UBEE
AZ-0001,OLKA
AZ-0001,VNMG
AZ-0001,RCXY
LCPH,CY-0003
LCPH,SY-0028
LCPH,TW-0007
LCPH,UDYE
LCPH,CN-0359
LCPH,UBEE
LCPH,VRQM
LCPH,VDSY
LCPH,UDLS
LCPH,CY-0044
LCPH,CY-0007
LCPH,AM-0004
LCPH,CN-0059
LCPH,ZGLD
LCPH,VNCG
LCPH,VDSA
LCPH,OLRA
LCPH,MV-0008
LCPH,AZ-0004
LCPH,LCEN
LCPH,WPDB
LCPH,VNBW
LCPH,RCXY
LCPH,CN-0284
LCPH,LLHA
LCPH,VYBG
LCPH,MV-0002
LCPH,ZBAD
LCPH,CY-0001
LCPH,OLKA
LCPH,LLBS
LCPH,IL-0008
AZ-0003,VLLN
AZ-0003,AZ-0004
AZ-0003,VNBW
AZ-0003,LA-0004
AZ-0003,TW-0007
AZ-0003,VNPL
AZ-0003,VRMM
AZ-0003,ZGLD
AZ-0003,VYSA
AZ-0003,LCEN
AZ-0003,TW-0006
AZ-0003,CY-0079
AZ-0003,VDKT
AZ-0003,VYMW
AZ-0003,VRMV
AZ-0003,CY-0044
AZ-0003,LL1B
AZ-0003,LLMR
AZ-0003,AZ-0012
AZ-0003,AM-0002
AZ-0003,TW-0004
AZ-0003,VYMS
AZ-0003,AM-0009
AZ-0003,VLXL
AZ-0003,VYEL
LL1B,CN-0110
LL1B,MV-0010
LL1B,ORMM
LL1B,AXF
LL1B,FND
LL1B,VYAS
LL1B,VDSY
LL1B,RCLG
LL1B,CN-0359
LL1B,VYLN
LL1B,AM-0002
LL1B,VYTY
LL1B,VRMV
LL1B,VDSV
LL1B,AM-0007
LL1B,IQ-0009
LL1B,UDYE
LL1B,MV-0011
LL1B,WPAT
LL1B,RCAY
LL1B,AZ-0003
LL1B,SY-0028
LL1B,UD21
LL1B,LA-0001
LL1B,IQ-0010
LL1B,VYMW
LL1B,VYMS
LL1B,VYHN
LL1B,VNTR
IQ-0032,CY-0025
IQ-0032,VNTR
IQ-0032,KH-0001
IQ-0032,WPDB
IQ-0032,AZ-0010
IQ-0032,ORQW
IQ-0032,VNLD
IQ-0032,VLPV
IQ-0032,LLHA
IQ-0032,AM-0008
IQ-0032,LLBS
IQ-0032,UBBG
IQ-0032,LLET
IQ-0032,AZ-0001
IQ-0032,AM-0004
IQ-0032,VYTY
IQ-0032,LLBO
IQ-0032,CY-0002
IQ-0032,AM-0002
IQ-0032,IQ-0010
IQ-0032,UD21
IQ-0032,VYLN
IQ-0032,AM-0007
IQ-0032,IQ-0051
IQ-0032,ORKK
IQ-0032,VLTK
IL-0008,KH-0002
IL-0008,RCLG
IL-0008,VNMN
IL-0008,ORDD
IL-0008,LB-0004
IL-0008,VYMW
IL-0008,TW-0003
IL-0008,ORKK
IL-0008,LA-0003
IL-0008,ZGLD
IL-0008,VDSR
IL-0008,VYMK
IL-0008,TW-0058
IL-0008,FND
IL-0008,Z19O
IL-0008,ORBD
IL-0008,TW-0062
IL-0008,VYTN
IL-0008,VDPP
IL-0008,CN-0040
IL-0008,VYTY
IL-0008,CN-0284
IL-0008,VRMG
IL-0008,VNMA
IL-0008,VYPY
IL-0008,ID-KCI
IL-0008,ZBAD
IL-0008,LA-0002
IL-0008,LB-0007
IL-0008,LCPH
IL-0006,AEQ
IL-0006,IQ-0029
IL-0006,ORSH
IL-0006,VNSK
IL-0006,AM-0001
IL-0006,UB12
IL-0006,CY-0079
IL-0006,VRMO
IL-0006,MV-0008
IL-0006,TW-0062
IL-0006,VLLN
IL-0006,ORSU
IL-0006,PCQ
IL-0006,AM-0007
IL-0006,RCKU
IL-0006,AM-0005
IL-0006,IL-0004
IL-0006,VNTH
IL-0006,VNMA
IQ-0035,CY-0041
IQ-0035,VLLN
IQ-0035,CY-0025
IQ-0035,LA-0002
IQ-0035,LB-0008
IQ-0035,LLYO
IQ-0035,VNMN
IQ-0035,AEQ
IQ-0035,VLPV
IQ-0035,WPVQ
IQ-0035,WPOC
IQ-0035,TW-0032
IQ-0035,VYTY
IQ-0035,CY-0044
IQ-0035,RCNN
IQ-0035,VDRK
IQ-0035,SY-0028
IQ-0035,LA-0004
IQ-0035,MV-0001
IQ-0035,VNMA
IQ-0035,UBBA
IQ-0035,LA-0001
IQ-0035,VRQM
IQ-0035,ORMM
IQ-0035,VYPT
IQ-0035,VY02
IQ-0035,VYSA
IQ-0035,AM-0002
RCNN,VYLN
RCNN,MV-0011
RCNN,IQ-0010
RCNN,VYSA
RCNN,VYMH
RCNN,CY-0050
RCNN,VRMM
RCNN,UGEJ
RCNN,IQ-0043
RCNN,LLBO
RCNN,ZUBJ
RCNN,CY-0003
RCNN,MV-0004
RCNN,MV-0003
RCNN,AM-0007
RCNN,VLPV
RCNN,VDKT
RCNN,ORKK
RCNN,TW-0055
RCNN,VRMO
RCNN,IQ-0035
RCNN,VNTR
RCNN,ZBAD
RCNN,TW-0062
RCNN,LA-0004
RCNN,CY-0008
RCNN,CY-0004
RCNN,WPMN
RCNN,CN-0110
RCNN,UDSG
RCNN,VLSK
RCNN,ORSH
RCNN,LLMG
RCNN,VYLS
TW-0001,TW-0032
TW-0001,VRMV
TW-0001,ORKK
TW-0001,FJDG
TW-0001,TW-0058
TW-0001,VDKT
TW-0001,CN-0110
TW-0001,WPVQ
TW-0001,AZ-0001
TW-0001,VRMH
TW-0001,VLOS
TW-0001,CY-0007
TW-0001,VNPL
TW-0001,ID-KCI
TW-0001,VYPE
TW-0001,VNSK
TW-0001,RCAY
TW-0001,CY-0070
TW-0001,LB-0007
TW-0001,CN-0186
TW-0001,ZBAD
TW-0001,IQ-0016
TW-0001,Z19O
TW-0001,VNLD
TW-0001,VLLN
TW-0001,CY-0044
TW-0001,UBBQ
TW-0001,VYTN
TW-0001,VLXL
TW-0001,VYPT
TW-0001,ZUUU
TW-0003,MV-0004
TW-0003,ID-KCI
TW-0003,CN-0283
TW-0003,CY-0050
TW-0003,AM-0003
TW-0003,VDRK
TW-0003,WPDL
TW-0003,UB14
TW-0003,IL-0008
TW-0003,WPOC
TW-0003,CY-0007
TW-0003,VYMS
TW-0003,VNMG
TW-0003,VYTN
TW-0003,IQ-0005
TW-0003,CN-0019
TW-0003,VYMW
TW-0003,RCMS
TW-0003,OMY
TW-0003,OLBA
TW-0003,IL-0004
TW-0003,IQ-0051
TW-0003,VNVT
TW-0003,VLSV
TW-0003,OLKA
TW-0004,LA-0004
TW-0004,MV-0001
TW-0004,FND
TW-0004,WPOC
TW-0004,VNTH
TW-0004,TW-0007
TW-0004,ORBD
TW-0004,VDKH
TW-0004,AM-0001
TW-0004,LCEN
TW-0004,AZ-0010
TW-0004,ORQW
TW-0004,VYBG
TW-0004,IQ-0005
TW-0004,VNDP
TW-0004,VRDA
TW-0004,VLPV
TW-0004,VDSV
TW-0004,ORSH
TW-0004,KH-0002
TW-0004,AM-0007
TW-0004,VRNT
TW-0004,AZ-0003
TW-0004,IQ-0016
TW-0004,LA-0007
TW-0004,VNSK
TW-0004,UDSG
TW-0004,FJDG
AZ-0016,VYPT
AZ-0016,WPMN
AZ-0016,CY-0003
AZ-0016,LCLK
AZ-0016,UDLS
AZ-0016,UBBQ
AZ-0016,ZHHH
AZ-0016,AZ-0015
AZ-0016,WPOC
AZ-0016,VNMA
AZ-0016,VDSR
AZ-0016,RCMS
AZ-0016,CN-0134
AZ-0016,VYTY
AZ-0016,LLHA
AZ-0016,IL-0012
AZ-0016,KH-0003
AZ-0016,VYSA
AZ-0016,VNLT
AZ-0016,TW-0007
AZ-0016,CY-0041
AZ-0016,VLSN
AZ-0016,VRMO
AZ-0016,CN-0284
AZ-0016,CN-0331
AZ-0016,CN-0110
ORSU,FJDG
ORSU,VNBW
ORSU,UDSG
ORSU,VRAH
ORSU,LLBO
ORSU,CY-0005
ORSU,VDKT
ORSU,IL-0004
ORSU,RCAY
ORSU,AM-0003
ORSU,RCMT
ORSU,OLBA
ORSU,IL-0003
ORSU,IL-0006
ORSU,CY-NIC
ORSU,Z19O
ORSU,LLMZ
ORSU,VYHN
ORSU,NP-0015
ORSU,ZUUU
ORSU,VNTR
ORSU,IQ-0016
ORSU,VNRB
ORSU,LA-0001
AZ-0015,MV-0011
AZ-0015,VYMD
AZ-0015,TL-0001
AZ-0015,NP-0015
AZ-0015,VYPE
AZ-0015,VNSI
AZ-0015,UDYE
AZ-0015,AM-0006
AZ-0015,VYLN
AZ-0015,LA-0001
AZ-0015,VNPK
AZ-0015,AZ-0016
AZ-0015,MV-0001
AZ-0015,TW-0063
AZ-0015,MV-0002
AZ-0015,VNVT
AZ-0015,VYSA
AZ-0015,CN-0019
AZ-0015,PCQ
AZ-0015,LLNV
AZ-0015,AM-0002
AZ-0015,VYMK
AZ-0018,VNMA
AZ-0018,LLBS
AZ-0018,VLSN
AZ-0018,LA-0007
AZ-0018,VRMH
AZ-0018,WPVQ
AZ-0018,ZGLD
AZ-0018,UDSG
AZ-0018,YYA
AZ-0018,UD21
AZ-0018,VRMG
AZ-0018,UDLS
AZ-0018,VYPT
AZ-0018,CN-0235
AZ-0018,Z19O
AZ-0018,ZSJD
AZ-0018,FND
AZ-0018,CY-0041
AZ-0018,VYBG
AZ-0018,LL59
AZ-0018,UG11
AZ-0018,VDKH
AZ-0018,VYMW
VYLS,VLHS
VYLS,IL-0003
VYLS,VYTN
VYLS,VYMH
VYLS,LLEK
VYLS,IQ-0051
VYLS,CN-0235
VYLS,VLSN
VYLS,LLNV
VYLS,CY-0079
VYLS,TW-0032
VYLS,VNDP
VYLS,VDSA
VYLS,WPFL
VYLS,LLHA
VYLS,IQ-0016
VYLS,VYLN
VYLS,OLRA
VYLS,VYPY
VYLS,ORKK
VYLS,CY-0050
VYLS,VLSV
VYLS,IQ-0029
VYLS,VDMK
VYLS,VLTK
VYLS,VNTR
VYLS,UBBQ
VYLS,UBBA
VYLS,LLBS
VYLS,VDKT
VYLS,RCMS
VYLS,VREI
VYLS,RCNN
VDSR,VNPK
VDSR,CY-0025
VDSR,VRMM
VDSR,OLKA
VDSR,RCMT
VDSR,IL-0008
VDSR,CY-0041
VDSR,VNBR
VDSR,PCQ
VDSR,LB-0008
VDSR,SY-0028
VDSR,WPAT
VDSR,AZ-0016
VDSR,VRMG
VDSR,OMY
VDSR,VNSI
VDSR,LB-0005
VDSR,VRMO
VDSR,IQ-0016
VDSR,LLTN
VDSR,VYPT
VDSR,RCMS
VDSR,TL-0001
VDSR,VRNT
VDSR,VLXK
VDSR,LA-0005
VDSR,TW-0058
VDSR,LLMR
VDSR,VDKK
VDSR,VNDH
VDSR,MV-0001
VDSR,LA-0003
CN-0019,VNVT
CN-0019,VLXK
CN-0019,ZGLD
CN-0019,UDYZ
CN-0019,WPOC
CN-0019,ORSH
CN-0019,ORMM
CN-0019,VLTK
CN-0019,VYAS
CN-0019,TW-0007
CN-0019,TW-0003
CN-0019,CY-0070
CN-0019,VDMK
CN-0019,UDYE
CN-0019,AM-0007
CN-0019,VNSI
CN-0019,VYTN
CN-0019,AZ-0015
CN-0019,LLBS
CN-0019,AZ-0001
CN-0019,VDSV
CN-0019,VYPK
CN-0019,CY-0001
CN-0019,UDSG
CN-0019,TW-0063
CN-0019,CN-0040
CN-0019,CY-0044
CN-0019,VNRB
CN-0019,LA-0006
CN-0019,VNTR
CN-0019,TL-0001
CN-0019,VRDA
VLSK,VYSA
VLSK,LLMR
VLSK,UG11
VLSK,CY-0001
VLSK,VDPP
VLSK,LB-0007
VLSK,KH-0002
VLSK,IQ-0007
VLSK,ZBAD
VLSK,IL-0012
VLSK,LCRA
VLSK,ORMM
VLSK,LA-0007
VLSK,VDBG
VLSK,VLXK
VLSK,VRNT
VLSK,CN-0040
VLSK,VNCG
VLSK,RCNN
VLSK,LLHA
VLSK,UDSG
VLSK,VNSI
VLSK,RCKU
VLSK,CY-0002
CN-0134,TL-0002
CN-0134,IQ-0007
CN-0134,ORMM
CN-0134,ORAA
CN-0134,VYPK
CN-0134,LLMG
CN-0134,VY02
CN-0134,FJDG
CN-0134,AZ-0016
CN-0134,VDBG
CN-0134,RCKU
CN-0134,VYBG
CN-0134,RCMT
CN-0134,VNTR
CN-0134,UDLS
CN-0134,ZGLD
CN-0134,VYSA
CN-0134,UBBG
CN-0134,AM-0005
CN-0134,VDKK
CN-0134,IL-0011
AZ-0010,ZUBJ
AZ-0010,CY-0071
AZ-0010,LA-0007
AZ-0010,CY-0002
AZ-0010,AM-0006
AZ-0010,IQ-0032
AZ-0010,VYPT
AZ-0010,VNLT
AZ-0010,OMY
AZ-0010,VDSV
AZ-0010,LLBG
AZ-0010,VNDP
AZ-0010,TW-0032
AZ-0010,TW-0004
AZ-0010,AZ-0012
AZ-0010,TW-0058
AZ-0010,TW-0039
AZ-0010,RCMS
AZ-0010,AXF
AZ-0010,VYHN
AZ-0010,IQ-0010
AZ-0010,VNMN
AZ-0010,KH-0002
AZ-0010,LA-0002
VRNT,VNBR
VRNT,VYMW
VRNT,VNSK
VRNT,VYMS
VRNT,ZSJD
VRNT,ORDD
VRNT,VLSV
VRNT,LLYO
VRNT,TW-0007
VRNT,TW-0062
VRNT,IQ-0005
VRNT,WPVQ
VRNT,AM-0004
VRNT,CY-0041
VRNT,VLSK
VRNT,TL-0001
VRNT,VDSR
VRNT,TW-0004
VRNT,VDBG
VRNT,VNRB
VRNT,LCLK
VRNT,CY-0079
VRNT,AZ-0006
UBBA,CN-0235
UBBA,VDSY
UBBA,VDMK
UBBA,VRMV
UBBA,VNSI
UBBA,VNTH
UBBA,CN-0059
UBBA,MV-0001
UBBA,VYMD
UBBA,VLLN
UBBA,MV-0010
UBBA,UG11
UBBA,CY-0071
UBBA,CY-0007
UBBA,WPEC
UBBA,LB-0005
UBBA,VNDP
UBBA,IQ-0035
UBBA,UB18
UBBA,VYLS
UBBA,VYSA
UBBA,LLBS
AZ-0012,IL-0012
AZ-0012,UBBZ
AZ-0012,VLAP
AZ-0012,CY-0001
AZ-0012,VNTH
AZ-0012,RCAY
AZ-0012,AZ-0004
AZ-0012,FND
AZ-0012,VYPK
AZ-0012,VLOS
AZ-0012,VLLN
AZ-0012,AZ-0001
AZ-0012,RCMT
AZ-0012,VNVT
AZ-0012,VYBG
AZ-0012,AZ-0010
AZ-0012,VYAS
AZ-0012,VRMO
AZ-0012,LA-0006
AZ-0012,AZ-0003
AZ-0012,VNCG
AZ-0012,ZUUU
AZ-0012,CY-0005
AZ-0012,VRAH
AZ-0012,CY-0070
AZ-0012,CY-0004
AZ-0012,LLHA
AZ-0012,LB-0008
AZ-0012,UBEE
AZ-0012,LB-0005
AZ-0012,UDYZ
AZ-0012,CY-0006
AZ-0012,UGEJ
VYLN,AZ-0006
VYLN,RCNN
VYLN,RCAY
VYLN,VYMS
VYLN,LA-0003
VYLN,AZ-0015
VYLN,VREI
VYLN,IQ-0043
VYLN,LL1B
VYLN,WPDL
VYLN,VLPV
VYLN,VRAH
VYLN,VYPT
VYLN,VNLD
VYLN,VNSI
VYLN,VYLS
VYLN,LCLK
VYLN,MV-0004
VYLN,VNPK
VYLN,TL-0002
VYLN,ZSJD
VYLN,KH-0001
VYLN,VLTK
VYLN,IQ-0032
VYLN,UDLS
VYLN,CY-0079
VYLN,OMY
VYLN,CY-0008
VYLN,CN-0235
VYLN,VNCG
VYLN,VNBW
AZ-0013,LA-0006
AZ-0013,IQ-0051
AZ-0013,VYHN
AZ-0013,YYA
AZ-0013,CY-NIC
AZ-0013,CY-0025
AZ-0013,CY-0001
AZ-0013,VDMK
AZ-0013,OLKA
AZ-0013,ORAA
AZ-0013,MV-0004
AZ-0013,VYAS
AZ-0013,VDSA
AZ-0013,WPAT
AZ-0013,IQ-0043
AZ-0013,OLRA
AZ-0013,VNRB
AZ-0013,LLBS
AZ-0013,VNSI
AZ-0013,VNBR
AZ-0013,CN-0059
VLSV,KH-0003
VLSV,LLHA
VLSV,CY-0004
VLSV,CY-0050
VLSV,AXF
VLSV,VRNT
VLSV,RCMT
VLSV,Z19O
VLSV,NP-0015
VLSV,IQ-0029
VLSV,IQ-0051
VLSV,ZGLD
VLSV,VYMK
VLSV,VLXL
VLSV,OLRA
VLSV,IL-0004
VLSV,VYPE
VLSV,VRMO
VLSV,VDBG
VLSV,VYMW
VLSV,IQ-0016
VLSV,TW-0032
VLSV,VYLS
VLSV,VYHN
VLSV,VDSY
VLSV,FJDG
VLSV,VYMH
VLSV,LLMR
VLSV,LB-0008
VLSV,VLVT
VLSV,TW-0003
VLSV,ORTI
VLSV,AM-0004
VLSV,OLBA
RCMS,VNPL
RCMS,CN-0110
RCMS,MV-0008
RCMS,LB-0008
RCMS,TW-0055
RCMS,VRQM
RCMS,VRMV
RCMS,UDYE
RCMS,ZUBJ
RCMS,Z19O
RCMS,VRMM
RCMS,WPMN
RCMS,AZ-0016
RCMS,TW-0006
RCMS,VDKH
RCMS,VDSV
RCMS,AZ-0010
RCMS,VDSR
RCMS,AM-0005
RCMS,TW-0003
RCMS,VLVT
RCMS,IQ-0019
RCMS,VNDP
RCMS,VLLN
RCMS,LA-0005
RCMS,VYLS
RCMS,LLEK
VYMD,AZ-0015
VYMD,ZBAD
VYMD,VYMW
VYMD,VDBG
VYMD,LLTN
VYMD,AM-0004
VYMD,UBBA
VYMD,UDSG
VYMD,IQ-0005
VYMD,LLBG
VYMD,CN-0059
VYMD,VLTK
VYMD,VLXL
VYMD,WPFL
UBBG,IL-0003
UBBG,CY-0007
UBBG,WPDB
UBBG,VDMK
UBBG,ORMM
UBBG,IQ-0032
UBBG,OLRA
UBBG,WPEC
UBBG,CN-0284
UBBG,VYPK
UBBG,ZHHH
UBBG,LA-0005
UBBG,VYPY
UBBG,LCRA
UBBG,WPMN
UBBG,VYMK
UBBG,RCXY
UBBG,MV-0001
UBBG,TW-0007
UBBG,IQ-0005
UBBG,VNBP
UBBG,CY-0005
UBBG,CN-0134
UBBG,WPAT
UBBG,WPVQ
UBBG,MV-0011
VYMH,CY-0002
VYMH,TW-0039
VYMH,VRQM
VYMH,RCNN
VYMH,VYLS
VYMH,AM-0009
VYMH,TW-0006
VYMH,AM-0004
VYMH,VNVT
VYMH,ZGLD
VYMH,AXF
VYMH,CY-0005
VYMH,VNMA
VYMH,CN-0110
VYMH,FND
VYMH,VLSV
VYMH,CN-0059
VYMH,VYEL
VYMH,SY-0028
VDSV,LCEN
VDSV,LLMZ
VDSV,ORMM
VDSV,VNSK
VDSV,VNLT
VDSV,LLNV
VDSV,VDKH
VDSV,LLYO
VDSV,VNDH
VDSV,AZ-0010
VDSV,ZUBJ
VDSV,LL1B
VDSV,VRAH
VDSV,VYBG
VDSV,RCMS
VDSV,VLOS
VDSV,TW-0004
VDSV,CN-0019
VDSV,VLPV
VDSV,UGEJ
VDSV,UBBQ
VDSV,LL59
VDSV,KH-0002
VDSV,AM-0004
VDSV,VYMW
VLSN,VYHN
VLSN,WPVQ
VLSN,OLBA
VLSN,LLBO
VLSN,AZ-0018
VLSN,CY-0007
VLSN,LLBG
VLSN,LA-0004
VLSN,LB-0007
VLSN,VYLS
VLSN,VNSI
VLSN,LA-0006
VLSN,FND
VLSN,WPOC
VLSN,VY02
VLSN,VYPY
VLSN,VYSA
VLSN,KH-0003
VLSN,IQ-0019
VLSN,CN-0331
VLSN,AM-0004
VLSN,LLYO
VLSN,AZ-0016
VLSN,VNBW
VLSN,VRMD
VLSN,UB12
VLSN,FJDG
VLSN,MV-0003
VLSN,VLTK
VLSN,MV-0010
UBBQ,ORMM
UBBQ,IL-0004
UBBQ,AZ-0016
UBBQ,VRMH
UBBQ,ORAA
UBBQ,LB-0006
UBBQ,CN-0186
UBBQ,IL-0011
UBBQ,RCLG
UBBQ,VNMG
UBBQ,ZBAD
UBBQ,ORDD
UBBQ,LL59
UBBQ,TW-0001
UBBQ,VYLS
UBBQ,VRDA
UBBQ,UDLS
UBBQ,VDSV
UBBQ,LLMR
UBBQ,OMY
UBBQ,ZUBJ
UBBQ,TL-0001
IQ-0029,IL-0006
IQ-0029,VLTK
IQ-0029,AM-0003
IQ-0029,ORSH
IQ-0029,MV-0011
IQ-0029,OMY
IQ-0029,LLEK
IQ-0029,LLMR
IQ-0029,LLBS
IQ-0029,AM-0009
IQ-0029,VNPL
IQ-0029,CN-0059
IQ-0029,IQ-0005
IQ-0029,UDYZ
IQ-0029,VLSV
IQ-0029,TW-0006
IQ-0029,VRMO
IQ-0029,AM-0005
IQ-0029,CY-0041
IQ-0029,VNRB
IQ-0029,RCLG
IQ-0029,VRDA
IQ-0029,VYLS
IQ-0029,ORBD
IQ-0029,IL-0004
IQ-0029,TW-0007
IQ-0029,UDLS
VDSY,UBBA
VDSY,ZGLD
VDSY,LL1B
VDSY,ORMM
VDSY,LB-0008
VDSY,LCPH
VDSY,LLNV
VDSY,TW-0058
VDSY,UBEE
VDSY,CY-0006
VDSY,WPEC
VDSY,VYPY
VDSY,CY-0041
VDSY,VNRB
VDSY,VLSV
VDSY,CN-0059
VDSY,LL59
VDSY,NP-0015
ORTI,VNCG
ORTI,CN-0235
ORTI,LLBO
ORTI,VLHS
ORTI,LA-0005
ORTI,KH-0002
ORTI,VRDA
ORTI,ZUBJ
ORTI,CY-0044
ORTI,LCRA
ORTI,AM-0007
ORTI,UB18
ORTI,AZ-0004
ORTI,VNTR
ORTI,ORQW
ORTI,MV-0002
ORTI,WPVQ
ORTI,CY-NIC
ORTI,VDMK
ORTI,VLSV
RCMT,Z19O
RCMT,AM-0003
RCMT,IQ-0010
RCMT,VLSV
RCMT,CN-0110
RCMT,VYSA
RCMT,VRQM
RCMT,VDSR
RCMT,VYHN
RCMT,AZ-0012
RCMT,ORSU
RCMT,RCAY
RCMT,VYTY
RCMT,LL59
RCMT,CY-0025
RCMT,UB18
RCMT,TL-0001
RCMT,VNBW
RCMT,VLHS
RCMT,CN-0134
RCMT,TW-0055
RCMT,TW-0058
RCMT,CY-0071
RCMT,CY-0079
RCMT,IQ-0007
RCMT,AM-0002
LCRA,VRMG
LCRA,VNMA
LCRA,VLXK
LCRA,LLNV
LCRA,CY-0006
LCRA,VLSK
LCRA,VRMO
LCRA,TW-0053
LCRA,CN-0040
LCRA,ORTI
LCRA,IQ-0010
LCRA,TW-CMJ
LCRA,UBBG
LCRA,ORDD
LCRA,TL-0002
LCRA,VRMU
LCRA,VRAH
LCRA,VRMD
LCRA,TL-0001
LCRA,WPFL
LCRA,MV-0011
LCRA,CY-0004
LCRA,UBBZ
CY-0041,TW-CMJ
CY-0041,IQ-0035
CY-0041,IQ-0007
CY-0041,MV-0011
CY-0041,CN-0331
CY-0041,VLTK
CY-0041,OLBA
CY-0041,VDSR
CY-0041,ZUUU
CY-0041,MV-0003
CY-0041,VRMM
CY-0041,VYHN
CY-0041,TW-0032
CY-0041,IQ-0029
CY-0041,CY-NIC
CY-0041,VRQM
CY-0041,UDLS
CY-0041,VNMN
CY-0041,LLMZ
CY-0041,VRNT
CY-0041,VDSY
CY-0041,AZ-0018
CY-0041,IQ-0009
CY-0041,AZ-0016
CY-0041,MV-0004
CY-0041,VRMO
CY-0041,LA-0004
CY-0041,CN-0059
CY-0044,LB-0004
CY-0044,VRMD
CY-0044,MV-0003
CY-0044,VNCG
CY-0044,IL-0004
CY-0044,WPAT
CY-0044,ORTI
CY-0044,LA-0001
CY-0044,LCPH
CY-0044,LB-0006
CY-0044,ORBD
CY-0044,LL59
CY-0044,ORQW
CY-0044,IQ-0035
CY-0044,PCQ
CY-0044,AZ-0003
CY-0044,UBEE
CY-0044,AZ-0004
CY-0044,CY-0079
CY-0044,CY-0070
CY-0044,LLMG
CY-0044,VYPE
CY-0044,TW-0001
CY-0044,CN-0019
CY-0044,UDYE
CY-0044,AZ-0009
CY-0044,OMY
CY-0044,VDRK
UBEE,CN-0040
UBEE,TW-0053
UBEE,MV-0011
UBEE,VNTR
UBEE,VNMG
UBEE,AM-0005
UBEE,LCEN
UBEE,LCPH
UBEE,IQ-0043
UBEE,WPVQ
UBEE,MV-0010
UBEE,VLXK
UBEE,VRMD
UBEE,VDSY
UBEE,CY-0044
UBEE,TW-0039
UBEE,ORDD
UBEE,FJDG
UBEE,UDLS
UBEE,AZ-0001
UBEE,AZ-0012
UBEE,CY-0005
VRAH,CN-0331
VRAH,CY-0008
VRAH,VNLD
VRAH,ORSU
VRAH,ZHHH
VRAH,OLKA
VRAH,OMY
VRAH,VNBW
VRAH,VYLN
VRAH,VDSV
VRAH,LB-0007
VRAH,VNMA
VRAH,UBBZ
VRAH,LLBS
VRAH,LLBO
VRAH,LCRA
VRAH,VDMK
VRAH,CN-0186
VRAH,VYMS
VRAH,AZ-0012
VRAH,CY-0005
VYPE,UGEJ
VYPE,CY-0001
VYPE,AZ-0015
VYPE,IQ-0043
VYPE,LLTN
VYPE,ORDD
VYPE,IL-0011
VYPE,LB-0005
VYPE,TW-0001
VYPE,AEQ
VYPE,VLSV
VYPE,CN-0235
VYPE,UB12
VYPE,TW-0053
VYPE,LLBO
VYPE,IQ-0005
VYPE,UBBZ
VYPE,VRMD
VYPE,CY-0044
VYPE,WPFL
VYPE,VDBG
VYPE,VNMA
VYPE,LA-0006
VYPE,VYPT
IQ-0010,AM-0007
IQ-0010,RCNN
IQ-0010,RCMT
IQ-0010,VNBP
IQ-0010,ORMM
IQ-0010,ZHHH
IQ-0010,UB18
IQ-0010,RCXY
IQ-0010,LCRA
IQ-0010,LLBO
IQ-0010,OMY
IQ-0010,VDMK
IQ-0010,LL1B
IQ-0010,VYMW
IQ-0010,IQ-0032
IQ-0010,AZ-0010
IQ-0010,VRMH
IQ-0010,IQ-0043
IQ-0010,KH-0002
OLKA,VNSI
OLKA,VREI
OLKA,ORDD
OLKA,VDSR
OLKA,MV-0003
OLKA,VDKT
OLKA,VRAH
OLKA,RCXY
OLKA,OMY
OLKA,RCAY
OLKA,AZ-0013
OLKA,SY-0028
OLKA,VY02
OLKA,RCKU
OLKA,LCEN
OLKA,AM-0001
OLKA,LLBS
OLKA,ORMM
OLKA,LA-0006
OLKA,TW-CMJ
OLKA,VYTY
OLKA,VNMN
OLKA,AZ-0001
OLKA,VLXK
OLKA,LCPH
OLKA,OLRA
OLKA,TW-0032
OLKA,VNBW
OLKA,TW-0003
OLKA,WPVQ
VYPK,UB12
VYPK,CN-0359
VYPK,WPFL
VYPK,KH-0003
VYPK,TW-0053
VYPK,CN-0283
VYPK,CN-0134
VYPK,CN-0331
VYPK,TW-0006
VYPK,AZ-0012
VYPK,VNLT
VYPK,VNDP
VYPK,ZHHH
VYPK,VNPK
VYPK,UBBG
VYPK,CN-0186
VYPK,VDMK
VYPK,IL-0003
VYPK,LLMG
VYPK,VYPT
VYPK,LCLK
VYPK,MV-0002
VYPK,CN-0019
VYPK,TL-0001
VYPK,VYMW
VYPK,AM-0006
VYPK,CN-0110
VYPK,SY-0028
VYPK,LLEK
VYPK,CY-0070
UDYZ,CY-0071
UDYZ,VNSI
UDYZ,IQ-0019
UDYZ,AM-0004
UDYZ,MV-0010
UDYZ,CN-0019
UDYZ,AZ-0009
UDYZ,VNBW
UDYZ,VLTK
UDYZ,TW-CMJ
UDYZ,IQ-0029
UDYZ,VNDP
UDYZ,IQ-0007
UDYZ,ORKK
UDYZ,LA-0004
UDYZ,ORMM
UDYZ,TW-0062
UDYZ,VNLT
UDYZ,VNLD
UDYZ,CN-0235
UDYZ,OLBA
UDYZ,AXF
UDYZ,AZ-0012
UDYZ,MV-0003
LLTN,PCQ
LLTN,VYPU
LLTN,AM-0008
LLTN,LLYO
LLTN,VLPV
LLTN,AZ-0009
LLTN,AXF
LLTN,TW-CMJ
LLTN,VYPE
LLTN,VDKT
LLTN,VYMD
LLTN,WPDL
LLTN,TW-0007
LLTN,Z19O
LLTN,VDSR
LLTN,IL-0012
LLTN,MV-0003
LLTN,IQ-0019
LLTN,TW-0062
LLTN,LA-0007
LLTN,SY-0028
IQ-0016,VNTH
IQ-0016,PCQ
IQ-0016,TW-0053
IQ-0016,UBBZ
IQ-0016,VNCG
IQ-0016,IQ-0043
IQ-0016,AM-0008
IQ-0016,VDMK
IQ-0016,IL-0012
IQ-0016,LA-0002
IQ-0016,VNSI
IQ-0016,VRMD
IQ-0016,VRQM
IQ-0016,VYLS
IQ-0016,VDSR
IQ-0016,TW-0001
IQ-0016,ZBAD
IQ-0016,CY-0002
IQ-0016,VLSV
IQ-0016,VNSK
IQ-0016,FND
IQ-0016,CY-0079
IQ-0016,VNMG
IQ-0016,VNLT
IQ-0016,IL-0011
IQ-0016,LLHA
IQ-0016,ORSU
IQ-0016,TW-0004
IQ-0016,CN-0235
IQ-0016,MV-0004
IQ-0016,LA-0006
VLVT,ZGLD
VLVT,VDKC
VLVT,OMY
VLVT,AM-0002
VLVT,IL-0003
VLVT,VRMO
VLVT,LLNV
VLVT,LLMR
VLVT,VYMW
VLVT,VNBP
VLVT,MV-0010
VLVT,RCMS
VLVT,ZBAD
VLVT,OLBA
VLVT,VLSV
VLVT,AZ-0009
VLVT,CN-0186
VLVT,TW-0058
VLVT,UB18
IQ-0019,CN-0283
IQ-0019,VNBR
IQ-0019,UDYZ
IQ-0019,TW-0007
IQ-0019,LB-0007
IQ-0019,VDKC
IQ-0019,ID-KCI
IQ-0019,VNDH
IQ-0019,MV-0008
IQ-0019,WPMN
IQ-0019,IQ-0005
IQ-0019,VLSN
IQ-0019,UDLS
IQ-0019,WPAT
IQ-0019,CN-0235
IQ-0019,VRMV
IQ-0019,WPDB
IQ-0019,ORAA
IQ-0019,VNTR
IQ-0019,VYMS
IQ-0019,VYPY
IQ-0019,CN-0331
IQ-0019,FND
IQ-0019,LLTN
IQ-0019,RCMS
IQ-0019,VNLD
IQ-0019,AM-0008
IQ-0019,IL-0011
IQ-0019,VDKH
TW-0039,VYMH
TW-0039,CY-0070
TW-0039,UGEJ
TW-0039,UDYE
TW-0039,VNLT
TW-0039,WPOC
TW-0039,AM-0007
TW-0039,CY-0007
TW-0039,LA-0001
TW-0039,ORDD
TW-0039,IQ-0051
TW-0039,LLEK
TW-0039,RCLG
TW-0039,VRMV
TW-0039,AZ-0010
TW-0039,WPDL
TW-0039,WPAT
TW-0039,PCQ
TW-0039,KMT
TW-0039,AZ-0009
TW-0039,IL-0003
TW-0039,UBEE
TW-0039,TL-0001
TW-0039,CY-0001
TW-0039,YYA
TW-0039,CY-0005
TW-0039,LA-0007
CN-0359,VYPK
CN-0359,UDSG
CN-0359,IQ-0043
CN-0359,LCPH
CN-0359,VNMA
CN-0359,IQ-0009
CN-0359,CY-0001
CN-0359,LL1B
CN-0359,VLXK
CN-0359,FND
CN-0359,NP-0015
CN-0359,VLAP
CN-0359,WPDL
CN-0359,OMY
CN-0359,CY-0050
CN-0359,LA-0005
CN-0359,VY02
LLBG,FND
LLBG,VDKH
LLBG,VLSN
LLBG,LB-0006
LLBG,VYMW
LLBG,MV-0011
LLBG,VDMK
LLBG,VYPT
LLBG,IL-0012
LLBG,AZ-0010
LLBG,MV-0003
LLBG,ORBD
LLBG,VNBP
LLBG,TW-0032
LLBG,VYMD
LLBG,TW-0062
LLBG,LLNV
LLBG,AM-0007
LLBG,VNTH
LLBG,MV-0010
LLBG,IQ-0009
CN-0235,ORTI
CN-0235,UBBA
CN-0235,VRMG
CN-0235,VYLS
CN-0235,VRQM
CN-0235,VLAP
CN-0235,SY-0028
CN-0235,VYPE
CN-0235,VLXK
CN-0235,VYAS
CN-0235,VLXL
CN-0235,UBBZ
CN-0235,LLBS
CN-0235,AZ-0018
CN-0235,LLMZ
CN-0235,MV-0003
CN-0235,ORBD
CN-0235,AXF
CN-0235,IQ-0019
CN-0235,VYPT
CN-0235,VRDA
CN-0235,CY-0008
CN-0235,AM-0008
CN-0235,MV-0002
CN-0235,UDYZ
CN-0235,CY-0071
CN-0235,IQ-0016
CN-0235,VYLN
CN-0235,KH-0003
CN-0235,ORQW
CN-0110,RCMS
CN-0110,LL1B
CN-0110,AM-0007
CN-0110,RCMT
CN-0110,CY-0079
CN-0110,TW-0001
CN-0110,VNRB
CN-0110,MV-0004
CN-0110,VRMM
CN-0110,TW-0062
CN-0110,LA-0002
CN-0110,TW-0006
CN-0110,CN-0059
CN-0110,VNMG
CN-0110,VDKK
CN-0110,AM-0003
CN-0110,CY-0006
CN-0110,WPDB
CN-0110,VRMV
CN-0110,VLXK
CN-0110,UB18
CN-0110,LLMR
CN-0110,RCNN
CN-0110,VYMH
CN-0110,LCEN
CN-0110,CN-0331
CN-0110,VLHS
CN-0110,ZSJD
CN-0110,VYPK
CN-0110,ORSH
CN-0110,LLMG
CN-0110,CN-0186
CN-0110,AZ-0016
LLBO,VNRB
LLBO,VNVT
LLBO,VLSN
LLBO,VLTK
LLBO,ORTI
LLBO,IL-0012
LLBO,RCNN
LLBO,ORSU
LLBO,KH-0002
LLBO,ORQW
LLBO,CN-0059
LLBO,LL59
LLBO,UD21
LLBO,VYPE
LLBO,AM-0003
LLBO,LLHA
LLBO,IQ-0010
LLBO,CN-0040
LLBO,CY-0079
LLBO,MV-0011
LLBO,VRAH
LLBO,IQ-0032
LLBO,VLOS
LLBO,NP-0015
LLBO,TW-CMJ
LLBO,VNBR
LLBO,LB-0008
LLBO,VYAS
LLBO,ORMM
VRQM,TW-0007
VRQM,YYA
VRQM,VYMH
VRQM,KH-0001
VRQM,RCMS
VRQM,CN-0235
VRQM,RCMT
VRQM,VNVT
VRQM,LCPH
VRQM,KH-0003
VRQM,VYSA
VRQM,ZGLD
VRQM,CY-0041
VRQM,IQ-0016
VRQM,VYAS
VRQM,VYTY
VRQM,VDBG
VRQM,VRMH
VRQM,VNMG
VRQM,CY-0079
VRQM,VNPL
VRQM,OMY
VRQM,TW-0055
VRQM,IQ-0035
VRQM,UD21
VRQM,KMT
VRQM,ORSH
VRQM,VNTR
LLBS,AZ-0018
LLBS,VDSA
LLBS,VRMD
LLBS,VNLT
LLBS,IQ-0029
LLBS,UBBZ
LLBS,ZHHH
LLBS,UB18
LLBS,VDKT
LLBS,AM-0003
LLBS,IQ-0032
LLBS,VY02
LLBS,UDLS
LLBS,IQ-0007
LLBS,LA-0002
LLBS,ORAA
LLBS,VYTN
LLBS,RCAY
LLBS,ORBD
LLBS,CN-0235
LLBS,AM-0001
LLBS,CN-0019
LLBS,OLKA
LLBS,VRAH
LLBS,CN-0186
LLBS,CY-0050
LLBS,ORDD
LLBS,VYLS
LLBS,MV-0004
LLBS,UBBA
LLBS,VLXK
LLBS,LCPH
LLBS,AZ-0013
LLBS,LLEK
LLBS,UB14
TW-0032,VDMK
TW-0032,TW-0001
TW-0032,VDRK
TW-0032,CY-0025
TW-0032,CY-0079
TW-0032,VRMV
TW-0032,OMY
TW-0032,UDSG
TW-0032,VDKK
TW-0032,LLEK
TW-0032,VYLS
TW-0032,CY-0041
TW-0032,CY-0070
TW-0032,AZ-0010
TW-0032,IQ-0035
TW-0032,WPDB
TW-0032,LLBG
TW-0032,CY-0002
TW-0032,IL-0003
TW-0032,VLPV
TW-0032,VLSV
TW-0032,LLHA
TW-0032,MV-0008
TW-0032,IQ-0051
TW-0032,OLKA
TW-0032,AM-0007
IQ-0005,VY02
IQ-0005,LLET
IQ-0005,IQ-0029
IQ-0005,IQ-0009
IQ-0005,KH-0002
IQ-0005,VYMD
IQ-0005,TW-0003
IQ-0005,VYPE
IQ-0005,LB-0008
IQ-0005,TW-CMJ
IQ-0005,VRNT
IQ-0005,IQ-0019
IQ-0005,TW-0004
IQ-0005,CY-0071
IQ-0005,MV-0002
IQ-0005,CY-0008
IQ-0005,UBBG
IQ-0005,VYMS
IQ-0005,ORAA
IQ-0005,VNMN
IQ-0005,VREI
IQ-0005,VRMO
IQ-0005,LB-0004
IQ-0005,ZUUU
IQ-0005,WPMN
TL-0001,LA-0005
TL-0001,CN-0331
TL-0001,AZ-0015
TL-0001,RCKU
TL-0001,AM-0008
TL-0001,VNDP
TL-0001,SY-0028
TL-0001,RCMT
TL-0001,VDSR
TL-0001,VRNT
TL-0001,VYPK
TL-0001,ZBAD
TL-0001,LCRA
TL-0001,TW-0039
TL-0001,LB-0006
TL-0001,KMT
TL-0001,RCLG
TL-0001,VNMG
TL-0001,PCQ
TL-0001,UBBQ
TL-0001,CN-0019
TL-0002,VYTY
TL-0002,CN-0134
TL-0002,VNBW
TL-0002,CY-0007
TL-0002,KH-0002
TL-0002,AM-0004
TL-0002,LCEN
TL-0002,WPEC
TL-0002,FND
TL-0002,CN-0186
TL-0002,IQ-0051
TL-0002,KH-0003
TL-0002,VYMS
TL-0002,LCRA
TL-0002,VYLN
TL-0002,CY-0005
TL-0002,RCXY
TL-0002,LLEK
TL-0002,AM-0009
TL-0002,LLYO
UDYE,VNDH
UDYE,KH-0002
UDYE,MV-0003
UDYE,VNPK
UDYE,TW-0062
UDYE,LCPH
UDYE,TW-0039
UDYE,VYPT
UDYE,RCMS
UDYE,VRMO
UDYE,AM-0003
UDYE,OLBA
UDYE,LA-0003
UDYE,AZ-0015
UDYE,MV-0011
UDYE,VRMV
UDYE,YYA
UDYE,CN-0019
UDYE,LL1B
UDYE,WPEC
UDYE,ZGLD
UDYE,TW-0055
UDYE,AM-0008
UDYE,CY-0002
UDYE,MV-0002
UDYE,CN-0059
UDYE,CY-0044
UDYE,VDKH
UDYE,MV-0008
IQ-0007,CN-0134
IQ-0007,VNSK
IQ-0007,CY-0041
IQ-0007,CN-0186
IQ-0007,LLYO
IQ-0007,AM-0004
IQ-0007,CY-0004
IQ-0007,VYPT
IQ-0007,VLSK
IQ-0007,UG11
IQ-0007,LLBS
IQ-0007,AXF
IQ-0007,UDYZ
IQ-0007,LA-0002
IQ-0007,VNSI
IQ-0007,AZ-0004
IQ-0007,RCKU
IQ-0007,IL-0011
IQ-0007,CN-0284
IQ-0007,AM-0008
IQ-0007,RCMT
IQ-0007,AZ-0006
IQ-0009,CN-0186
IQ-0009,ORQW
IQ-0009,ZUUU
IQ-0009,LLNV
IQ-0009,IQ-0005
IQ-0009,ORDD
IQ-0009,CN-0359
IQ-0009,LL1B
IQ-0009,LA-0003
IQ-0009,VNBW
IQ-0009,ORAA
IQ-0009,ZUBJ
IQ-0009,VRMU
IQ-0009,VDBG
IQ-0009,UDSG
IQ-0009,CY-0006
IQ-0009,TW-0007
IQ-0009,VNSI
IQ-0009,IL-0003
IQ-0009,MV-0011
IQ-0009,CY-0041
IQ-0009,LLBG
IQ-0009,MV-0001
IQ-0009,YYA
IQ-0009,VDKC
IQ-0009,LCEN
