from,to
ES-0045,LOIJ
ES-0045,EIME
ES-0045,LOAN
ES-0045,LHBA
ES-0045,EE-4931
ES-0045,ES-0099
ES-0045,RU-0212
ES-0045,EERU
ES-0045,RU-0501
ES-0045,LOGW
ES-0045,HU-0047
ES-0045,LT-9517
ES-0045,LPBJ
ES-0045,EEVI
ES-0045,ES-0294
ES-0045,LERS
ES-0045,HU-0044
ES-0045,IE-0018
ES-0045,PT-0130
LOKM,NO-0096
LOKM,LPSC
LOKM,EEVU
LOKM,LSZY
LOKM,EEKI
LOKM,EETA
LOKM,ULMA
LOKM,EE-0008
LOKM,PT-0139
LOKM,RU-2824
LOKM,EEVI
LOKM,HU-0046
LOKM,RU-0212
LOKM,PT-0130
LOKM,LOIJ
LOKM,ENBM
LOKM,LHZA
LOKM,IE-0004
LOKM,HU-0015
LOKM,EE-7685
LOKM,LT-0031
LOKM,IE-0070
LOKM,NO-0008
LOKM,RU-0690
EELU,EYVI
EELU,LT-0009
EELU,IM-0003
EELU,NO-0001
EELU,LOIJ
EELU,HU-0044
EELU,IE-0054
EELU,ES-0161
EELU,ENBM
EELU,LE83
EELU,HU-0028
EELU,PT-0139
EELU,LT-0027
EELU,LSPM
EELU,PT-0113
EELU,LHHO
EELU,LSZG
EELU,IE-0068
EELU,LSZH
EELU,HU-0023
EELU,LXGB
EELU,ENFG
EELU,ULMA
LOKW,RU-0242
LOKW,LE83
LOKW,EYMO
LOKW,RU-0076
LOKW,LOGW
LOKW,LSTA
LOKW,LEMP
LOKW,LOAV
LOKW,ES-0051
LOKW,PT-0139
LOKW,LELH
LOKW,LOWW
LOKW,LOLK
LOKW,ES-0251
LOKW,EIDL
LOKW,PT-0116
LOKW,EYSB
LOKW,DE-0354
LOKW,AD-0002
LOKW,IE-0065
LOKW,LSZN
LOKW,LOIJ
EIDL,LOIA
EIDL,ENSA
EIDL,RU-0381
EIDL,HU-0047
EIDL,LSZY
EIDL,AD-0002
EIDL,LT-0014
EIDL,EEHA
EIDL,EYSB
EIDL,IM-0004
EIDL,UHAW
EIDL,ES-0184
EIDL,LE83
EIDL,DE-0354
EIDL,LHDV
EIDL,LOKW
EIDL,PT-0076
EIDL,PT-0137
EYTL,NO-0046
EYTL,EIWT
EYTL,LPPS
EYTL,LT-0025
EYTL,UHQO
EYTL,LECT
EYTL,EYPN
EYTL,EETA
EYTL,NO-0001
EYTL,PT-0139
EYTL,ENTS
EYTL,ES-0269
EYTL,ES-0149
EYTL,ULMA
EYTL,LSZH
EYTL,PT-0112
EYTL,PT-0095
NO-0084,IM-0001
NO-0084,EE-0003
NO-0084,IE-0056
NO-0084,ES-0051
NO-0084,PT-0032
NO-0084,ES-0294
NO-0084,ENHV
NO-0084,EE-7685
NO-0084,EYPN
NO-0084,LOWL
NO-0084,PT-0116
NO-0084,EYKR
NO-0084,LT-0018
NO-0084,PT-0070
NO-0084,LSTA
NO-0084,EGNS
NO-0084,ENFG
NO-0084,HU-0044
NO-0084,LSZN
NO-0084,LOGW
NO-0084,UNAA
NO-0084,LOGP
NO-0084,EE-0004
NO-0084,LT-0014
NO-0084,EEKI
NO-0084,UHAW
X-VIE,LT-0014
X-VIE,LSME
X-VIE,ENTC
X-VIE,EYKR
X-VIE,ES-0161
X-VIE,PT-0111
X-VIE,NO-0017
X-VIE,UNAA
X-VIE,LSPF
X-VIE,LSZO
X-VIE,PT-0076
X-VIE,EE-0010
X-VIE,PT-0095
X-VIE,EICD
X-VIE,IE-0068
X-VIE,IE-0015
X-VIE,RU-0690
X-VIE,IM-0006
X-VIE,DE-0354
X-VIE,RU-0456
RU-0242,LSGG
RU-0242,LOKW
RU-0242,IE-0054
RU-0242,PT-0136
RU-0242,ENSA
RU-0242,ES-0099
RU-0242,RU-0381
RU-0242,ENHV
RU-0242,EE-0008
RU-0242,ENBM
RU-0242,PT-0112
RU-0242,LSPM
RU-0242,LT-0031
RU-0242,EE-0009
RU-0242,LESB
RU-0242,LOWG
RU-0242,LOLW
RU-0242,LT-0009
RU-0242,LOWS
RU-0242,LT-0018
RU-0242,LHVE
RU-0242,LPSC
RU-0242,NO-0046
RU-0242,EYSB
RU-0242,ES-0084
RU-0242,UHAW
RU-0367,LOWZ
RU-0367,RU-0475
RU-0367,LOWG
RU-0367,HU-0044
RU-0367,LSME
RU-0367,ES-0149
RU-0367,LSGG
RU-0367,LEMP
RU-0367,LT-0025
RU-0367,LT-0015
RU-0367,LELH
RU-0367,LOLK
RU-0367,RU-0456
RU-0367,IE-0053
RU-0367,LSZD
RU-0367,LHSN
RU-0367,EICD
RU-0367,EEVU
RU-0367,IE-0015
RU-0367,RU-0183
RU-0367,EEHA
RU-0367,LT-0018
RU-0367,IE-0056
LSTA,EIIH
LSTA,LOAN
LSTA,ES-0084
LSTA,EE-7685
LSTA,LOKW
LSTA,LHDV
LSTA,UHQO
LSTA,EYVP
LSTA,NO-0084
LSTA,RU-0475
LSTA,IM-0003
LSTA,LPHR
LSTA,LEMP
LSTA,EETA
LSTA,LSXV
LSTA,LOWZ
LSTA,LSZO
LSTA,LSPF
LE83,LOKW
LE83,LHMC
LE83,HU-0043
LE83,NO-0017
LE83,LSMD
LE83,IM-0006
LE83,PT-0112
LE83,EERI
LE83,EYPN
LE83,ENSA
LE83,PT-0100
LE83,LSPF
LE83,UHQO
LE83,IE-0029
LE83,ENBM
LE83,NO-0073
LE83,EELU
LE83,PT-0139
LE83,LEAL
LE83,ENEV
LE83,ES-0099
LE83,ES-0084
LE83,ENHD
LE83,EIDL
LE83,NO-0096
LE83,UNAA
LE83,IE-0004
LE83,LSPK
ES-0051,RU-0456
ES-0051,EGNS
ES-0051,NO-0084
ES-0051,LHGM
ES-0051,LOWS
ES-0051,HU-0028
ES-0051,RU-0381
ES-0051,EETA
ES-0051,LOKW
ES-0051,LT-0025
ES-0051,IE-0041
ES-0051,LSZY
ES-0051,RU-0501
ES-0051,IE-0018
ES-0051,PT-0070
ES-0051,EE-0010
ES-0051,PT-0076
ES-0051,LSPK
ES-0051,EYPI
ES-0051,RU-0212
ES-0051,LOGP
ES-0051,LPPS
ES-0294,EEVU
ES-0294,EE-0004
ES-0294,EE-7685
ES-0294,NO-0084
ES-0294,IE-0056
ES-0294,DE-0354
ES-0294,RU-0728
ES-0294,EYVI
ES-0294,RU-0690
ES-0294,ES-0045
ES-0294,PT-0139
ES-0294,EYKL
ES-0294,ES-0097
ES-0294,ES-0149
ES-0294,EYPI
NO-0092,EETA
NO-0092,EEKI
NO-0092,EE-0006
NO-0092,IE-0004
NO-0092,RU-0501
NO-0092,PT-0070
NO-0092,EEHA
NO-0092,EIWT
NO-0092,ENEV
NO-0092,LT-0014
NO-0092,RU-0728
NO-0092,EIBR
NO-0092,ENTC
NO-0092,RU-0475
NO-0092,ES-0184
NO-0092,NO-0096
NO-0092,LHDV
NO-0092,LOWL
NO-0092,ENTS
NO-0092,IE-0041
NO-0092,NO-0042
NO-0092,EEAA
NO-0092,NO-0017
EYSB,EGNS
EYSB,PT-0136
EYSB,LSZC
EYSB,NO-0096
EYSB,EYMO
EYSB,PT-0054
EYSB,LT-0015
EYSB,EIDL
EYSB,ENBM
EYSB,HU-0031
EYSB,UHQO
EYSB,LEAL
EYSB,AD-0002
EYSB,LSGE
EYSB,HU-0028
EYSB,LT-0031
EYSB,RU-0076
EYSB,PT-0137
EYSB,EIWT
EYSB,LOKW
EYSB,LT-0009
EYSB,RU-0242
EYSB,DE-0354
EYSB,EICD
EICD,LSPO
EICD,PT-0067
EICD,LPHR
EICD,RU-0320
EICD,EIBB
EICD,IE-0065
EICD,HU-0028
EICD,ENBM
EICD,LHVE
EICD,EEJI
EICD,LOWW
EICD,ES-0097
EICD,EIIH
EICD,LERS
EICD,X-VIE
EICD,ES-0014
EICD,LSXV
EICD,RU-0367
EICD,LHSY
EICD,LSPF
EICD,RU-4244
EICD,EYSB
NO-0096,IE-0056
NO-0096,LOKM
NO-0096,LOIA
NO-0096,PT-0070
NO-0096,ENKJ
NO-0096,IE-0068
NO-0096,LOGW
NO-0096,EYSB
NO-0096,LSGG
NO-0096,RU-2824
NO-0096,NO-0061
NO-0096,RU-0728
NO-0096,HU-0023
NO-0096,ES-0269
NO-0096,LOGP
NO-0096,NO-0092
NO-0096,LOAN
NO-0096,ENSA
NO-0096,IE-0015
NO-0096,LOLW
NO-0096,ENTS
NO-0096,LE83
NO-0096,PT-0067
UHAW,LOWG
UHAW,EETA
UHAW,IE-0053
UHAW,IM-0003
UHAW,LSZY
UHAW,LOWI
UHAW,LOLK
UHAW,EIDL
UHAW,ENTS
UHAW,RU-0728
UHAW,LT-0018
UHAW,LSZN
UHAW,PT-0130
UHAW,ES-0161
UHAW,EYVP
UHAW,LHVE
UHAW,EE-7685
UHAW,LT-0009
UHAW,PT-0112
UHAW,IE-0015
UHAW,IM-0001
UHAW,IE-0041
UHAW,NO-0084
UHAW,RU-0242
UHAW,LOGP
PT-0100,IE-0065
PT-0100,LHZA
PT-0100,PT-0116
PT-0100,RU-0212
PT-0100,LE83
PT-0100,ENSA
PT-0100,ES-0161
PT-0100,ENTC
PT-0100,NO-0042
PT-0100,IM-0002
PT-0100,UHPU
PT-0100,LT-0015
PT-0100,PT-0111
PT-0100,EEHA
PT-0100,LSPO
PT-0100,EYMO
PT-0100,IE-0041
PT-0100,RU-0320
PT-0100,EYPI
PT-0100,LSPK
PT-0100,IM-0006
PT-0100,LEMP
PT-0100,NO-0046
PT-0100,LT-0019
PT-0100,IE-0053
PT-0100,LHKH
PT-0100,PT-0139
LHMC,LE83
LHMC,EERU
LHMC,LPBJ
LHMC,NO-0008
LHMC,AT-0024
LHMC,ES-0099
LHMC,LSMD
LHMC,ENTS
LHMC,EERI
LHMC,LT-0027
LHMC,LOLK
LHMC,EE-0008
LHMC,AD-0002
LHMC,PT-0116
LHMC,PT-0139
LHMC,UNAA
LHMC,LPSC
LHMC,LSZC
LHMC,LT-0015
LHMC,PT-0017
LHMC,HU-0028
LHMC,LSZY
LHMC,RU-0212
ES-0184,LHDV
ES-0184,EE-4931
ES-0184,EYVI
ES-0184,LHZA
ES-0184,EEHA
ES-0184,AT-0024
ES-0184,LT-0018
ES-0184,PT-0032
ES-0184,RU-0501
ES-0184,PT-0112
ES-0184,EEJI
ES-0184,NO-0092
ES-0184,LOLK
ES-0184,EIDL
ES-0184,LOWL
ES-0184,LOWZ
ES-0184,HU-0047
ES-0184,EYPI
ES-0184,ES-0129
ES-0184,HU-0031
ES-0269,LOWW
ES-0269,ES-0129
ES-0269,AD-0002
ES-0269,RU-0212
ES-0269,LSZP
ES-0269,HU-0046
ES-0269,LT-0027
ES-0269,UHWT
ES-0269,ENBM
ES-0269,LSGG
ES-0269,PT-0017
ES-0269,NO-0096
ES-0269,LT-0015
ES-0269,RU-0076
ES-0269,LERS
ES-0269,HU-0043
ES-0269,LOIJ
ES-0269,ENKJ
ES-0269,EGNS
ES-0269,LSPM
ES-0269,EYVP
ES-0269,EYTL
ES-0269,PT-0095
ES-0269,NO-0008
ES-0269,EETA
ES-0269,LOIA
ES-0149,HU-0015
ES-0149,LHDV
ES-0149,EYKR
ES-0149,LOGP
ES-0149,LT-0009
ES-0149,HU-0044
ES-0149,PT-0095
ES-0149,RU-0367
ES-0149,IE-0054
ES-0149,LHSN
ES-0149,LT-0025
ES-0149,LSZD
ES-0149,LT-0031
ES-0149,UNAA
ES-0149,NO-0017
ES-0149,IE-0029
ES-0149,EYTL
ES-0149,LPHR
ES-0149,ES-0294
LHOY,LSPF
LHOY,HU-0015
LHOY,LOWS
LHOY,ENTC
LHOY,LXGB
LHOY,RU-0320
LHOY,LHSY
LHOY,LSGS
LHOY,LT-0002
LHOY,EYKR
LHOY,EEKI
LHOY,ENHV
LHOY,HU-0043
LHOY,NO-0001
LHOY,ENTS
LHOY,LSZO
LHOY,HU-0044
LHOY,IE-0065
EYVI,EE-7685
EYVI,EELU
EYVI,ES-0184
EYVI,IE-0053
EYVI,EIWT
EYVI,HU-0028
EYVI,AD-0002
EYVI,RU-4244
EYVI,IE-0018
EYVI,LEAL
EYVI,IE-0011
EYVI,UNAA
EYVI,PT-0067
EYVI,IM-0004
EYVI,LSME
EYVI,LELH
EYVI,ES-0294
EYVI,EYPI
EYVI,RU-0456
EYVI,UHPU
EYVI,EETA
ULMA,LPSC
ULMA,NO-0046
ULMA,LOWG
ULMA,LOKM
ULMA,UNAA
ULMA,EE-4931
ULMA,EEEI
ULMA,LHZA
ULMA,ES-0084
ULMA,ENEV
ULMA,LT-0026
ULMA,EYTL
ULMA,EEAA
ULMA,IM-0003
ULMA,EELU
ULMA,AT-0024
EYVP,ES-0251
EYVP,ENKJ
EYVP,LSZT
EYVP,NO-0008
EYVP,LOWL
EYVP,HU-0043
EYVP,PT-0136
EYVP,LSTA
EYVP,NO-0073
EYVP,UGMS
EYVP,IE-0056
EYVP,UHAW
EYVP,ES-0269
EYVP,AD-0002
EYVP,ENTC
EYVP,EYPN
EYVP,LT-9517
EYVP,LOWW
UNAA,EE-0003
UNAA,EEVU
UNAA,PT-0112
UNAA,LOWW
UNAA,LSGG
UNAA,LHZA
UNAA,IE-0070
UNAA,PT-0137
UNAA,PT-0095
UNAA,LT-0014
UNAA,EE-0004
UNAA,LPHR
UNAA,ULMA
UNAA,EYKR
UNAA,LSPO
UNAA,LT-0019
UNAA,LSZG
UNAA,EYPI
UNAA,EEHA
UNAA,LHMC
UNAA,EYVI
UNAA,X-VIE
UNAA,NO-0084
UNAA,ES-0149
UNAA,IE-0056
UNAA,EEAA
UNAA,ES-0129
UNAA,HU-0023
UNAA,ENHD
UNAA,LE83
UNAA,EEKI
LOLK,LOLW
LOLK,LOGP
LOLK,NO-0103
LOLK,LSPM
LOLK,PT-0076
LOLK,LHMC
LOLK,RU-0456
LOLK,UHAW
LOLK,LT-0031
LOLK,EE-7685
LOLK,NO-0017
LOLK,RU-0367
LOLK,ES-0184
LOLK,LOKW
LOLK,NO-0001
LOLK,ENHV
LOLK,LOWI
LOLK,EERI
LOLK,HU-0043
LOLK,PT-0139
LOLK,ENKJ
LOLK,EE-0009
AD-0002,LT-9517
AD-0002,HU-0005
AD-0002,HU-0044
AD-0002,ES-0269
AD-0002,PT-0067
AD-0002,LHZA
AD-0002,LSGE
AD-0002,EIDL
AD-0002,EYVI
AD-0002,LHMC
AD-0002,RU-0212
AD-0002,LSXV
AD-0002,LPBJ
AD-0002,LOWI
AD-0002,RU-0501
AD-0002,EYPN
AD-0002,LOWL
AD-0002,PT-0113
AD-0002,HU-0028
AD-0002,EYKL
AD-0002,LSZC
AD-0002,EYSB
AD-0002,IE-0015
AD-0002,LSPM
AD-0002,LSPO
AD-0002,EYVP
AD-0002,LOIA
AD-0002,IE-0011
AD-0002,NO-0061
AD-0002,LOAV
AD-0002,LOKW
AD-0002,NO-0042
AD-0002,NO-0103
LOLW,NO-0061
LOLW,LOLK
LOLW,LSMD
LOLW,HU-0043
LOLW,EE-0006
LOLW,HU-0023
LOLW,EEVI
LOLW,LPPS
LOLW,LOGW
LOLW,EYPN
LOLW,LHKH
LOLW,LSPF
LOLW,AT-0024
LOLW,NO-0096
LOLW,RU-0242
LOLW,ES-0161
LOLW,LOWG
LOLW,LHVE
LOLW,LSME
LOLW,IE-0068
LOLW,IE-0004
LOLU,LSME
LOLU,RU-0456
LOLU,EEAA
LOLU,NO-0046
LOLU,LOWW
LOLU,NO-0001
LOLU,EIBR
LOLU,NO-0073
LOLU,IE-0070
LOLU,AT-0024
LOLU,LSMD
LOLU,ENBM
LOLU,RU-0690
LOLU,LSZC
LOLU,LHHO
LOLU,EYMO
LOLU,RU-0320
LOLU,LXGB
LOLU,LSZT
LOLU,EE-7685
LOLU,EE-0009
LOLU,RU-0728
LOLU,LSGG
RU-0475,RU-0367
RU-0475,IE-0011
RU-0475,LSPO
RU-0475,NO-0046
RU-0475,UHQO
RU-0475,PT-0139
RU-0475,EYMO
RU-0475,PT-0116
RU-0475,HU-0005
RU-0475,LT-0025
RU-0475,EEAA
RU-0475,LT-0002
RU-0475,LSTA
RU-0475,NO-0092
RU-0475,IE-0070
RU-0475,ES-0099
RU-0475,EIIH
RU-0475,LT-0018
RU-0475,ES-0129
RU-0475,EEEI
RU-0475,LSPM
RU-0475,RU-4244
RU-0475,LSMD
RU-0475,UGMS
RU-0475,IE-0018
ES-0161,LSMD
ES-0161,HU-0047
ES-0161,LXGB
ES-0161,X-VIE
ES-0161,LESB
ES-0161,LT-0014
ES-0161,PT-0111
ES-0161,PT-0100
ES-0161,EELU
ES-0161,NO-0046
ES-0161,LHKH
ES-0161,UHAW
ES-0161,LOLW
ES-0161,EE-7685
ES-0161,IE-0053
ES-0161,LHGM
LSGG,PT-0095
LSGG,RU-0242
LSGG,UNAA
LSGG,PT-0112
LSGG,NO-0096
LSGG,LT-0025
LSGG,LSZD
LSGG,LXGB
LSGG,RU-0367
LSGG,ES-0269
LSGG,LHKH
LSGG,LSME
LSGG,EIBB
LSGG,ES-0084
LSGG,ENHV
LSGG,EEKI
LSGG,EYPI
LSGG,IE-0011
LSGG,EEVI
LSGG,EEJI
LSGG,PT-0070
LSGG,LOLU
LSGG,EIIH
LSGE,LELH
LSGE,IE-0056
LSGE,LPHR
LSGE,HU-0023
LSGE,PT-0137
LSGE,LPBJ
LSGE,AD-0002
LSGE,EYKL
LSGE,IM-0001
LSGE,IM-0004
LSGE,NO-0017
LSGE,ENHV
LSGE,NO-0008
LSGE,LSZT
LSGE,LOGP
LSGE,EETA
LSGE,ENTS
LSGE,LSGS
LSGE,EE-0008
LSGE,EYSB
LSGE,RU-0501
LSGE,LT-0018
LSGE,EIBB
LSGE,PT-0076
LSGE,IE-0041
LSGE,LSZG
LSGE,LHGM
LSGE,LSZD
LSGE,LHZA
LSGE,EEVI
LSGE,LOWI
LSGE,HU-0046
NO-0046,ULMA
NO-0046,EYTL
NO-0046,LOLU
NO-0046,RU-0475
NO-0046,PT-0116
NO-0046,LSGS
NO-0046,LXGB
NO-0046,LECT
NO-0046,LT-0027
NO-0046,ES-0161
NO-0046,NO-0073
NO-0046,RU-4244
NO-0046,EE-0009
NO-0046,LHSN
NO-0046,EERU
NO-0046,EEVU
NO-0046,LEAL
NO-0046,ES-0084
NO-0046,IE-0029
NO-0046,LOAV
NO-0046,IE-0004
NO-0046,PT-0100
NO-0046,PT-0136
NO-0046,LSXV
NO-0046,RU-0242
NO-0046,LPSC
RU-0728,ENTS
RU-0728,IM-0004
RU-0728,RU-0381
RU-0728,UHQO
RU-0728,NO-0096
RU-0728,LPBJ
RU-0728,EEAA
RU-0728,LSPO
RU-0728,NO-0092
RU-0728,LESB
RU-0728,NO-0001
RU-0728,UHAW
RU-0728,LSZH
RU-0728,ES-0294
RU-0728,LHGM
RU-0728,LOLU
RU-0728,EETA
NO-0042,LT-0025
NO-0042,LSZO
NO-0042,EGNS
NO-0042,PT-0100
NO-0042,LEAL
NO-0042,LHSY
NO-0042,HU-0047
NO-0042,ENHD
NO-0042,NO-0092
NO-0042,AD-0002
LSGS,LSPM
LSGS,EE-0009
LSGS,ENTS
LSGS,NO-0046
LSGS,EE-7685
LSGS,LELH
LSGS,LSZH
LSGS,EEVI
LSGS,LHOY
LSGS,LSGE
LSGS,HU-0005
LSGS,LT-0031
LSGS,LT-0019
LSGS,IE-0015
IM-0003,UHQO
IM-0003,LPBJ
IM-0003,EELU
IM-0003,LPHR
IM-0003,EE-0009
IM-0003,IM-0002
IM-0003,UHAW
IM-0003,HU-0023
IM-0003,LT-0019
IM-0003,LSPO
IM-0003,IE-0030
IM-0003,ES-0251
IM-0003,IE-0015
IM-0003,HU-0028
IM-0003,HU-0015
IM-0003,ENTS
IM-0003,ES-0084
IM-0003,LHZA
IM-0003,ENEV
IM-0003,LSTA
IM-0003,RU-0320
IM-0003,IM-0006
IM-0003,ULMA
IM-0003,LXGB
IM-0003,PT-0032
IM-0004,RU-0728
IM-0004,EIBR
IM-0004,EIWT
IM-0004,LEMP
IM-0004,EE-0003
IM-0004,PT-0070
IM-0004,LSPO
IM-0004,LHSN
IM-0004,NO-0103
IM-0004,LSGE
IM-0004,HU-0043
IM-0004,PT-0113
IM-0004,NO-0061
IM-0004,EIDL
IM-0004,LOGP
IM-0004,EYVI
IM-0004,LT-0002
IM-0004,ENKJ
IM-0004,LHKH
IM-0004,LOAV
IM-0004,IM-0002
IM-0004,PT-0076
IM-0006,RU-4244
IM-0006,LT-0025
IM-0006,LE83
IM-0006,EEHA
IM-0006,LSZG
IM-0006,LOWG
IM-0006,EEKI
IM-0006,IE-0011
IM-0006,EIBB
IM-0006,EIBR
IM-0006,PT-0112
IM-0006,IM-0003
IM-0006,IE-0053
IM-0006,PT-0100
IM-0006,X-VIE
ENBM,LT-0015
ENBM,NO-0061
ENBM,EE-0009
ENBM,LSPM
ENBM,LSME
ENBM,RU-0242
ENBM,ES-0269
ENBM,LE83
ENBM,EELU
ENBM,LOLU
ENBM,EICD
ENBM,EYSB
ENBM,LOKM
ENBM,EIBR
ENBM,LOWS
ENBM,DE-0354
ENBM,LEAL
ENBM,PT-0116
LELH,LT-0002
LELH,LSGE
LELH,NO-0008
LELH,LT-0018
LELH,LSZO
LELH,EEAA
LELH,HU-0031
LELH,EEJI
LELH,IE-0070
LELH,LSGS
LELH,PT-0076
LELH,LOKW
LELH,RU-0367
LELH,NO-0103
LELH,EYVI
LELH,LSME
LELH,IE-0056
LELH,ES-0129
LELH,RU-0076
LELH,LT-0015
LELH,RU-0183
LELH,LOWI
IM-0001,EEEI
IM-0001,NO-0084
IM-0001,ES-0084
IM-0001,ENTC
IM-0001,IE-0018
IM-0001,LSGE
IM-0001,UGMS
IM-0001,UHPU
IM-0001,EEAA
IM-0001,IE-0054
IM-0001,EE-4931
IM-0001,LHDV
IM-0001,LPPS
IM-0001,EE-0008
IM-0001,LERS
IM-0001,IE-0070
IM-0001,UHAW
IM-0001,LEMP
IM-0002,ENSA
IM-0002,HU-0031
IM-0002,IM-0003
IM-0002,LHBA
IM-0002,LSZT
IM-0002,IE-0015
IM-0002,PT-0112
IM-0002,LSZH
IM-0002,PT-0100
IM-0002,HU-0044
IM-0002,DE-0354
IM-0002,PT-0116
IM-0002,IM-0004
IM-0002,LT-0018
ENSA,EIDL
ENSA,IM-0002
ENSA,LSZO
ENSA,RU-0242
ENSA,LHVE
ENSA,NO-0103
ENSA,LE83
ENSA,PT-0100
ENSA,RU-4244
ENSA,LPSC
ENSA,RU-0212
ENSA,RU-0456
ENSA,LT-0027
ENSA,IE-0054
ENSA,NO-0096
ENSA,EYKL
ENSA,LECT
ENSA,HU-0015
ENSA,LOWZ
UHWT,EIWT
UHWT,LEAL
UHWT,LOIA
UHWT,NO-0001
UHWT,ES-0269
UHWT,IE-0041
UHWT,LSZD
UHWT,LOGP
UHWT,LHSY
UHWT,LT-0031
UHWT,NO-0008
UHWT,LSZO
UHWT,LT-0015
UHWT,IE-0070
LHBA,NO-0001
LHBA,UHQO
LHBA,ES-0045
LHBA,IM-0002
LHBA,HU-0028
LHBA,LT-0009
LHBA,EERI
LHBA,HU-0043
LHBA,EEVI
LHBA,ES-0099
LHBA,PT-0113
LHBA,NO-0073
LHBA,LEAL
LHBA,PT-0139
LHBA,IE-0054
LHBA,RU-0501
HU-0005,AD-0002
HU-0005,LHSN
HU-0005,LT-0009
HU-0005,PT-0095
HU-0005,EE-7685
HU-0005,RU-0475
HU-0005,RU-0076
HU-0005,EGNS
HU-0005,LSGS
HU-0005,LESB
HU-0005,PT-0032
HU-0005,LSZT
HU-0005,LSPK
ES-0097,IE-0018
ES-0097,RU-0381
ES-0097,EERE
ES-0097,EYPI
ES-0097,LSME
ES-0097,LPPS
ES-0097,EGNS
ES-0097,LSZD
ES-0097,PT-0032
ES-0097,LERS
ES-0097,PT-0076
ES-0097,EIWT
ES-0097,EICD
ES-0097,LT-0031
ES-0097,LOAV
ES-0097,NO-0008
ES-0097,ES-0294
ES-0097,EEEI
ES-0099,EYPN
ES-0099,IE-0070
ES-0099,EGJJ
ES-0099,ES-0045
ES-0099,RU-0242
ES-0099,IE-0011
ES-0099,LHZA
ES-0099,LHMC
ES-0099,HU-0023
ES-0099,LSPM
ES-0099,LOAN
ES-0099,PT-0111
ES-0099,LHBA
ES-0099,RU-4244
ES-0099,LSPO
ES-0099,ES-0014
ES-0099,LPPS
ES-0099,LHVE
ES-0099,LE83
ES-0099,RU-0475
ES-0099,LSZH
ES-0099,LT-0026
PT-0095,EIME
PT-0095,LSGG
PT-0095,RU-0212
PT-0095,LPPS
PT-0095,EE-0004
PT-0095,UNAA
PT-0095,IE-0004
PT-0095,ES-0149
PT-0095,LSPK
PT-0095,HU-0005
PT-0095,LSZN
PT-0095,RU-0183
PT-0095,UHQO
PT-0095,PT-0136
PT-0095,IE-0068
PT-0095,LERS
PT-0095,X-VIE
PT-0095,HU-0015
PT-0095,IE-0054
PT-0095,IE-0065
PT-0095,ES-0269
PT-0095,LSXV
PT-0095,EYTL
EIWT,EYTL
EIWT,UHWT
EIWT,IM-0004
EIWT,EYVI
EIWT,NO-0092
EIWT,LHDV
EIWT,EGNS
EIWT,LT-0027
EIWT,PT-0112
EIWT,LOWZ
EIWT,ES-0097
EIWT,PT-0070
EIWT,IE-0011
EIWT,LPPS
EIWT,LT-0025
EIWT,LEAL
EIWT,EYSB
EIWT,ES-0251
EIWT,LHZA
EIWT,EGJJ
EIWT,LSZO
EIWT,EYPN
EIWT,EEVU
EIWT,LT-0009
LPPS,LECT
LPPS,LT-0018
LPPS,EYTL
LPPS,LOGW
LPPS,PT-0095
LPPS,LOLW
LPPS,ES-0097
LPPS,ES-0251
LPPS,LOWG
LPPS,IM-0001
LPPS,ES-0099
LPPS,RU-0320
LPPS,EIWT
LPPS,EE-0004
LPPS,IE-0041
LPPS,LSMD
LPPS,EE-0009
LPPS,EE-4931
LPPS,LHKH
LPPS,LHHO
LPPS,EGJJ
LPPS,EE-0010
LPPS,ES-0051
LPPS,LOWL
LPPS,EIBR
HU-0015,LHOY
HU-0015,ES-0149
HU-0015,HU-0023
HU-0015,LOAV
HU-0015,HU-0047
HU-0015,EYKR
HU-0015,LT-0027
HU-0015,IM-0003
HU-0015,LOKM
HU-0015,RU-0076
HU-0015,EERI
HU-0015,EIBB
HU-0015,LOIJ
HU-0015,PT-0095
HU-0015,LSPF
HU-0015,IE-0053
HU-0015,PT-0111
HU-0015,EE-0004
HU-0015,ENSA
LHSY,LSZP
LHSY,LOIA
LHSY,EE-7685
LHSY,LT-0014
LHSY,NO-0001
LHSY,LSZT
LHSY,NO-0042
LHSY,EEVI
LHSY,EE-4931
LHSY,EYPN
LHSY,PT-0113
LHSY,HU-0028
LHSY,EEKI
LHSY,LHOY
LHSY,LOAN
LHSY,LXGB
LHSY,IE-0054
LHSY,IE-0015
LHSY,UHWT
LHSY,EIIH
LHSY,EICD
NO-0061,ENBM
NO-0061,LOLW
NO-0061,DE-0354
NO-0061,ENTC
NO-0061,NO-0096
NO-0061,LEMP
NO-0061,IM-0004
NO-0061,LT-0026
NO-0061,LXGB
NO-0061,LERS
NO-0061,LOIJ
NO-0061,HU-0031
NO-0061,PT-0137
NO-0061,AD-0002
EERU,LHMC
EERU,ENHD
EERU,ENHV
EERU,IE-0065
EERU,ES-0045
EERU,PT-0137
EERU,LOWW
EERU,RU-0690
EERU,LT-0026
EERU,NO-0008
EERU,PT-0076
EERU,EERI
EERU,IE-0068
EERU,LXGB
EERU,PT-0054
EERU,NO-0046
EERU,PT-0116
EERU,EE-0003
EERU,LOGW
EERU,IE-0056
ENTS,LT-0026
ENTS,RU-0728
ENTS,LESB
ENTS,LSGS
ENTS,UGMS
ENTS,LOWZ
ENTS,LHMC
ENTS,LT-0015
ENTS,LOWL
ENTS,IM-0003
ENTS,RU-2824
ENTS,PT-0076
ENTS,NO-0008
ENTS,IE-0054
ENTS,UHAW
ENTS,LHZA
ENTS,LSGE
ENTS,ENHD
ENTS,HU-0046
ENTS,EYPN
ENTS,LOGW
ENTS,NO-0096
ENTS,EERE
ENTS,NO-0092
ENTS,EYTL
ENTS,LSMD
ENTS,LHOY
ENTS,LOWG
ENTS,LOAV
LSZD,LPBJ
LSZD,LOWS
LSZD,LT-0014
LSZD,HU-0046
LSZD,LSGG
LSZD,ES-0097
LSZD,ES-0149
LSZD,EGNS
LSZD,EEJI
LSZD,PT-0067
LSZD,UHWT
LSZD,RU-0367
LSZD,EGJJ
LSZD,EE-4931
LSZD,EEVI
LSZD,EE-0008
LSZD,ES-0251
LSZD,LSGE
LSZD,LT-0025
LSZD,IE-0011
LSZD,PT-0070
LSZD,LXGB
PT-0076,NO-0103
PT-0076,LSZG
PT-0076,IE-0070
PT-0076,LEAL
PT-0076,PT-0139
PT-0076,PT-0032
PT-0076,LOLK
PT-0076,ES-0097
PT-0076,EERU
PT-0076,ENTS
PT-0076,LELH
PT-0076,RU-0456
PT-0076,ES-0014
PT-0076,LSPO
PT-0076,LSZC
PT-0076,X-VIE
PT-0076,ES-0051
PT-0076,EEKI
PT-0076,LT-0025
PT-0076,LSZT
PT-0076,LSGE
PT-0076,EIDL
PT-0076,EE-0004
PT-0076,IM-0004
PT-0076,ES-0084
PT-0076,IE-0030
PT-0076,LECT
PT-0076,EGJJ
LOAN,LSTA
LOAN,LT-9517
LOAN,ES-0045
LOAN,HU-0043
LOAN,LSZC
LOAN,LT-0014
LOAN,IE-0004
LOAN,LT-0026
LOAN,ES-0099
LOAN,IE-0070
LOAN,LOWZ
LOAN,LHSY
LOAN,NO-0096
LOAN,LSZO
LSZC,EE-0006
LSZC,LHGM
LSZC,LT-0014
LSZC,EYSB
LSZC,LHZA
LSZC,HU-0031
LSZC,EIBR
LSZC,LOAN
LSZC,EE-0008
LSZC,LSPF
LSZC,ES-0084
LSZC,PT-0112
LSZC,LOLU
LSZC,EERE
LSZC,PT-0076
LSZC,EE-0009
LSZC,AD-0002
LSZC,EE-0003
LSZC,LHMC
LSZC,LT-0025
LSZC,UGMS
LSZC,PT-0137
LSZC,LPHR
LSZH,LPHR
LSZH,ENEV
LSZH,EIBR
LSZH,LT-0018
LSZH,IM-0002
LSZH,LSMD
LSZH,PT-0111
LSZH,IE-0015
LSZH,LSGS
LSZH,IE-0011
LSZH,LOWG
LSZH,RU-0381
LSZH,ENFG
LSZH,LSZP
LSZH,ENHV
LSZH,RU-0728
LSZH,PT-0112
LSZH,AT-0024
LSZH,IE-0018
LSZH,EELU
LSZH,ES-0099
LSZH,LXGB
LSZH,EEVI
LSZH,EGJJ
LSZH,RU-0501
LSZH,HU-0043
LSZH,LT-0009
LSZH,EYTL
LSZG,PT-0076
LSZG,ES-0084
LSZG,LSMD
LSZG,LEMP
LSZG,LOWL
LSZG,IM-0006
LSZG,UNAA
LSZG,EYKR
LSZG,NO-0017
LSZG,LHSN
LSZG,RU-0183
LSZG,IE-0015
LSZG,LT-0014
LSZG,EELU
LSZG,LSGE
DE-0354,HU-0047
DE-0354,PT-0112
DE-0354,PT-0067
DE-0354,NO-0061
DE-0354,LSZN
DE-0354,EE-0010
DE-0354,PT-0113
DE-0354,PT-0111
DE-0354,ES-0294
DE-0354,LHHO
DE-0354,AT-0024
DE-0354,LHVE
DE-0354,IM-0002
DE-0354,LSZO
DE-0354,EIDL
DE-0354,LT-0031
DE-0354,ENTC
DE-0354,LHKH
DE-0354,LT-0014
DE-0354,RU-4244
DE-0354,ENBM
DE-0354,LOKW
DE-0354,EYKL
DE-0354,X-VIE
DE-0354,EYSB
LSZN,IE-0054
LSZN,LESB
LSZN,LHHO
LSZN,ES-0251
LSZN,DE-0354
LSZN,ES-0014
LSZN,EIME
LSZN,EYPI
LSZN,LOWL
LSZN,PT-0095
LSZN,PT-0116
LSZN,PT-0137
LSZN,LT-9517
LSZN,PT-0111
LSZN,NO-0084
LSZN,EE-7685
LSZN,UHAW
LSZN,EYMO
LSZN,EERE
LSZN,EE-0009
LSZN,LOGW
LSZN,IE-0065
LSZN,LOKW
PT-0070,HU-0046
PT-0070,EE-0008
PT-0070,LSME
PT-0070,RU-0183
PT-0070,NO-0096
PT-0070,RU-2824
PT-0070,IE-0015
PT-0070,LHDV
PT-0070,NO-0092
PT-0070,IM-0004
PT-0070,LT-9517
PT-0070,LT-0002
PT-0070,NO-0084
PT-0070,HU-0043
PT-0070,EIWT
PT-0070,LSZT
PT-0070,ES-0051
PT-0070,LT-0014
PT-0070,LT-0015
PT-0070,HU-0023
PT-0070,EE-4931
PT-0070,EIBB
PT-0070,LSGG
PT-0070,LSZD
LOAV,PT-0067
LOAV,IE-0053
LOAV,EETA
LOAV,EE-0008
LOAV,ENFG
LOAV,HU-0015
LOAV,LOKW
LOAV,EYKR
LOAV,LOWG
LOAV,ES-0097
LOAV,NO-0001
LOAV,RU-0381
LOAV,LOWZ
LOAV,IM-0004
LOAV,LOWW
LOAV,NO-0046
LOAV,AD-0002
LOAV,ENTS
RU-0381,ES-0097
RU-0381,EYPN
RU-0381,RU-0728
RU-0381,EIDL
RU-0381,EE-0004
RU-0381,EYKL
RU-0381,LSPM
RU-0381,EERE
RU-0381,EE-0006
RU-0381,RU-0242
RU-0381,ES-0051
RU-0381,LEAL
RU-0381,EETA
RU-0381,PT-0112
RU-0381,EEKI
RU-0381,LSZH
RU-0381,LOAV
RU-0381,PT-0067
RU-0381,IE-0029
RU-0381,RU-2824
RU-0381,LT-9517
RU-0381,ENEV
RU-0381,LHKH
LSZP,LOWI
LSZP,LHSY
LSZP,EYKL
LSZP,LT-0018
LSZP,ES-0269
LSZP,EIIH
LSZP,RU-4244
LSZP,IE-0054
LSZP,LSZH
LSZP,LHHO
LSZP,ENEV
LSZP,EGNS
LSZP,LOWW
LSZP,IE-0030
LSZO,NO-0042
LSZO,IE-0018
LSZO,ENSA
LSZO,EEVI
LSZO,LELH
LSZO,LHDV
LSZO,LHVE
LSZO,LSPO
LSZO,EE-7685
LSZO,EIME
LSZO,ENTC
LSZO,ENHV
LSZO,IE-0054
LSZO,EERE
LSZO,X-VIE
LSZO,UGMS
LSZO,DE-0354
LSZO,LSTA
LSZO,UHWT
LSZO,EE-4931
LSZO,LOWS
LSZO,LHOY
LSZO,LOAN
LSZO,EIWT
EEAA,EERE
EEAA,LT-0002
EEAA,LOLU
EEAA,LT-0031
EEAA,LELH
EEAA,RU-0728
EEAA,EIBB
EEAA,LHKH
EEAA,ENTC
EEAA,LOWZ
EEAA,IM-0001
EEAA,LESB
EEAA,ES-0251
EEAA,RU-0475
EEAA,UNAA
EEAA,ES-0129
EEAA,ULMA
EEAA,NO-0092
EEAA,NO-0073
EIIH,ENHD
EIIH,LSTA
EIIH,HU-0028
EIIH,EERE
EIIH,EE-0004
EIIH,UHQO
EIIH,ES-0251
EIIH,PT-0111
EIIH,LPSC
EIIH,LSZP
EIIH,EICD
EIIH,LSZY
EIIH,LHSY
EIIH,RU-0475
EIIH,EE-0006
EIIH,EEHA
EIIH,LT-0026
EIIH,ES-0014
EIIH,LSGG
LSXV,EEKI
LSXV,LT-0031
LSXV,IE-0015
LSXV,EEHA
LSXV,LHZA
LSXV,ENEV
LSXV,EGNS
LSXV,ES-0129
LSXV,AD-0002
LSXV,LOWG
LSXV,HU-0028
LSXV,IE-0065
LSXV,LOIA
LSXV,LSTA
LSXV,EICD
LSXV,EE-7685
LSXV,LECT
LSXV,UGMS
LSXV,HU-0044
LSXV,PT-0095
LSXV,NO-0046
LSXV,EEVI
NO-0073,LOWS
NO-0073,EEVI
NO-0073,IE-0030
NO-0073,EE-0008
NO-0073,IE-0011
NO-0073,RU-0320
NO-0073,EE-0006
NO-0073,HU-0046
NO-0073,LOLU
NO-0073,EEJI
NO-0073,IE-0065
NO-0073,ENTC
NO-0073,LE83
NO-0073,EE-0009
NO-0073,LHBA
NO-0073,NO-0046
NO-0073,EYVP
NO-0073,HU-0023
NO-0073,PT-0113
NO-0073,LOIA
NO-0073,RU-0501
NO-0073,LOIJ
NO-0073,LHZA
NO-0073,LHVE
NO-0073,EEAA
EE-4931,ES-0184
EE-4931,PT-0032
EE-4931,IE-0070
EE-4931,RU-0183
EE-4931,ES-0045
EE-4931,IE-0054
EE-4931,EE-0010
EE-4931,EETA
EE-4931,ULMA
EE-4931,LHSY
EE-4931,IM-0001
EE-4931,AT-0024
EE-4931,EERI
EE-4931,RU-2824
EE-4931,HU-0047
EE-4931,LOWL
EE-4931,LSZO
EE-4931,LPPS
EE-4931,PT-0070
EE-4931,LSZD
EE-4931,LOWG
EE-4931,LT-0002
LPBJ,IM-0003
LPBJ,LSZD
LPBJ,LOWL
LPBJ,LHMC
LPBJ,EYPI
LPBJ,NO-0001
LPBJ,LSGE
LPBJ,RU-0728
LPBJ,ES-0251
LPBJ,HU-0023
LPBJ,EYMO
LPBJ,AD-0002
LPBJ,PT-0113
LPBJ,ES-0045
LPBJ,IE-0029
LPBJ,EERE
LPBJ,PT-0032
EERE,LEMP
EERE,EEAA
EERE,NO-0017
EERE,ES-0097
EERE,RU-0381
EERE,EIIH
EERE,LOGP
EERE,LOWL
EERE,LT-0031
EERE,LERS
EERE,LSZO
EERE,HU-0047
EERE,LSZC
EERE,LT-0026
EERE,LSZN
EERE,IE-0053
EERE,IE-0011
EERE,ENTS
EERE,LPBJ
LHSN,HU-0005
LHSN,PT-0111
LHSN,IE-0029
LHSN,PT-0130
LHSN,IM-0004
LHSN,EERI
LHSN,ES-0149
LHSN,EEKI
LHSN,HU-0043
LHSN,NO-0017
LHSN,IE-0068
LHSN,LSZG
LHSN,NO-0046
LHSN,RU-0367
LHSN,LXGB
LHSN,IE-0004
LHSN,LSZT
LHSN,PT-0137
EERI,EE-0009
EERI,LHVE
EERI,LT-0002
EERI,LT-0015
EERI,LE83
EERI,LOWZ
EERI,ENTC
EERI,LHMC
EERI,NO-0017
EERI,LHSN
EERI,LHBA
EERI,EE-0010
EERI,EERU
EERI,RU-0320
EERI,EE-4931
EERI,HU-0015
EERI,RU-0501
EERI,ENHD
EERI,RU-0183
EERI,LOLK
EERI,IE-0053
LPSC,LOKM
LPSC,ULMA
LPSC,LSZY
LPSC,LSPM
LPSC,ENSA
LPSC,ES-0251
LPSC,IE-0041
LPSC,EIIH
LPSC,LSME
LPSC,NO-0008
LPSC,EGJJ
LPSC,LERS
LPSC,LHKH
LPSC,LHMC
LPSC,ENKJ
LPSC,RU-0690
LPSC,RU-2824
LPSC,RU-0242
LPSC,NO-0046
ENTC,RU-0183
ENTC,LOWG
ENTC,X-VIE
ENTC,NO-0061
ENTC,IM-0001
ENTC,EERI
ENTC,PT-0100
ENTC,LHOY
ENTC,LSZO
ENTC,EEAA
ENTC,NO-0073
ENTC,LESB
ENTC,PT-0112
ENTC,EYPN
ENTC,NO-0092
ENTC,LOGP
ENTC,EYVP
ENTC,DE-0354
ENTC,LSPF
ENTC,NO-0103
ES-0084,LSZG
ES-0084,PT-0054
ES-0084,LSTA
ES-0084,LHHO
ES-0084,IE-0030
ES-0084,RU-0183
ES-0084,IM-0001
ES-0084,LHGM
ES-0084,LEMP
ES-0084,EE-7685
ES-0084,LSZC
ES-0084,LHZA
ES-0084,ES-0251
ES-0084,IM-0003
ES-0084,LHVE
ES-0084,ULMA
ES-0084,ES-0129
ES-0084,LE83
ES-0084,LSGG
ES-0084,NO-0046
ES-0084,EYKR
ES-0084,NO-0008
ES-0084,PT-0076
ES-0084,RU-0242
LEMP,IE-0053
LEMP,EERE
LEMP,PT-0137
LEMP,IM-0004
LEMP,HU-0031
LEMP,LSZG
LEMP,EE-0006
LEMP,LOKW
LEMP,EE-0008
LEMP,RU-0212
LEMP,NO-0061
LEMP,EEVU
LEMP,RU-0367
LEMP,ES-0084
LEMP,LSPF
LEMP,ENEV
LEMP,EGJJ
LEMP,LSZY
LEMP,LSTA
LEMP,EE-0004
LEMP,NO-0008
LEMP,LOWG
LEMP,EIBB
LEMP,PT-0032
LEMP,LHGM
LEMP,PT-0100
LEMP,AT-0024
LEMP,IM-0001
LHVE,EERI
LHVE,HU-0046
LHVE,ES-0129
LHVE,EYKR
LHVE,ENSA
LHVE,RU-0690
LHVE,LSZO
LHVE,PT-0113
LHVE,EICD
LHVE,HU-0023
LHVE,LOWW
LHVE,ES-0084
LHVE,HU-0047
LHVE,ES-0099
LHVE,DE-0354
LHVE,HU-0044
LHVE,EYMO
LHVE,UHAW
LHVE,RU-2824
LHVE,LOLW
LHVE,RU-0212
LHVE,NO-0073
LHVE,RU-0242
LT-0015,LSPK
LT-0015,ENBM
LT-0015,LHZA
LT-0015,EERI
LT-0015,IE-0054
LT-0015,LT-0031
LT-0015,LXGB
LT-0015,IE-0030
LT-0015,ENTS
LT-0015,PT-0100
LT-0015,EYSB
LT-0015,ES-0269
LT-0015,EYPN
LT-0015,RU-0367
LT-0015,PT-0137
LT-0015,LHMC
LT-0015,PT-0070
LT-0015,LELH
LT-0015,LHGM
LT-0015,UHWT
NO-0001,LEAL
NO-0001,LHBA
NO-0001,EELU
NO-0001,LOLU
NO-0001,LSMD
NO-0001,LT-0026
NO-0001,LT-9517
NO-0001,LHSY
NO-0001,LPBJ
NO-0001,UHWT
NO-0001,LHGM
NO-0001,NO-0103
NO-0001,PT-0113
NO-0001,EE-0009
NO-0001,HU-0028
NO-0001,LSPM
NO-0001,RU-0501
NO-0001,RU-0728
NO-0001,LOAV
NO-0001,EEHA
NO-0001,EYTL
NO-0001,EIBB
NO-0001,LOLK
NO-0001,LHOY
NO-0001,EE-0006
NO-0001,LT-0018
LT-0014,PT-0054
LT-0014,X-VIE
LT-0014,LSZC
LT-0014,LSZD
LT-0014,PT-0111
LT-0014,ES-0161
LT-0014,LOAN
LT-0014,EYKL
LT-0014,LHSY
LT-0014,UNAA
LT-0014,LOWL
LT-0014,EIDL
LT-0014,PT-0136
LT-0014,NO-0092
LT-0014,UGMS
LT-0014,ES-0129
LT-0014,LECT
LT-0014,PT-0070
LT-0014,LSZG
LT-0014,IE-0015
LT-0014,UHPU
LT-0014,LT-9517
LT-0014,NO-0084
LT-0014,DE-0354
LT-0014,NO-0017
ENFG,EYMO
ENFG,UGMS
ENFG,LOAV
ENFG,LSME
ENFG,LOWW
ENFG,LSPO
ENFG,LSZH
ENFG,NO-0084
ENFG,LESB
ENFG,NO-0008
ENFG,LSPK
ENFG,IE-0053
ENFG,EEVU
ENFG,EYPI
ENFG,LHHO
ENFG,HU-0031
ENFG,EELU
LT-0019,LOGW
LT-0019,LSPM
LT-0019,IM-0003
LT-0019,ENKJ
LT-0019,UNAA
LT-0019,IE-0068
LT-0019,RU-2824
LT-0019,EEJI
LT-0019,LOWS
LT-0019,LSGS
LT-0019,PT-0100
LT-0018,LPPS
LT-0018,EIBR
LT-0018,LELH
LT-0018,IE-0015
LT-0018,IE-0068
LT-0018,LSZP
LT-0018,LSZH
LT-0018,NO-0084
LT-0018,EYKR
LT-0018,ES-0184
LT-0018,LOIA
LT-0018,LSPO
LT-0018,LT-9517
LT-0018,LOWI
LT-0018,UHAW
LT-0018,NO-0103
LT-0018,RU-0475
LT-0018,EGJJ
LT-0018,LSGE
LT-0018,RU-0367
LT-0018,IM-0002
LT-0018,LSPM
LT-0018,RU-0242
LT-0018,NO-0001
RU-2824,EYKL
RU-2824,LSPF
RU-2824,LOWS
RU-2824,PT-0070
RU-2824,RU-0076
RU-2824,EEEI
RU-2824,NO-0008
RU-2824,LOKM
RU-2824,NO-0096
RU-2824,RU-0320
RU-2824,ENTS
RU-2824,IE-0030
RU-2824,EETA
RU-2824,EE-4931
RU-2824,EEJI
RU-2824,IE-0029
RU-2824,LT-0019
RU-2824,RU-0381
RU-2824,LERS
RU-2824,LHVE
RU-2824,LPSC
NO-0008,ENKJ
NO-0008,LSMD
NO-0008,LELH
NO-0008,LHMC
NO-0008,RU-2824
NO-0008,EYVP
NO-0008,EERU
NO-0008,LSGE
NO-0008,IE-0053
NO-0008,LPSC
NO-0008,ENTS
NO-0008,IE-0011
NO-0008,ENFG
NO-0008,LEMP
NO-0008,UHWT
NO-0008,ES-0097
NO-0008,LOKM
NO-0008,ES-0084
NO-0008,RU-0076
NO-0008,ES-0269
NO-0008,LHDV
PT-0054,ES-0084
PT-0054,LT-0014
PT-0054,EYPN
PT-0054,EGJJ
PT-0054,LHHO
PT-0054,LOGP
PT-0054,EYSB
PT-0054,ENHD
PT-0054,RU-0183
PT-0054,IE-0029
PT-0054,LOWG
PT-0054,EERU
PT-0054,RU-0690
PT-0054,IE-0068
PT-0054,LESB
PT-0054,IE-0011
PT-0054,PT-0017
PT-0054,EEVU
PT-0054,IE-0054
EIME,ES-0045
EIME,PT-0095
EIME,LSZN
EIME,LSZO
EIME,LT-0026
EIME,LEAL
EIME,RU-0320
EIME,IE-0018
EIME,ENHD
EIME,EYPN
EIME,HU-0023
EIME,EE-0008
HU-0044,EE-0004
HU-0044,PT-0139
HU-0044,LXGB
HU-0044,AD-0002
HU-0044,EE-0008
HU-0044,RU-0367
HU-0044,ES-0149
HU-0044,EELU
HU-0044,LOIA
HU-0044,EE-0010
HU-0044,IM-0002
HU-0044,NO-0084
HU-0044,LHKH
HU-0044,LHVE
HU-0044,RU-0501
HU-0044,HU-0028
HU-0044,RU-0076
HU-0044,ES-0045
HU-0044,LSXV
HU-0044,IE-0029
HU-0044,LSZY
HU-0044,LHOY
HU-0044,HU-0047
HU-0047,ES-0161
HU-0047,DE-0354
HU-0047,ES-0014
HU-0047,LHDV
HU-0047,EIDL
HU-0047,LOWI
HU-0047,HU-0015
HU-0047,IE-0030
HU-0047,LSZY
HU-0047,ES-0045
HU-0047,EERE
HU-0047,LHVE
HU-0047,HU-0023
HU-0047,EE-4931
HU-0047,HU-0031
HU-0047,NO-0042
HU-0047,ES-0184
HU-0047,PT-0113
HU-0047,UHPU
HU-0047,HU-0044
HU-0046,LHVE
HU-0046,PT-0070
HU-0046,LSZD
HU-0046,RU-0076
HU-0046,NO-0073
HU-0046,LOKM
HU-0046,ES-0269
HU-0046,EE-0003
HU-0046,LT-0031
HU-0046,ENTS
HU-0046,EEVU
HU-0046,ES-0251
HU-0046,LHGM
HU-0046,LHDV
HU-0046,EGNS
HU-0046,LSGE
IE-0070,ES-0099
IE-0070,EEHA
IE-0070,EE-4931
IE-0070,LESB
IE-0070,UNAA
IE-0070,PT-0076
IE-0070,LELH
IE-0070,LOLU
IE-0070,LOAN
IE-0070,LOWZ
IE-0070,EE-0008
IE-0070,AT-0024
IE-0070,EETA
IE-0070,RU-0475
IE-0070,LSZT
IE-0070,LOKM
IE-0070,IM-0001
IE-0070,LSPM
IE-0070,UHWT
LSZT,HU-0031
LSZT,LSPO
LSZT,PT-0067
LSZT,EYVP
LSZT,LT-9517
LSZT,NO-0103
LSZT,IM-0002
LSZT,HU-0028
LSZT,EEJI
LSZT,LHSY
LSZT,LSGE
LSZT,LERS
LSZT,EIBB
LSZT,PT-0070
LSZT,ES-0014
LSZT,LOWI
LSZT,EEHA
LSZT,IE-0030
LSZT,EGJJ
LSZT,PT-0076
LSZT,IE-0070
LSZT,LOLU
LSZT,LOWS
LSZT,HU-0005
LSZT,RU-0320
LSZT,EEVI
LSZT,EIBR
LSZT,PT-0116
LSZT,LHSN
LSZT,LT-0027
LT-9517,LOAN
LT-9517,AD-0002
LT-9517,PT-0067
LT-9517,LSZT
LT-9517,PT-0032
LT-9517,NO-0001
LT-9517,EYPI
LT-9517,PT-0070
LT-9517,IE-0015
LT-9517,ENHD
LT-9517,HU-0031
LT-9517,PT-0136
LT-9517,LT-0018
LT-9517,LSZN
LT-9517,LHKH
LT-9517,PT-0130
LT-9517,ES-0045
LT-9517,EE-0004
LT-9517,RU-0320
LT-9517,RU-0381
LT-9517,LT-0014
LT-9517,EYVP
LSZY,RU-0212
LSZY,EE-0006
LSZY,PT-0139
LSZY,LT-0009
LSZY,LOKM
LSZY,LPSC
LSZY,EYPI
LSZY,LT-0027
LSZY,LESB
LSZY,EIDL
LSZY,PT-0116
LSZY,EYPN
LSZY,HU-0047
LSZY,UHAW
LSZY,NO-0017
LSZY,ES-0051
LSZY,EEJI
LSZY,LEMP
LSZY,EIIH
LSZY,HU-0043
LSZY,EE-7685
LSZY,HU-0044
LSZY,LHMC
IE-0065,HU-0043
IE-0065,PT-0100
IE-0065,UHQO
IE-0065,EERU
IE-0065,IE-0053
IE-0065,EICD
IE-0065,LOIJ
IE-0065,EYMO
IE-0065,NO-0073
IE-0065,LSXV
IE-0065,LOGW
IE-0065,IE-0056
IE-0065,LHKH
IE-0065,PT-0112
IE-0065,PT-0095
IE-0065,LHOY
IE-0065,LSZN
IE-0065,LOKW
IE-0068,IE-0004
IE-0068,RU-0320
IE-0068,LOWZ
IE-0068,EIBR
IE-0068,NO-0096
IE-0068,LT-0018
IE-0068,LHDV
IE-0068,LXGB
IE-0068,EERU
IE-0068,LOWI
IE-0068,LHSN
IE-0068,PT-0095
IE-0068,IE-0029
IE-0068,LT-0019
IE-0068,EELU
IE-0068,PT-0054
IE-0068,X-VIE
IE-0068,LOGW
IE-0068,LOLW
IE-0068,EE-0004
LT-0026,HU-0028
LT-0026,ENTS
LT-0026,LOIJ
LT-0026,NO-0001
LT-0026,LOAN
LT-0026,EERU
LT-0026,HU-0043
LT-0026,EIME
LT-0026,LSPO
LT-0026,LHZA
LT-0026,ENHV
LT-0026,EGNS
LT-0026,EERE
LT-0026,NO-0061
LT-0026,RU-0183
LT-0026,ULMA
LT-0026,LOWW
LT-0026,EEVU
LT-0026,EIIH
LT-0026,ENKJ
LT-0026,ES-0099
LT-0025,IM-0006
LT-0025,NO-0042
LT-0025,EYTL
LT-0025,PT-0136
LT-0025,LSGG
LT-0025,ES-0051
LT-0025,ES-0149
LT-0025,EETA
LT-0025,RU-0367
LT-0025,RU-0475
LT-0025,LSZC
LT-0025,PT-0076
LT-0025,EIWT
LT-0025,LOIJ
LT-0025,LSZD
LT-0025,PT-0111
LT-0027,LOGP
LT-0027,PT-0130
LT-0027,RU-0320
LT-0027,EYPN
LT-0027,LSZY
LT-0027,LHMC
LT-0027,EIWT
LT-0027,EYKR
LT-0027,ES-0269
LT-0027,HU-0015
LT-0027,NO-0046
LT-0027,EELU
LT-0027,ENSA
LT-0027,RU-0076
LT-0027,EE-0010
LT-0027,EEJI
LT-0027,LSZT
EETA,UHAW
EETA,NO-0092
EETA,LSPO
EETA,LOAV
EETA,LOKM
EETA,PT-0032
EETA,LERS
EETA,ES-0051
EETA,EE-4931
EETA,PT-0067
EETA,RU-0381
EETA,LT-0025
EETA,LEAL
EETA,EYTL
EETA,LSGE
EETA,EEEI
EETA,RU-2824
EETA,LHKH
EETA,IE-0070
EETA,LSTA
EETA,EE-7685
EETA,IE-0004
EETA,EYVI
EETA,RU-0728
EETA,ES-0269
LHDV,ES-0149
LHDV,ES-0184
LHDV,ES-0251
LHDV,HU-0047
LHDV,LSZO
LHDV,EEHA
LHDV,LSTA
LHDV,PT-0070
LHDV,EIWT
LHDV,IE-0068
LHDV,LOWZ
LHDV,PT-0032
LHDV,LOWW
LHDV,IM-0001
LHDV,EEVU
LHDV,NO-0092
LHDV,LOWG
LHDV,EIDL
LHDV,ES-0014
LHDV,EEKI
LHDV,NO-0017
LHDV,LEAL
LHDV,LOGW
LHDV,HU-0023
LHDV,HU-0046
LHDV,NO-0008
PT-0067,EICD
PT-0067,LOAV
PT-0067,LT-0031
PT-0067,DE-0354
PT-0067,LSZT
PT-0067,LT-9517
PT-0067,LOWS
PT-0067,AD-0002
PT-0067,UHPU
PT-0067,EETA
PT-0067,LHGM
PT-0067,EYVI
PT-0067,RU-0456
PT-0067,LSZD
PT-0067,EYKL
PT-0067,RU-0690
PT-0067,RU-0381
PT-0067,LSMD
PT-0067,UGMS
PT-0067,PT-0112
PT-0067,NO-0096
EYKL,ENEV
EYKL,RU-2824
EYKL,LSPM
EYKL,LOWL
EYKL,RU-0381
EYKL,LSZP
EYKL,LOWW
EYKL,LT-0014
EYKL,NO-0017
EYKL,LSGE
EYKL,EIBR
EYKL,PT-0112
EYKL,PT-0067
EYKL,AD-0002
EYKL,ENSA
EYKL,ES-0294
EYKL,EE-0008
EYKL,RU-0501
EYKL,DE-0354
NO-0017,EE-0010
NO-0017,IE-0004
NO-0017,EERE
NO-0017,PT-0111
NO-0017,LE83
NO-0017,LSPK
NO-0017,LHKH
NO-0017,EYKL
NO-0017,EERI
NO-0017,LSGE
NO-0017,LSZY
NO-0017,X-VIE
NO-0017,LSZG
NO-0017,LOLK
NO-0017,LEAL
NO-0017,LHSN
NO-0017,IE-0056
NO-0017,LSPM
NO-0017,ES-0149
NO-0017,LHDV
NO-0017,PT-0139
NO-0017,EE-0009
NO-0017,LOWS
NO-0017,NO-0092
NO-0017,LT-0014
ENEV,LSZH
ENEV,EYKL
ENEV,UHPU
ENEV,LESB
ENEV,LSXV
ENEV,NO-0092
ENEV,LOIJ
ENEV,LEMP
ENEV,LERS
ENEV,LE83
ENEV,IM-0003
ENEV,LHZA
ENEV,LSZP
ENEV,EEHA
ENEV,ULMA
ENEV,HU-0023
ENEV,LOIA
ENEV,RU-0381
ENEV,EYMO
ENEV,EE-0003
ENEV,LOWL
ENEV,EIBB
EYKR,RU-0076
EYKR,RU-0183
EYKR,ES-0149
EYKR,LHVE
EYKR,X-VIE
EYKR,LSPK
EYKR,UGMS
EYKR,LT-0027
EYKR,UNAA
EYKR,NO-0084
EYKR,HU-0015
EYKR,LT-0018
EYKR,LSZG
EYKR,LOAV
EYKR,LOWI
EYKR,LHOY
EYKR,EYMO
EYKR,LT-0002
EYKR,LOWS
EYKR,PT-0137
EYKR,ES-0084
EYKR,EE-0008
LHGM,LSZC
LHGM,LXGB
LHGM,EGNS
LHGM,EE-0004
LHGM,ES-0051
LHGM,ES-0084
LHGM,NO-0001
LHGM,EEHA
LHGM,EE-0006
LHGM,PT-0067
LHGM,EE-0009
LHGM,LEMP
LHGM,LT-0015
LHGM,LHHO
LHGM,HU-0046
LHGM,LSGE
LHGM,PT-0136
LHGM,RU-0728
LHGM,ES-0161
LHGM,EEVI
EGJJ,LHHO
EGJJ,HU-0043
EGJJ,ES-0099
EGJJ,PT-0054
EGJJ,NO-0103
EGJJ,IE-0015
EGJJ,LEMP
EGJJ,LSPF
EGJJ,EEVI
EGJJ,LPSC
EGJJ,LSZT
EGJJ,LT-0018
EGJJ,LT-0031
EGJJ,LSZD
EGJJ,PT-0139
EGJJ,LSZH
EGJJ,EEHA
EGJJ,LPPS
EGJJ,ES-0129
EGJJ,EIWT
EGJJ,PT-0076
HU-0031,IM-0002
HU-0031,LSZT
HU-0031,LEMP
HU-0031,LSZC
HU-0031,LELH
HU-0031,EE-7685
HU-0031,PT-0017
HU-0031,LT-9517
HU-0031,EYSB
HU-0031,LEAL
HU-0031,RU-0690
HU-0031,HU-0047
HU-0031,EEVU
HU-0031,NO-0061
HU-0031,PT-0130
HU-0031,IE-0054
HU-0031,ES-0184
HU-0031,ENFG
HU-0031,LESB
LXGB,LHGM
LXGB,LERS
LXGB,ES-0161
LXGB,HU-0044
LXGB,LSPF
LXGB,PT-0130
LXGB,LT-0015
LXGB,NO-0046
LXGB,LSGG
LXGB,LHOY
LXGB,IE-0068
LXGB,EE-0006
LXGB,EERU
LXGB,LHSY
LXGB,IE-0011
LXGB,NO-0061
LXGB,UHQO
LXGB,LOLU
LXGB,LOGW
LXGB,LSZH
LXGB,LHSN
LXGB,EELU
LXGB,IM-0003
LXGB,IE-0053
LXGB,LSZD
LXGB,EE-7685
IE-0054,IE-0041
IE-0054,LSZN
IE-0054,RU-0242
IE-0054,LT-0015
IE-0054,LOWL
IE-0054,EE-4931
IE-0054,LESB
IE-0054,EELU
IE-0054,ES-0149
IE-0054,EYPN
IE-0054,IM-0001
IE-0054,LSZO
IE-0054,ENTS
IE-0054,LT-0002
IE-0054,LSZP
IE-0054,LHSY
IE-0054,EEJI
IE-0054,ENSA
IE-0054,LHHO
IE-0054,PT-0095
IE-0054,EE-0008
IE-0054,HU-0031
IE-0054,LHBA
IE-0054,HU-0023
IE-0054,PT-0054
ENHD,EERU
ENHD,EIIH
ENHD,LEAL
ENHD,IE-0041
ENHD,EEJI
ENHD,RU-0690
ENHD,LT-9517
ENHD,RU-0183
ENHD,PT-0054
ENHD,ENTS
ENHD,EIME
ENHD,EERI
ENHD,LE83
ENHD,PT-0017
ENHD,PT-0032
ENHD,RU-0456
ENHD,UNAA
ENHD,NO-0042
ENHD,RU-0501
LEAL,UHWT
LEAL,NO-0001
LEAL,IE-0004
LEAL,ENHD
LEAL,LSPK
LEAL,PT-0076
LEAL,NO-0042
LEAL,RU-0381
LEAL,RU-0456
LEAL,EETA
LEAL,EYVI
LEAL,EIME
LEAL,PT-0017
LEAL,RU-0320
LEAL,LE83
LEAL,IE-0011
LEAL,LHBA
LEAL,HU-0031
LEAL,NO-0017
LEAL,EYSB
LEAL,LOGW
LEAL,NO-0046
LEAL,EIWT
LEAL,NO-0103
LEAL,LHDV
LEAL,ENBM
IE-0056,LSGE
IE-0056,NO-0096
IE-0056,NO-0084
IE-0056,PT-0130
IE-0056,ES-0294
IE-0056,LHKH
IE-0056,EEEI
IE-0056,IE-0065
IE-0056,EYVP
IE-0056,NO-0017
IE-0056,UNAA
IE-0056,LELH
IE-0056,ES-0251
IE-0056,LOGP
IE-0056,LOWL
IE-0056,RU-0320
IE-0056,RU-0367
IE-0056,IE-0015
IE-0056,EERU
EE-0008,PT-0070
EE-0008,EEJI
EE-0008,NO-0073
EE-0008,LOAV
EE-0008,HU-0044
EE-0008,LOKM
EE-0008,LEMP
EE-0008,LSZC
EE-0008,LHMC
EE-0008,LOGP
EE-0008,RU-0242
EE-0008,LOGW
EE-0008,UHPU
EE-0008,IE-0070
EE-0008,IM-0001
EE-0008,LOWZ
EE-0008,LSGE
EE-0008,IE-0041
EE-0008,IE-0054
EE-0008,EYKL
EE-0008,LSZD
EE-0008,EIME
EE-0008,EYKR
EE-7685,PT-0137
EE-7685,EYVI
EE-7685,LSTA
EE-7685,ES-0294
EE-7685,NO-0084
EE-7685,LHSY
EE-7685,LSZO
EE-7685,HU-0005
EE-7685,ES-0084
EE-7685,HU-0031
EE-7685,LSGS
EE-7685,EEKI
EE-7685,EYPN
EE-7685,EE-0006
EE-7685,LOLK
EE-7685,LSZN
EE-7685,LOKM
EE-7685,IE-0029
EE-7685,HU-0043
EE-7685,EETA
EE-7685,ES-0251
EE-7685,LSXV
EE-7685,UHAW
EE-7685,LOLU
EE-7685,LSZY
EE-7685,ES-0161
EE-7685,LXGB
EE-0009,LSGS
EE-0009,EERI
EE-0009,LSPO
EE-0009,IM-0003
EE-0009,UGMS
EE-0009,LOWL
EE-0009,ENBM
EE-0009,EYMO
EE-0009,NO-0001
EE-0009,NO-0073
EE-0009,LSZC
EE-0009,NO-0046
EE-0009,RU-0242
EE-0009,LT-0009
EE-0009,LHGM
EE-0009,LPPS
EE-0009,EE-0003
EE-0009,NO-0017
EE-0009,LSZN
EE-0009,LOLU
EE-0009,LOLK
RU-0501,LOWL
RU-0501,IE-0041
RU-0501,EIBR
RU-0501,NO-0092
RU-0501,ES-0045
RU-0501,LOWS
RU-0501,EYPN
RU-0501,ES-0184
RU-0501,NO-0001
RU-0501,ES-0051
RU-0501,AD-0002
RU-0501,NO-0103
RU-0501,LSMD
RU-0501,EERI
RU-0501,NO-0073
RU-0501,HU-0044
RU-0501,EEEI
RU-0501,LSGE
RU-0501,LSZH
RU-0501,LOWG
RU-0501,EYKL
RU-0501,LHBA
RU-0501,ENHD
EE-0004,ES-0294
EE-0004,HU-0044
EE-0004,LHGM
EE-0004,LSMD
EE-0004,LT-0009
EE-0004,RU-0381
EE-0004,PT-0095
EE-0004,UNAA
EE-0004,EIIH
EE-0004,LERS
EE-0004,PT-0137
EE-0004,LEMP
EE-0004,LPPS
EE-0004,NO-0084
EE-0004,RU-0212
EE-0004,LECT
EE-0004,LT-9517
EE-0004,EGNS
EE-0004,PT-0076
EE-0004,EE-0010
EE-0004,HU-0015
EE-0004,EE-0003
EE-0004,IE-0068
EE-0003,NO-0084
EE-0003,UNAA
EE-0003,PT-0136
EE-0003,IM-0004
EE-0003,HU-0046
EE-0003,LSZC
EE-0003,IE-0053
EE-0003,EE-0009
EE-0003,EERU
EE-0003,LOGW
EE-0003,HU-0043
EE-0003,ENEV
EE-0003,EE-0004
EE-0006,LSZY
EE-0006,LSZC
EE-0006,PT-0032
EE-0006,LOLW
EE-0006,PT-0113
EE-0006,EIBB
EE-0006,NO-0092
EE-0006,RU-0381
EE-0006,LEMP
EE-0006,NO-0073
EE-0006,LOWI
EE-0006,LOWS
EE-0006,LSPO
EE-0006,EIBR
EE-0006,LXGB
EE-0006,LHGM
EE-0006,EE-7685
EE-0006,EEJI
EE-0006,UHQO
EE-0006,EEEI
EE-0006,LOIA
EE-0006,LOWW
EE-0006,EIIH
EE-0006,NO-0001
PT-0032,EE-4931
PT-0032,PT-0113
PT-0032,EYPN
PT-0032,NO-0084
PT-0032,EE-0006
PT-0032,HU-0023
PT-0032,EETA
PT-0032,HU-0043
PT-0032,LT-9517
PT-0032,PT-0076
PT-0032,ES-0097
PT-0032,EEKI
PT-0032,LHDV
PT-0032,ES-0184
PT-0032,HU-0005
PT-0032,LEMP
PT-0032,ENHD
PT-0032,RU-0690
PT-0032,LPBJ
PT-0032,IM-0003
PT-0032,EYPI
ENHV,LT-0031
ENHV,LOGW
ENHV,RU-0212
ENHV,EERU
ENHV,NO-0084
ENHV,RU-0242
ENHV,LSGE
ENHV,LSZO
ENHV,LT-0026
ENHV,LSZH
ENHV,IE-0041
ENHV,LHOY
ENHV,LOLK
ENHV,LSGG
ENHV,LPHR
LERS,LXGB
LERS,RU-0076
LERS,EEVI
LERS,IE-0004
LERS,EETA
LERS,ES-0097
LERS,RU-0212
LERS,EE-0004
LERS,LESB
LERS,LSZT
LERS,EERE
LERS,ENEV
LERS,LPSC
LERS,ES-0269
LERS,EICD
LERS,PT-0095
LERS,UHPU
LERS,NO-0061
LERS,LT-0031
LERS,RU-2824
LERS,IM-0001
LERS,ES-0045
IE-0053,LOAV
IE-0053,LEMP
IE-0053,LOIJ
IE-0053,EYVI
IE-0053,UHAW
IE-0053,IE-0065
IE-0053,PT-0130
IE-0053,NO-0008
IE-0053,LT-0002
IE-0053,RU-0367
IE-0053,ENFG
IE-0053,EERE
IE-0053,IM-0006
IE-0053,EE-0003
IE-0053,HU-0015
IE-0053,EERI
IE-0053,PT-0100
IE-0053,ES-0161
IE-0053,LXGB
HU-0028,UHPU
HU-0028,LT-0026
HU-0028,EIIH
HU-0028,EYVI
HU-0028,ES-0051
HU-0028,LSZT
HU-0028,LHBA
HU-0028,EICD
HU-0028,EEVI
HU-0028,LOWI
HU-0028,NO-0001
HU-0028,IM-0003
HU-0028,LSXV
HU-0028,EELU
HU-0028,LHSY
HU-0028,EYPN
HU-0028,AD-0002
HU-0028,EYSB
HU-0028,HU-0044
HU-0028,PT-0017
HU-0028,PT-0136
HU-0028,LHMC
HU-0028,LT-0009
HU-0023,PT-0017
HU-0023,LOWZ
HU-0023,HU-0015
HU-0023,IM-0003
HU-0023,PT-0032
HU-0023,LOLW
HU-0023,LSGE
HU-0023,ES-0099
HU-0023,NO-0096
HU-0023,LPBJ
HU-0023,LPHR
HU-0023,IE-0015
HU-0023,LHVE
HU-0023,EEJI
HU-0023,NO-0073
HU-0023,HU-0047
HU-0023,LOWW
HU-0023,ENEV
HU-0023,PT-0070
HU-0023,UNAA
HU-0023,EELU
HU-0023,LHDV
HU-0023,EIME
HU-0023,IE-0054
HU-0023,LOWG
RU-0183,EYKR
RU-0183,ENTC
RU-0183,EE-4931
RU-0183,LOGW
RU-0183,PT-0070
RU-0183,ES-0084
RU-0183,RU-0456
RU-0183,PT-0112
RU-0183,RU-0212
RU-0183,PT-0130
RU-0183,PT-0095
RU-0183,ENHD
RU-0183,UHPU
RU-0183,PT-0054
RU-0183,EEVI
RU-0183,LSZG
RU-0183,LT-0026
RU-0183,RU-0367
RU-0183,EERI
RU-0183,LELH
RU-0183,PT-0017
HU-0043,EGJJ
HU-0043,IE-0065
HU-0043,LE83
HU-0043,LOLW
HU-0043,LOAN
HU-0043,PT-0032
HU-0043,PT-0017
HU-0043,LESB
HU-0043,IM-0004
HU-0043,LT-0026
HU-0043,EYVP
HU-0043,UHPU
HU-0043,LHBA
HU-0043,RU-0690
HU-0043,LHSN
HU-0043,EEVI
HU-0043,PT-0070
HU-0043,IE-0018
HU-0043,ES-0269
HU-0043,EE-7685
HU-0043,LHOY
HU-0043,LSZY
HU-0043,LOLK
HU-0043,LSZH
HU-0043,EE-0003
HU-0043,LECT
EEEI,EEJI
EEEI,IM-0001
EEEI,RU-2824
EEEI,EEVI
EEEI,ULMA
EEEI,IE-0056
EEEI,EETA
EEEI,EE-0006
EEEI,LSPK
EEEI,PT-0130
EEEI,RU-0501
EEEI,RU-0475
EEEI,ES-0097
LT-0002,EEAA
LT-0002,LELH
LT-0002,EERI
LT-0002,EEVU
LT-0002,PT-0070
LT-0002,RU-0475
LT-0002,IE-0054
LT-0002,IM-0004
LT-0002,LHOY
LT-0002,IE-0053
LT-0002,LOWI
LT-0002,EYKR
LT-0002,PT-0112
LT-0002,IE-0004
LT-0002,EE-4931
LT-0002,EEKI
LT-0009,EELU
LT-0009,NO-0103
LT-0009,LSPF
LT-0009,ES-0149
LT-0009,LSZY
LT-0009,EE-0004
LT-0009,LSME
LT-0009,HU-0005
LT-0009,LHBA
LT-0009,RU-4244
LT-0009,RU-0076
LT-0009,EE-0009
LT-0009,RU-0242
LT-0009,UHAW
LT-0009,LSZH
LT-0009,EYSB
LT-0009,EIWT
LT-0009,HU-0028
EE-0010,ES-0014
EE-0010,NO-0017
EE-0010,PT-0139
EE-0010,LOWI
EE-0010,IE-0030
EE-0010,DE-0354
EE-0010,EE-4931
EE-0010,EYPI
EE-0010,HU-0044
EE-0010,EERI
EE-0010,ES-0051
EE-0010,X-VIE
EE-0010,LSME
EE-0010,LT-0027
EE-0010,EE-0004
EE-0010,LPPS
EE-0010,RU-0456
RU-0076,LERS
RU-0076,EYKR
RU-0076,IE-0011
RU-0076,LOKW
RU-0076,RU-2824
RU-0076,PT-0139
RU-0076,HU-0046
RU-0076,LT-0009
RU-0076,HU-0015
RU-0076,ES-0269
RU-0076,HU-0005
RU-0076,LT-0027
RU-0076,HU-0044
RU-0076,EYSB
RU-0076,LELH
RU-0076,LSPK
RU-0076,EEVU
RU-0076,NO-0008
EEVI,NO-0073
EEVI,UHPU
EEVI,PT-0137
EEVI,LSZO
EEVI,LERS
EEVI,UHQO
EEVI,LHZA
EEVI,LOLW
EEVI,EEEI
EEVI,PT-0116
EEVI,LOKM
EEVI,HU-0028
EEVI,PT-0139
EEVI,LHSY
EEVI,LHBA
EEVI,LECT
EEVI,LOWI
EEVI,HU-0043
EEVI,LSGS
EEVI,EGJJ
EEVI,RU-0183
EEVI,ES-0045
EEVI,LSZD
EEVI,LSZH
EEVI,LSGG
EEVI,LSZT
EEVI,LSGE
EEVI,IE-0015
EEVI,LHGM
EEVI,LSXV
EYMO,EIBR
EYMO,ENFG
EYMO,LOKW
EYMO,PT-0111
EYMO,RU-0475
EYMO,IE-0065
EYMO,LPBJ
EYMO,EYSB
EYMO,EE-0009
EYMO,PT-0137
EYMO,LOLU
EYMO,EYKR
EYMO,PT-0100
EYMO,LSZN
EYMO,LHZA
EYMO,LSPM
EYMO,LHVE
EYMO,PT-0112
EYMO,PT-0130
EYMO,ENEV
EYMO,EGNS
EYMO,UHPU
EYMO,LSPO
IE-0041,RU-0501
IE-0041,IE-0054
IE-0041,ENHD
IE-0041,UHPU
IE-0041,LHZA
IE-0041,LPSC
IE-0041,ES-0051
IE-0041,EYPN
IE-0041,UHWT
IE-0041,ENHV
IE-0041,EEHA
IE-0041,PT-0100
IE-0041,EE-0008
IE-0041,LPPS
IE-0041,NO-0092
IE-0041,LSGE
IE-0041,EEJI
IE-0041,UHAW
IE-0041,AT-0024
LSME,X-VIE
LSME,LOLU
LSME,PT-0070
LSME,RU-0367
LSME,ES-0097
LSME,LT-0009
LSME,ENFG
LSME,ENBM
LSME,LOWI
LSME,LPSC
LSME,EEVU
LSME,LSGG
LSME,EYVI
LSME,LOIA
LSME,LELH
LSME,EE-0010
LSME,RU-0690
LSME,LOLW
LSME,LOWS
LSMD,NO-0008
LSMD,ES-0161
LSMD,EE-0004
LSMD,LOLW
LSMD,LSZG
LSMD,LE83
LSMD,IE-0030
LSMD,LHMC
LSMD,NO-0001
LSMD,LOLU
LSMD,LSZH
LSMD,RU-0501
LSMD,AT-0024
LSMD,LSPF
LSMD,EEVU
LSMD,PT-0067
LSMD,LPPS
LSMD,ENTS
LSMD,RU-0475
LSMD,LECT
EEVU,UNAA
EEVU,ES-0294
EEVU,LOKM
EEVU,PT-0111
EEVU,PT-0116
EEVU,IE-0018
EEVU,LT-0002
EEVU,EEHA
EEVU,LEMP
EEVU,LSME
EEVU,LHDV
EEVU,LSMD
EEVU,ENFG
EEVU,NO-0046
EEVU,RU-0367
EEVU,HU-0031
EEVU,HU-0046
EEVU,RU-0320
EEVU,LT-0026
EEVU,RU-0076
EEVU,PT-0054
EEVU,EIWT
LOWW,UGMS
LOWW,ES-0269
LOWW,LOWG
LOWW,UNAA
LOWW,LOLU
LOWW,EYKL
LOWW,ENFG
LOWW,EERU
LOWW,LHDV
LOWW,EGNS
LOWW,EICD
LOWW,LHVE
LOWW,IE-0015
LOWW,EYPN
LOWW,LOKW
LOWW,EIBB
LOWW,HU-0023
LOWW,EE-0006
LOWW,LSZP
LOWW,LT-0026
LOWW,LOAV
LOWW,PT-0136
LOWW,EYVP
LHZA,PT-0100
LHZA,LECT
LHZA,LT-0015
LHZA,IE-0011
LHZA,ES-0184
LHZA,UNAA
LHZA,LSZC
LHZA,LSXV
LHZA,ES-0099
LHZA,EEVI
LHZA,ES-0129
LHZA,AD-0002
LHZA,EEHA
LHZA,LSPO
LHZA,PT-0130
LHZA,EYPI
LHZA,IE-0041
LHZA,LT-0026
LHZA,LOKM
LHZA,ES-0084
LHZA,ULMA
LHZA,ES-0014
LHZA,ENTS
LHZA,IM-0003
LHZA,ENEV
LHZA,EYMO
LHZA,NO-0073
LHZA,EIWT
LHZA,AT-0024
LHZA,LOGP
LHZA,LSGE
LOWZ,HU-0023
LOWZ,RU-0367
LOWZ,IE-0068
LOWZ,PT-0017
LOWZ,ENKJ
LOWZ,EERI
LOWZ,ENTS
LOWZ,PT-0137
LOWZ,LSPK
LOWZ,LHDV
LOWZ,EIWT
LOWZ,EEAA
LOWZ,LOAN
LOWZ,LT-0031
LOWZ,IE-0070
LOWZ,RU-0320
LOWZ,LOAV
LOWZ,EE-0008
LOWZ,ES-0184
LOWZ,LSTA
LOWZ,ENSA
ES-0129,ES-0269
ES-0129,EYPI
ES-0129,LHVE
ES-0129,LHZA
ES-0129,LSXV
ES-0129,LOWL
ES-0129,LT-0014
ES-0129,ES-0084
ES-0129,UNAA
ES-0129,RU-0475
ES-0129,PT-0137
ES-0129,IE-0011
ES-0129,LELH
ES-0129,EEAA
ES-0129,IE-0004
ES-0129,ES-0184
ES-0129,EGJJ
ES-0129,LHHO
LECT,LHZA
LECT,LPPS
LECT,EIBR
LECT,EYTL
LECT,NO-0046
LECT,EEVI
LECT,PT-0137
LECT,LT-0014
LECT,RU-0212
LECT,LOIJ
LECT,EE-0004
LECT,LSXV
LECT,NO-0103
LECT,ENSA
LECT,EYPI
LECT,HU-0043
LECT,LSMD
LECT,PT-0076
PT-0139,HU-0044
PT-0139,PT-0116
PT-0139,EE-0010
PT-0139,LSZY
PT-0139,RU-0076
PT-0139,PT-0076
PT-0139,LOKM
PT-0139,RU-0212
PT-0139,RU-0475
PT-0139,LHMC
PT-0139,EEVI
PT-0139,EEJI
PT-0139,LOKW
PT-0139,EELU
PT-0139,LE83
PT-0139,EYTL
PT-0139,EGJJ
PT-0139,ES-0294
PT-0139,LHBA
PT-0139,IE-0015
PT-0139,NO-0017
PT-0139,EYPN
PT-0139,LOLK
PT-0139,PT-0100
EYPI,ES-0129
EYPI,IE-0029
EYPI,ES-0097
EYPI,LSZY
EYPI,LSZN
EYPI,LPBJ
EYPI,LT-9517
EYPI,EE-0010
EYPI,LHZA
EYPI,UNAA
EYPI,ES-0251
EYPI,IE-0018
EYPI,LHKH
EYPI,PT-0100
EYPI,LSGG
EYPI,EYVI
EYPI,AT-0024
EYPI,ENFG
EYPI,PT-0137
EYPI,ES-0051
EYPI,ES-0184
EYPI,LECT
EYPI,ES-0294
EYPI,PT-0032
LOGP,LOLK
LOGP,LT-0027
LOGP,ES-0149
LOGP,NO-0103
LOGP,PT-0054
LOGP,PT-0116
LOGP,EERE
LOGP,EE-0008
LOGP,IE-0018
LOGP,LSGE
LOGP,IM-0004
LOGP,LESB
LOGP,NO-0096
LOGP,ENTC
LOGP,UHWT
LOGP,NO-0084
LOGP,IE-0056
LOGP,LHZA
LOGP,ES-0051
LOGP,LPHR
LOGP,UHAW
LOGW,ENHV
LOGW,LT-0019
LOGW,RU-0183
LOGW,LOIJ
LOGW,LPPS
LOGW,PT-0017
LOGW,NO-0096
LOGW,LOKW
LOGW,LOLW
LOGW,ES-0045
LOGW,EE-0008
LOGW,IE-0065
LOGW,NO-0084
LOGW,ENTS
LOGW,LEAL
LOGW,LSPM
LOGW,LXGB
LOGW,IE-0029
LOGW,LHDV
LOGW,IE-0068
LOGW,EE-0003
LOGW,EERU
LOGW,LSZN
RU-0320,IE-0068
RU-0320,RU-0212
RU-0320,ENKJ
RU-0320,LT-0027
RU-0320,EICD
RU-0320,NO-0073
RU-0320,LHOY
RU-0320,RU-2824
RU-0320,EYPN
RU-0320,EIME
RU-0320,LOWI
RU-0320,LEAL
RU-0320,EERI
RU-0320,IE-0029
RU-0320,LOWZ
RU-0320,LPPS
RU-0320,LOLU
RU-0320,IM-0003
RU-0320,PT-0100
RU-0320,EEVU
RU-0320,LT-9517
RU-0320,IE-0056
RU-0320,LSZT
EYPN,RU-0381
EYPN,ES-0099
EYPN,IE-0029
EYPN,PT-0032
EYPN,UGMS
EYPN,PT-0054
EYPN,LT-0027
EYPN,NO-0084
EYPN,PT-0136
EYPN,LE83
EYPN,LHHO
EYPN,UHQO
EYPN,RU-4244
EYPN,LSZY
EYPN,LOLW
EYPN,LHKH
EYPN,EYTL
EYPN,RU-0501
EYPN,LHSY
EYPN,IE-0054
EYPN,RU-0320
EYPN,ENTC
EYPN,EE-7685
EYPN,HU-0028
EYPN,AD-0002
EYPN,IE-0011
EYPN,LT-0015
EYPN,IE-0041
EYPN,EEKI
EYPN,LOWW
EYPN,ENTS
EYPN,EIME
EYPN,ENKJ
EYPN,EYVP
EYPN,EEHA
EYPN,PT-0139
EYPN,EIWT
PT-0137,EE-7685
PT-0137,EEVI
PT-0137,LEMP
PT-0137,LSGE
PT-0137,UNAA
PT-0137,EERU
PT-0137,LOWZ
PT-0137,LSZN
PT-0137,LECT
PT-0137,EYMO
PT-0137,LT-0015
PT-0137,EE-0004
PT-0137,LOIJ
PT-0137,LESB
PT-0137,LSZC
PT-0137,ES-0129
PT-0137,EYSB
PT-0137,EYPI
PT-0137,EYKR
PT-0137,NO-0061
PT-0137,EIDL
PT-0137,LHSN
PT-0017,PT-0112
PT-0017,HU-0023
PT-0017,LOGW
PT-0017,LOWZ
PT-0017,HU-0043
PT-0017,RU-0690
PT-0017,HU-0031
PT-0017,ES-0269
PT-0017,LEAL
PT-0017,ENHD
PT-0017,HU-0028
PT-0017,LHHO
PT-0017,LHMC
PT-0017,PT-0054
PT-0017,RU-0183
RU-4244,AT-0024
RU-4244,IM-0006
RU-4244,ENSA
RU-4244,EYPN
RU-4244,EYVI
RU-4244,RU-0456
RU-4244,PT-0130
RU-4244,LT-0009
RU-4244,ES-0099
RU-4244,LSZP
RU-4244,NO-0046
RU-4244,LOWS
RU-4244,EEKI
RU-4244,RU-0475
RU-4244,DE-0354
RU-4244,EICD
PT-0136,EYSB
PT-0136,RU-0690
PT-0136,EE-0003
PT-0136,RU-0242
PT-0136,EYPN
PT-0136,AT-0024
PT-0136,LT-0025
PT-0136,LT-0014
PT-0136,EYVP
PT-0136,LT-9517
PT-0136,PT-0095
PT-0136,NO-0103
PT-0136,LSPO
PT-0136,IE-0011
PT-0136,LHGM
PT-0136,NO-0046
PT-0136,LOWW
PT-0136,HU-0028
IE-0030,LHKH
IE-0030,LSPK
IE-0030,PT-0112
IE-0030,NO-0073
IE-0030,ES-0084
IE-0030,LSMD
IE-0030,EE-0010
IE-0030,LT-0015
IE-0030,IM-0003
IE-0030,HU-0047
IE-0030,RU-2824
IE-0030,LSZT
IE-0030,LSZP
IE-0030,PT-0076
ES-0251,RU-0690
ES-0251,EYVP
ES-0251,LHDV
ES-0251,LSZN
ES-0251,IM-0003
ES-0251,LPSC
ES-0251,LPBJ
ES-0251,EIIH
ES-0251,LPPS
ES-0251,EYPI
ES-0251,EEAA
ES-0251,ES-0084
ES-0251,LOWG
ES-0251,LOKW
ES-0251,EE-7685
ES-0251,IE-0056
ES-0251,HU-0046
ES-0251,EIWT
ES-0251,LPHR
ES-0251,LSZD
PT-0130,LT-0027
PT-0130,LOWI
PT-0130,IE-0056
PT-0130,LXGB
PT-0130,LHSN
PT-0130,IE-0053
PT-0130,LHZA
PT-0130,LOKM
PT-0130,RU-0183
PT-0130,RU-4244
PT-0130,ENKJ
PT-0130,LT-9517
PT-0130,UHAW
PT-0130,EEEI
PT-0130,HU-0031
PT-0130,EYMO
PT-0130,ES-0045
LSPF,RU-2824
LSPF,LHOY
LSPF,LT-0009
LSPF,LXGB
LSPF,LE83
LSPF,LSZC
LSPF,LOLW
LSPF,LEMP
LSPF,EGJJ
LSPF,X-VIE
LSPF,LSMD
LSPF,IE-0018
LSPF,HU-0015
LSPF,LSPO
LSPF,ENTC
LSPF,EICD
LSPF,LSTA
UGMS,ENFG
UGMS,LOWW
UGMS,EYPN
UGMS,EE-0009
UGMS,ENTS
UGMS,EYKR
UGMS,LHHO
UGMS,IM-0001
UGMS,EYVP
UGMS,LT-0014
UGMS,LOWI
UGMS,LSZO
UGMS,LSZC
UGMS,PT-0067
UGMS,LSXV
UGMS,RU-0475
UGMS,LSPO
LHHO,PT-0111
LHHO,EGJJ
LHHO,ES-0084
LHHO,IE-0004
LHHO,EGNS
LHHO,LSZN
LHHO,PT-0054
LHHO,EYPN
LHHO,UGMS
LHHO,DE-0354
LHHO,LOLU
LHHO,LSZP
LHHO,EELU
LHHO,IE-0054
LHHO,PT-0017
LHHO,LPPS
LHHO,IE-0029
LHHO,LHGM
LHHO,ENFG
LHHO,ES-0129
ES-0014,IE-0029
ES-0014,EE-0010
ES-0014,HU-0047
ES-0014,LSZN
ES-0014,PT-0112
ES-0014,UHQO
ES-0014,LHZA
ES-0014,ES-0099
ES-0014,PT-0076
ES-0014,LSZT
ES-0014,EICD
ES-0014,LHDV
ES-0014,EIIH
ES-0014,LOWI
LESB,LSZN
LESB,IE-0015
LESB,ENTS
LESB,IE-0070
LESB,ENEV
LESB,ES-0161
LESB,LSZY
LESB,HU-0043
LESB,LOIJ
LESB,IE-0054
LESB,LERS
LESB,ENTC
LESB,EEAA
LESB,RU-0728
LESB,LOGP
LESB,HU-0005
LESB,ENFG
LESB,RU-0242
LESB,PT-0137
LESB,PT-0054
LESB,HU-0031
IE-0029,EYPI
IE-0029,ES-0014
IE-0029,LHSN
IE-0029,EYPN
IE-0029,LOIA
IE-0029,LE83
IE-0029,RU-0320
IE-0029,PT-0054
IE-0029,EE-7685
IE-0029,RU-2824
IE-0029,IE-0068
IE-0029,RU-0381
IE-0029,LPBJ
IE-0029,ES-0149
IE-0029,EEJI
IE-0029,LHHO
IE-0029,LOGW
IE-0029,NO-0046
IE-0029,HU-0044
IE-0029,EGNS
IE-0029,LOWL
LPHR,EEHA
LPHR,LSZH
LPHR,EICD
LPHR,IM-0003
LPHR,LOWS
LPHR,LSGE
LPHR,UNAA
LPHR,HU-0023
LPHR,LSTA
LPHR,PT-0111
LPHR,ES-0251
LPHR,ES-0149
LPHR,ENHV
LPHR,LSZC
LPHR,LOGP
LOWG,ENTC
LOWG,UHAW
LOWG,LOWW
LOWG,ULMA
LOWG,RU-0367
LOWG,UHQO
LOWG,EEHA
LOWG,IM-0006
LOWG,LPPS
LOWG,LSXV
LOWG,LSZH
LOWG,LOAV
LOWG,PT-0054
LOWG,ES-0251
LOWG,LHDV
LOWG,LEMP
LOWG,RU-0242
LOWG,LOLW
LOWG,IE-0011
LOWG,EE-4931
LOWG,ENTS
LOWG,RU-0501
LOWG,HU-0023
RU-0456,LOLU
RU-0456,ES-0051
RU-0456,RU-0183
RU-0456,LOIA
RU-0456,ENSA
RU-0456,LOLK
RU-0456,RU-4244
RU-0456,LEAL
RU-0456,EEKI
RU-0456,IE-0018
RU-0456,PT-0076
RU-0456,PT-0067
RU-0456,RU-0367
RU-0456,ENHD
RU-0456,EYVI
RU-0456,LOWS
RU-0456,EE-0010
RU-0456,X-VIE
LOWI,PT-0130
LOWI,LSZP
LOWI,EE-0010
LOWI,HU-0047
LOWI,EE-0006
LOWI,UHAW
LOWI,PT-0113
LOWI,HU-0028
LOWI,LSME
LOWI,AD-0002
LOWI,EEVI
LOWI,RU-0320
LOWI,EYKR
LOWI,LT-0018
LOWI,IE-0018
LOWI,IE-0068
LOWI,LSZT
LOWI,UGMS
LOWI,LOIA
LOWI,IE-0015
LOWI,LT-0002
LOWI,LSPM
LOWI,LOLK
LOWI,EGNS
LOWI,UHPU
LOWI,ES-0014
LOWI,LELH
LOWI,LSGE
RU-0212,RU-0320
RU-0212,LSZY
RU-0212,ENHV
RU-0212,ES-0045
RU-0212,PT-0095
RU-0212,ES-0269
RU-0212,PT-0100
RU-0212,RU-0183
RU-0212,LEMP
RU-0212,PT-0139
RU-0212,ENSA
RU-0212,LERS
RU-0212,LOKM
RU-0212,AD-0002
RU-0212,LECT
RU-0212,EE-0004
RU-0212,ES-0051
RU-0212,LHVE
RU-0212,AT-0024
RU-0212,LHMC
EEHA,IE-0070
EEHA,LPHR
EEHA,LSXV
EEHA,ES-0184
EEHA,LHDV
EEHA,AT-0024
EEHA,NO-0092
EEHA,IM-0006
EEHA,LHZA
EEHA,EIDL
EEHA,EEVU
EEHA,LOWG
EEHA,LHGM
EEHA,EIBB
EEHA,UNAA
EEHA,PT-0100
EEHA,LSZT
EEHA,EGNS
EEHA,NO-0001
EEHA,ENEV
EEHA,IE-0041
EEHA,RU-0367
EEHA,EIIH
EEHA,EYPN
EEHA,EGJJ
LOWL,EIBB
LOWL,RU-0501
LOWL,LPBJ
LOWL,EYKL
LOWL,NO-0084
LOWL,IE-0054
LOWL,LSZG
LOWL,LSZN
LOWL,EE-0009
LOWL,EYVP
LOWL,EERE
LOWL,ENTS
LOWL,LT-0014
LOWL,EGNS
LOWL,ES-0129
LOWL,AD-0002
LOWL,NO-0092
LOWL,EE-4931
LOWL,ES-0184
LOWL,IE-0056
LOWL,LPPS
LOWL,ENEV
LOWL,IE-0029
LOWS,LSZD
LOWS,NO-0073
LOWS,RU-2824
LOWS,LPHR
LOWS,LHOY
LOWS,ES-0051
LOWS,PT-0067
LOWS,EE-0006
LOWS,RU-0501
LOWS,RU-4244
LOWS,EYKR
LOWS,LT-0019
LOWS,LT-0031
LOWS,LSZT
LOWS,RU-0456
LOWS,ENBM
LOWS,RU-0242
LOWS,IE-0015
LOWS,LSZO
LOWS,NO-0017
LOWS,LSME
RU-0690,PT-0136
RU-0690,ES-0251
RU-0690,LHVE
RU-0690,EERU
RU-0690,PT-0017
RU-0690,ENHD
RU-0690,HU-0043
RU-0690,LOLU
RU-0690,EEJI
RU-0690,IE-0004
RU-0690,PT-0067
RU-0690,HU-0031
RU-0690,ES-0294
RU-0690,PT-0054
RU-0690,EIBB
RU-0690,LOKM
RU-0690,LSME
RU-0690,LPSC
RU-0690,LSPM
RU-0690,PT-0032
RU-0690,X-VIE
RU-0690,EEKI
RU-0690,PT-0112
AT-0024,PT-0116
AT-0024,RU-4244
AT-0024,LHMC
AT-0024,PT-0136
AT-0024,EEHA
AT-0024,PT-0111
AT-0024,ES-0184
AT-0024,EEJI
AT-0024,LOLU
AT-0024,LT-0031
AT-0024,EE-4931
AT-0024,LSMD
AT-0024,DE-0354
AT-0024,IE-0070
AT-0024,LOLW
AT-0024,LSZH
AT-0024,EYPI
AT-0024,LHZA
AT-0024,LEMP
AT-0024,RU-0212
AT-0024,ULMA
AT-0024,IE-0041
IE-0015,LESB
IE-0015,LHKH
IE-0015,LSXV
IE-0015,LT-0018
IE-0015,PT-0070
IE-0015,IM-0002
IE-0015,PT-0111
IE-0015,EGJJ
IE-0015,HU-0023
IE-0015,IM-0003
IE-0015,LSZH
IE-0015,LT-9517
IE-0015,LOWW
IE-0015,LSPK
IE-0015,IE-0011
IE-0015,LHSY
IE-0015,LSZG
IE-0015,LT-0014
IE-0015,NO-0096
IE-0015,LOWI
IE-0015,RU-0367
IE-0015,AD-0002
IE-0015,PT-0139
IE-0015,UHAW
IE-0015,LOWS
IE-0015,X-VIE
IE-0015,LSGS
IE-0015,IE-0056
IE-0015,EEVI
LT-0031,LSXV
LT-0031,ENHV
LT-0031,PT-0067
LT-0031,PT-0116
LT-0031,EEAA
LT-0031,LT-0015
LT-0031,AT-0024
LT-0031,EERE
LT-0031,LOWZ
LT-0031,LOLK
LT-0031,HU-0046
LT-0031,ES-0097
LT-0031,RU-0242
LT-0031,ES-0149
LT-0031,LOKM
LT-0031,LSGS
LT-0031,UHWT
LT-0031,EYSB
LT-0031,LERS
LT-0031,EGJJ
LT-0031,DE-0354
LT-0031,LOWS
EIBB,PT-0113
EIBB,LOWL
EIBB,IE-0018
EIBB,EE-0006
EIBB,EICD
EIBB,EEAA
EIBB,EEHA
EIBB,LSZT
EIBB,HU-0015
EIBB,LSGG
EIBB,LOWW
EIBB,EGNS
EIBB,IM-0006
EIBB,NO-0001
EIBB,PT-0111
EIBB,LEMP
EIBB,RU-0690
EIBB,LSGE
EIBB,PT-0070
EIBB,ENEV
IE-0011,RU-0475
IE-0011,LOIJ
IE-0011,RU-0076
IE-0011,LHZA
IE-0011,ES-0099
IE-0011,NO-0073
IE-0011,LSZH
IE-0011,EYVI
IE-0011,NO-0008
IE-0011,EIWT
IE-0011,LEAL
IE-0011,EYPN
IE-0011,IE-0015
IE-0011,LXGB
IE-0011,IM-0006
IE-0011,EERE
IE-0011,ES-0129
IE-0011,NO-0103
IE-0011,LSGG
IE-0011,PT-0054
IE-0011,LOWG
IE-0011,PT-0136
IE-0011,AD-0002
IE-0011,LSZD
LOIJ,IE-0011
LOIJ,ES-0045
LOIJ,IE-0053
LOIJ,LOGW
LOIJ,LT-0026
LOIJ,EELU
LOIJ,EIBR
LOIJ,LESB
LOIJ,IE-0065
LOIJ,ENEV
LOIJ,NO-0103
LOIJ,LOKM
LOIJ,HU-0015
LOIJ,PT-0137
LOIJ,LECT
LOIJ,ES-0269
LOIJ,NO-0061
LOIJ,NO-0073
LOIJ,LT-0025
LOIJ,LOKW
EGNS,ES-0051
EGNS,EYSB
EGNS,LHGM
EGNS,NO-0042
EGNS,LHHO
EGNS,EIWT
EGNS,ES-0097
EGNS,LSXV
EGNS,PT-0113
EGNS,LT-0026
EGNS,LOWW
EGNS,LOWL
EGNS,NO-0084
EGNS,LSZD
EGNS,LOIA
EGNS,LHKH
EGNS,HU-0005
EGNS,EEHA
EGNS,LSZP
EGNS,EIBB
EGNS,ES-0269
EGNS,LOWI
EGNS,EE-0004
EGNS,IE-0029
EGNS,EYMO
EGNS,HU-0046
IE-0018,LSZO
IE-0018,ES-0097
IE-0018,EIBB
IE-0018,EEVU
IE-0018,IM-0001
IE-0018,EYVI
IE-0018,LOGP
IE-0018,RU-0456
IE-0018,EYPI
IE-0018,ES-0051
IE-0018,EIME
IE-0018,LOWI
IE-0018,HU-0043
IE-0018,LSPF
IE-0018,LSZH
IE-0018,ES-0045
IE-0018,RU-0475
PT-0111,LHSN
PT-0111,LHHO
PT-0111,NO-0017
PT-0111,LT-0014
PT-0111,EEVU
PT-0111,IE-0015
PT-0111,EYMO
PT-0111,AT-0024
PT-0111,ES-0161
PT-0111,DE-0354
PT-0111,X-VIE
PT-0111,PT-0113
PT-0111,LSZH
PT-0111,EIIH
PT-0111,PT-0100
PT-0111,ES-0099
PT-0111,LSZN
PT-0111,EIBB
PT-0111,LPHR
PT-0111,HU-0015
PT-0111,LT-0025
PT-0112,DE-0354
PT-0112,PT-0017
PT-0112,IE-0030
PT-0112,UNAA
PT-0112,LSGG
PT-0112,LE83
PT-0112,ES-0014
PT-0112,RU-0183
PT-0112,IM-0002
PT-0112,EIWT
PT-0112,RU-0381
PT-0112,EYKL
PT-0112,ES-0184
PT-0112,ENTC
PT-0112,RU-0242
PT-0112,LSZC
PT-0112,LSZH
PT-0112,IM-0006
PT-0112,IE-0065
PT-0112,EYMO
PT-0112,UHAW
PT-0112,LT-0002
PT-0112,PT-0067
PT-0112,EYTL
PT-0112,RU-0690
EIBR,LT-0018
EIBR,EYMO
EIBR,IM-0004
EIBR,IE-0068
EIBR,LECT
EIBR,LSZH
EIBR,RU-0501
EIBR,LOLU
EIBR,LSZC
EIBR,LOIJ
EIBR,EE-0006
EIBR,EYKL
EIBR,NO-0092
EIBR,ENBM
EIBR,IM-0006
EIBR,LSZT
EIBR,LPPS
NO-0103,LT-0009
NO-0103,PT-0076
NO-0103,LOLK
NO-0103,ENSA
NO-0103,LOGP
NO-0103,LSZT
NO-0103,EGJJ
NO-0103,IM-0004
NO-0103,NO-0001
NO-0103,LOIJ
NO-0103,RU-0501
NO-0103,LT-0018
NO-0103,LELH
NO-0103,IE-0011
NO-0103,PT-0136
NO-0103,LEAL
NO-0103,LECT
NO-0103,AD-0002
NO-0103,ENTC
PT-0116,PT-0139
PT-0116,AT-0024
PT-0116,LT-0031
PT-0116,EEVU
PT-0116,PT-0100
PT-0116,NO-0084
PT-0116,NO-0046
PT-0116,LOGP
PT-0116,LSZY
PT-0116,EEVI
PT-0116,LHMC
PT-0116,LSZN
PT-0116,RU-0475
PT-0116,EEJI
PT-0116,IM-0002
PT-0116,LOKW
PT-0116,EERU
PT-0116,LSZT
PT-0116,ENBM
PT-0113,PT-0032
PT-0113,EIBB
PT-0113,EE-0006
PT-0113,DE-0354
PT-0113,LHVE
PT-0113,IM-0004
PT-0113,LOWI
PT-0113,PT-0111
PT-0113,NO-0001
PT-0113,EGNS
PT-0113,LHSY
PT-0113,LHBA
PT-0113,LPBJ
PT-0113,NO-0073
PT-0113,AD-0002
PT-0113,EELU
PT-0113,LHKH
PT-0113,HU-0047
PT-0113,EEKI
UHQO,LHBA
UHQO,IM-0003
UHQO,IE-0065
UHQO,RU-0728
UHQO,EEVI
UHQO,RU-0475
UHQO,EYTL
UHQO,ES-0014
UHQO,EYPN
UHQO,LOWG
UHQO,EIIH
UHQO,LE83
UHQO,LSTA
UHQO,PT-0095
UHQO,EYSB
UHQO,EE-0006
UHQO,LXGB
EEKI,NO-0092
EEKI,LSXV
EEKI,LOKM
EEKI,ENKJ
EEKI,LHSN
EEKI,PT-0032
EEKI,EE-7685
EEKI,RU-0456
EEKI,RU-0381
EEKI,IM-0006
EEKI,LHSY
EEKI,EYPN
EEKI,LHOY
EEKI,PT-0076
EEKI,LSGG
EEKI,LHDV
EEKI,PT-0113
EEKI,RU-4244
EEKI,EEJI
EEKI,RU-0690
EEKI,NO-0084
EEKI,UNAA
EEKI,LT-0002
IE-0004,NO-0017
IE-0004,IE-0068
IE-0004,LHHO
IE-0004,LERS
IE-0004,LEAL
IE-0004,NO-0092
IE-0004,PT-0095
IE-0004,LOAN
IE-0004,LOKM
IE-0004,RU-0690
IE-0004,EETA
IE-0004,LT-0002
IE-0004,ES-0129
IE-0004,NO-0046
IE-0004,LHSN
IE-0004,UHPU
IE-0004,LOLW
IE-0004,LE83
LSPK,IE-0030
LSPK,LT-0015
LSPK,EYKR
LSPK,NO-0017
LSPK,LEAL
LSPK,PT-0095
LSPK,LOWZ
LSPK,IE-0015
LSPK,LSPM
LSPK,EEEI
LSPK,ENFG
LSPK,ES-0051
LSPK,PT-0100
LSPK,RU-0076
LSPK,HU-0005
LSPK,LE83
LSPO,LSZT
LSPO,EICD
LSPO,EETA
LSPO,EE-0009
LSPO,RU-0475
LSPO,IM-0003
LSPO,IM-0004
LSPO,EE-0006
LSPO,LSZO
LSPO,LHZA
LSPO,UNAA
LSPO,RU-0728
LSPO,LT-0026
LSPO,LT-0018
LSPO,ENFG
LSPO,ES-0099
LSPO,PT-0076
LSPO,PT-0100
LSPO,AD-0002
LSPO,PT-0136
LSPO,LSPF
LSPO,UGMS
LSPO,EYMO
LSPM,LT-0019
LSPM,LSGS
LSPM,EYKL
LSPM,LPSC
LSPM,RU-0381
LSPM,LOLK
LSPM,ENBM
LSPM,ES-0099
LSPM,NO-0001
LSPM,RU-0242
LSPM,EELU
LSPM,LSPK
LSPM,NO-0017
LSPM,LOGW
LSPM,EYMO
LSPM,ES-0269
LSPM,AD-0002
LSPM,LOWI
LSPM,LT-0018
LSPM,RU-0690
LSPM,RU-0475
LSPM,IE-0070
ENKJ,EYVP
ENKJ,NO-0008
ENKJ,RU-0320
ENKJ,NO-0096
ENKJ,LOWZ
ENKJ,LT-0019
ENKJ,EEKI
ENKJ,PT-0130
ENKJ,IM-0004
ENKJ,LPSC
ENKJ,ES-0269
ENKJ,EYPN
ENKJ,LT-0026
ENKJ,LOLK
LOIA,LHSY
LOIA,EIDL
LOIA,NO-0096
LOIA,IE-0029
LOIA,UHWT
LOIA,HU-0044
LOIA,RU-0456
LOIA,LT-0018
LOIA,LSXV
LOIA,EGNS
LOIA,NO-0073
LOIA,LSME
LOIA,LOWI
LOIA,EE-0006
LOIA,ENEV
LOIA,AD-0002
LOIA,LHKH
LOIA,ES-0269
LHKH,IE-0015
LHKH,IE-0030
LHKH,NO-0017
LHKH,IE-0056
LHKH,EYPN
LHKH,EEAA
LHKH,LOLW
LHKH,LSGG
LHKH,LT-9517
LHKH,LPSC
LHKH,EGNS
LHKH,ES-0161
LHKH,EETA
LHKH,EYPI
LHKH,IM-0004
LHKH,HU-0044
LHKH,IE-0065
LHKH,PT-0113
LHKH,LPPS
LHKH,LOIA
LHKH,DE-0354
LHKH,RU-0381
LHKH,PT-0100
EEJI,EE-0008
EEJI,EEEI
EEJI,ENHD
EEJI,LSZT
EEJI,LELH
EEJI,AT-0024
EEJI,NO-0073
EEJI,PT-0139
EEJI,EICD
EEJI,RU-0690
EEJI,LSZY
EEJI,HU-0023
EEJI,PT-0116
EEJI,IE-0054
EEJI,ES-0184
EEJI,LSZD
EEJI,EE-0006
EEJI,RU-2824
EEJI,LT-0019
EEJI,IE-0029
EEJI,IE-0041
EEJI,LSGG
EEJI,EEKI
EEJI,LT-0027
UHPU,EEVI
UHPU,HU-0028
UHPU,ENEV
UHPU,PT-0100
UHPU,IE-0041
UHPU,PT-0067
UHPU,IM-0001
UHPU,HU-0043
UHPU,EE-0008
UHPU,RU-0183
UHPU,LERS
UHPU,LT-0014
UHPU,LOWI
UHPU,HU-0047
UHPU,IE-0004
UHPU,EYVI
UHPU,EYMO
