from,to
SK-0073,LV-0050
SK-0073,RO-0012
SK-0073,EVLA
SK-0073,GB-0596
SK-0073,LAKU
SK-0073,LRBS
SK-0073,BE-0007
SK-0073,GB-0143
SK-0073,LATI
SK-0073,LUCL
SK-0073,RO-0003
SK-0073,UGMS
SK-0073,EBGB
SK-0073,LUTR
SK-0073,GB-0102
SK-0073,LAVL
SK-0073,EVTA
SK-0073,HR-0015
SK-0073,LOLW
SK-0073,LZNI
SK-0073,MD-0005
SK-0073,LDRI
SK-0073,HR-0016
SK-0073,HR-0018
SK-0073,BIRG
SK-0075,GB-0143
SK-0075,EBTR
SK-0075,SK-0046
SK-0075,EHGG
SK-0075,GB-0639
SK-0075,LDPN
SK-0075,RO-0065
SK-0075,EBBE
SK-0075,BIRG
SK-0075,BIVI
SK-0075,DE-0354
SK-0075,LOIA
SK-0075,LDRG
SK-0075,LBWB
SK-0075,HR-0010
SK-0075,HR-0020
SK-0075,LRBS
SK-0075,SK-0013
SK-0075,LBBG
SK-0075,LV-0017
LOKM,LV-0051
LOKM,LOAV
LOKM,LV-0054
LOKM,BG-0119
LOKM,BE-0007
LOKM,LOWZ
LOKM,EGCE
LOKM,EBZR
LOKM,LRCV
LOKM,EVLA
LOKM,NL-0071
LOKM,LV-0010
LOKM,BIKF
LOKM,EBMA
LOKM,NL-0045
LOKM,EBUL
LOKM,LDZK
LOKM,MD-0003
LDVC,BIFF
LDVC,GB-0164
LDVC,LDPL
LDVC,BG-0080
LDVC,LUKK
LDVC,GB-0102
LDVC,HR-0015
LDVC,AL-0003
LDVC,EVEA
LDVC,BIHS
LDVC,RO-0047
LDVC,BIGH
LDVC,IS-0003
LDVC,LV-0054
LDVC,GB-0826
LDVC,LOWZ
LDVC,HR-0018
LDVC,HR-0016
LDVC,RO-0011
LDVC,GB-1021
LDVC,LV-0013
LDVC,LAKV
EBFS,LOIA
EBFS,LDPN
EBFS,BIFF
EBFS,LV-0032
EBFS,BE-0029
EBFS,LBKJ
EBFS,BIHU
EBFS,LV-0013
EBFS,SK-0018
EBFS,SK-0064
EBFS,LRTM
EBFS,EBLZ
EBFS,GB-0639
EBFS,LASR
EBFS,RO-0001
EBFS,LOIJ
EBFS,AL-0010
EBFS,MD-0007
EBFS,LZDV
EBFS,SK-0085
LOKW,BIBA
LOKW,LV-0015
LOKW,LV-0052
LOKW,SK-0007
LOKW,LZKC
LOKW,LV-0010
LOKW,NL-0070
LOKW,SK-0064
LOKW,BE-0029
LOKW,LDZK
LOKW,LBWB
LOKW,RO-0044
LOKW,LUCH
LOKW,EBZW
LOKW,HR-0015
LOKW,LV-0051
LOKW,BG-0103
LOKW,EHEH
X-VIE,NL-0008
X-VIE,LBBZ
X-VIE,LDPL
X-VIE,BIRG
X-VIE,RO-0041
X-VIE,SK-0013
X-VIE,NL-0045
X-VIE,BIGH
X-VIE,EGCE
X-VIE,LOWS
X-VIE,LUTR
X-VIE,GB-0826
X-VIE,EBOT
X-VIE,MD-0006
X-VIE,EBLE
X-VIE,EHMZ
X-VIE,EBAV
X-VIE,GB-0102
X-VIE,BIKE
X-VIE,MD-0004
BG-0042,RO-0014
BG-0042,DE-0354
BG-0042,LOAN
BG-0042,EBTR
BG-0042,NL-0045
BG-0042,BIBA
BG-0042,SK-0064
BG-0042,LT-0012
BG-0042,BG-0021
BG-0042,NL-0072
BG-0042,LRPH
BG-0042,HR-0020
BG-0042,RO-0044
BG-0042,SK-0048
BG-0042,EHNP
BG-0042,SK-0009
EBGB,RO-0044
EBGB,LDRO
EBGB,SK-0065
EBGB,LOWI
EBGB,KZ-0062
EBGB,BIKF
EBGB,LBSD
EBGB,SK-0073
EBGB,SK-0018
EBGB,LATI
EBGB,EBSP
EBGB,LT-0012
EBGB,LRCV
EBGB,DE-0354
EBGB,BG-0067
EBGB,RO-0051
EBGB,LOWL
EBGB,RO-0001
EBGB,UATG
EBGB,RO-0041
EBGB,LUBM
EBGB,GB-1021
EBGB,LUCH
EBGB,LAKO
EBGB,LV-0053
EBGB,LRTM
EBGB,IS-0003
LBBG,MD-0006
LBBG,LDZU
LBBG,LZDV
LBBG,LRTM
LBBG,GB-0302
LBBG,EBCI
LBBG,BG-0110
LBBG,SK-0013
LBBG,LUTR
LBBG,LATI
LBBG,GB-0143
LBBG,LAGJ
LBBG,SK-0065
LBBG,IS-0004
LBBG,EHEH
LBBG,LBBZ
LBBG,EGDA
LBBG,NL-0056
LBBG,EBBE
LBBG,LOWS
LBBG,NL-0045
LBBG,BIRK
LBBG,MD-0002
LBBG,SK-0075
LBBG,SK-0009
LBBG,NL-0143
HR-0020,LAKV
HR-0020,GB-0162
HR-0020,SK-0025
HR-0020,EBLZ
HR-0020,BITE
HR-0020,LB45
HR-0020,LOAN
HR-0020,IS-0003
HR-0020,LRCV
HR-0020,LDZK
HR-0020,LUBL
HR-0020,LBKJ
HR-0020,BG-0042
HR-0020,EVKA
HR-0020,EHGG
HR-0020,GB-1021
HR-0020,BG-0067
HR-0020,SK-0075
BINF,EHGG
BINF,LOWS
BINF,MD-0007
BINF,NL-0023
BINF,HR-0001
BINF,NL-0070
BINF,LV-1288
BINF,EBBZ
BINF,GB-0937
BINF,RO-0011
BINF,NL-0008
BINF,LAKU
BINF,EGSN
BINF,LASK
BINF,EBOT
BINF,SK-0085
BINF,LUTR
BINF,EGDA
BINF,EBBE
BINF,MD-0001
SK-0064,LZKC
SK-0064,LDZA
SK-0064,LOLW
SK-0064,LOWL
SK-0064,NL-0049
SK-0064,LOKW
SK-0064,BG-0103
SK-0064,LASK
SK-0064,BG-0042
SK-0064,LASR
SK-0064,SK-0048
SK-0064,SK-0013
SK-0064,LUBM
SK-0064,MD-0002
SK-0064,EBFS
SK-0064,MD-0004
SK-0064,EBTR
SK-0064,BG-0119
SK-0064,SK-0046
SK-0064,RO-0051
SK-0064,SK-0065
SK-0064,EVTA
SK-0064,LDZU
SK-0064,NL-0056
SK-0064,EBBN
SK-0064,HR-0009
SK-0064,IS-0001
SK-0064,LDZJ
SK-0064,LBPR
SK-0064,NL-0023
SK-0065,AL-0010
SK-0065,NL-0075
SK-0065,BG-0007
SK-0065,EBGB
SK-0065,GB-OUK
SK-0065,EBCI
SK-0065,BIHL
SK-0065,LV-0053
SK-0065,NL-0036
SK-0065,LV-0017
SK-0065,EVKA
SK-0065,LBBG
SK-0065,LV-0040
SK-0065,HR-0016
SK-0065,LDRI
SK-0065,SK-0064
SK-0065,GB-0596
SK-0065,GB-0986
SK-0065,BG-0080
SK-0065,BIHS
HR-0018,LR82
HR-0018,EBBN
HR-0018,GB-0143
HR-0018,LV-0032
HR-0018,BG-0103
HR-0018,LZDV
HR-0018,LV-0052
HR-0018,EBMA
HR-0018,LZRU
HR-0018,SK-0009
HR-0018,RO-0067
HR-0018,IS-0004
HR-0018,LUCH
HR-0018,GB-0603
HR-0018,UATG
HR-0018,BITN
HR-0018,EBZU
HR-0018,EBCI
HR-0018,LV-0013
HR-0018,LDVC
HR-0018,EGSN
HR-0018,EBZR
HR-0018,NL-0036
HR-0018,EGCE
HR-0018,SK-0073
HR-0018,LUKK
HR-0018,LV-0054
HR-0016,LV-0054
HR-0016,NL-0062
HR-0016,RO-0047
HR-0016,GB-0450
HR-0016,LBKJ
HR-0016,LDZU
HR-0016,SK-0048
HR-0016,GB-0881
HR-0016,SK-0011
HR-0016,EBBN
HR-0016,LOWZ
HR-0016,GB-0143
HR-0016,IS-0001
HR-0016,SK-0065
HR-0016,BG-0037
HR-0016,RO-0041
HR-0016,BIHL
HR-0016,LBSD
HR-0016,RO-0065
HR-0016,LDRI
HR-0016,SK-0073
HR-0016,LDVC
AL-0010,EHDL
AL-0010,SK-0065
AL-0010,EVKA
AL-0010,LDPN
AL-0010,LDRO
AL-0010,GB-0164
AL-0010,LV-0010
AL-0010,LV-1288
AL-0010,SK-0046
AL-0010,LUBL
AL-0010,MD-0007
AL-0010,EGDA
AL-0010,DE-0354
AL-0010,BIKF
AL-0010,EBFS
AL-0010,LDSB
AL-0010,LDRI
AL-0010,BIHS
AL-0010,EVTA
AL-0010,EHEH
AL-0010,LRPH
AL-0010,LDZU
HR-0015,LBKJ
HR-0015,BIRG
HR-0015,LDVC
HR-0015,MD-0003
HR-0015,NL-0033
HR-0015,LDZS
HR-0015,UATG
HR-0015,HR-0009
HR-0015,SK-0073
HR-0015,BIRK
HR-0015,BITN
HR-0015,LOKW
HR-0015,LOLW
HR-0015,LOGP
HR-0015,LOIJ
HR-0015,BG-0067
BE-0029,EBLZ
BE-0029,LUBL
BE-0029,EBBE
BE-0029,LBSS
BE-0029,LV-0015
BE-0029,BIKE
BE-0029,UGMS
BE-0029,EHEH
BE-0029,GB-0102
BE-0029,EBFS
BE-0029,BG-0007
BE-0029,BG-0037
BE-0029,GB-0164
BE-0029,LOKW
BE-0029,EGSN
BE-0029,LASR
BE-0029,EBAV
BE-0029,LROD
BE-0029,SK-0007
BE-0029,LBWB
BE-0029,LUBM
BE-0029,LZDV
BE-0029,BIVI
BE-0029,LT-0012
BE-0029,BE-0007
BE-0029,EHLW
HR-0010,EVKA
HR-0010,EBMA
HR-0010,BIRG
HR-0010,LT-0012
HR-0010,EBCS
HR-0010,SK-0013
HR-0010,EBAV
HR-0010,RO-0047
HR-0010,LOGW
HR-0010,EBBN
HR-0010,NL-0072
HR-0010,BIKF
HR-0010,LDPN
HR-0010,EBLZ
HR-0010,LR82
HR-0010,GB-0937
HR-0010,SK-0075
HR-0010,LV-0013
HR-0010,LXGB
HR-0010,LOLK
EHDL,LOGP
EHDL,AL-0010
EHDL,IS-0004
EHDL,KZ-0062
EHDL,GB-0603
EHDL,EHLW
EHDL,GB-0639
EHDL,NL-0058
EHDL,LBSS
EHDL,SK-0011
EHDL,GB-0450
EHDL,BG-0037
EHDL,RO-0065
EHDL,LOLW
EHDL,LAKO
EHDL,NL-0075
EHDL,GB-0011
EHDL,RO-0047
EHDL,RO-0060
EHDL,LDZA
EHDL,LOIA
EHDL,BG-0080
EHDL,LRBS
EHDL,LV-0017
EHDL,EBBZ
EHDL,NL-0072
LB45,BG-0037
LB45,EVLA
LB45,LV-1288
LB45,EHNP
LB45,RO-0012
LB45,LASK
LB45,NL-0036
LB45,HR-0020
LB45,RO-0044
LB45,BG-0110
LB45,LAKO
LB45,LOIA
LB45,BISN
LB45,GB-OUK
LB45,GB-0986
LB45,LV-0050
LB45,LATI
LB45,NL-0058
LB45,LRCV
GB-0450,DE-0354
GB-0450,EHNP
GB-0450,HR-0016
GB-0450,RO-0047
GB-0450,MD-0003
GB-0450,LOWW
GB-0450,LBBZ
GB-0450,LUBL
GB-0450,LAKV
GB-0450,EGSN
GB-0450,EHDL
GB-0450,GB-0143
GB-0450,BIFZ
GB-0450,RO-0051
GB-0450,MD-0007
GB-0450,LZTR
GB-0450,NL-0045
GB-0450,EBOT
GB-0450,EBMA
GB-0450,BIGH
GB-0450,LOLU
GB-0450,BIHU
GB-0450,LBSD
GB-0450,SK-0048
GB-0450,BG-0110
GB-0450,LASR
LRCV,NL-0056
LRCV,EBCI
LRCV,DE-0354
LRCV,SK-0009
LRCV,HR-0009
LRCV,LDPL
LRCV,BG-0119
LRCV,NL-0023
LRCV,LATI
LRCV,EBGB
LRCV,LOKM
LRCV,HR-0020
LRCV,GB-0897
LRCV,RO-0065
LRCV,BIGH
LRCV,EBOT
LRCV,EVTA
LRCV,BIHS
LRCV,AL-0003
LRCV,NL-0033
LRCV,GB-0639
LRCV,RO-0051
LRCV,LB45
LRTM,RO-0065
LRTM,MD-0005
LRTM,LOWL
LRTM,NL-0072
LRTM,RO-0060
LRTM,LBBG
LRTM,LOWI
LRTM,EBZU
LRTM,LAKO
LRTM,NL-0045
LRTM,LZTR
LRTM,SK-0025
LRTM,EBFS
LRTM,LAKU
LRTM,GB-0897
LRTM,BISN
LRTM,LZRU
LRTM,LZDV
LRTM,EBMA
LRTM,LDRG
LRTM,UATG
LRTM,MD-0004
LRTM,BG-0082
LRTM,IS-0004
LRTM,EBGB
BG-0067,IS-0001
BG-0067,LDPM
BG-0067,LDZJ
BG-0067,NL-0058
BG-0067,NL-0033
BG-0067,LZTR
BG-0067,LDZS
BG-0067,LOWL
BG-0067,AL-LA10
BG-0067,BG-0119
BG-0067,BITN
BG-0067,EBGB
BG-0067,LDZU
BG-0067,NL-0143
BG-0067,LAKO
BG-0067,NL-0036
BG-0067,LAGJ
BG-0067,HR-0020
BG-0067,EVGA
BG-0067,HR-0015
BG-0067,LV-0050
EGSN,LV-0040
EGSN,LBSS
EGSN,LZRU
EGSN,EBZW
EGSN,GB-0450
EGSN,LDZU
EGSN,BE-0029
EGSN,NL-0143
EGSN,LXGB
EGSN,BINF
EGSN,GB-0102
EGSN,BIKE
EGSN,LR82
EGSN,LUKK
EGSN,LBKJ
EGSN,HR-0018
EGSN,LOWI
EGSN,NL-0033
EGSN,MD-0003
EGSN,LOLW
EGSN,LZKC
EGSN,NL-0058
LOLK,LRBS
LOLK,LUCH
LOLK,LBSS
LOLK,MD-0001
LOLK,LDZA
LOLK,LASK
LOLK,EBTR
LOLK,LZDV
LOLK,EVEA
LOLK,SK-0018
LOLK,LZKC
LOLK,EBMA
LOLK,LUTR
LOLK,GB-0102
LOLK,LDZJ
LOLK,LV-0054
LOLK,LV-0028
LOLK,RO-0007
LOLK,EBCI
LOLK,BG-0019
LOLK,BG-0082
LOLK,LV-0010
LOLK,AT-0024
LOLK,LAGJ
LOLK,HR-0010
SK-0085,EBZU
SK-0085,LUCL
SK-0085,LDPN
SK-0085,LV-0052
SK-0085,GB-0881
SK-0085,LBKJ
SK-0085,HR-0009
SK-0085,AT-0024
SK-0085,GB-0596
SK-0085,RO-0003
SK-0085,BIKF
SK-0085,BIVI
SK-0085,LDRI
SK-0085,BINF
SK-0085,EBFS
SK-0085,GB-0143
SK-0085,BG-0007
SK-0085,BIFZ
SK-0085,GB-0639
LBSD,EVGA
LBSD,EVTA
LBSD,RO-0012
LBSD,LOGW
LBSD,LT-0012
LBSD,EBGB
LBSD,LDZJ
LBSD,EVEA
LBSD,LASK
LBSD,LV-0044
LBSD,EGCE
LBSD,BIHS
LBSD,EHNP
LBSD,BIHU
LBSD,GB-0450
LBSD,HR-0016
LBSD,LZTR
LBSD,SK-0013
LBSD,BITE
LOLW,LXGB
LOLW,LASR
LOLW,EVLA
LOLW,MD-0004
LOLW,NL-0062
LOLW,RO-0047
LOLW,RO-0056
LOLW,SK-0064
LOLW,EBBE
LOLW,SK-0007
LOLW,IS-0004
LOLW,RO-0012
LOLW,EBZU
LOLW,LOWG
LOLW,LAKO
LOLW,EHDL
LOLW,IS-0003
LOLW,GB-0826
LOLW,SK-0073
LOLW,LZTR
LOLW,HR-0015
LOLW,LRPH
LOLW,LOWW
LOLW,HR-0001
LOLW,EGSN
LOLW,EBMA
LOLW,NL-0045
LBBZ,X-VIE
LBBZ,EBLE
LBBZ,BG-0019
LBBZ,LOAN
LBBZ,BIBA
LBBZ,LXGB
LBBZ,GB-0450
LBBZ,EVLA
LBBZ,LOWW
LBBZ,BIHU
LBBZ,DE-0354
LBBZ,EHLW
LBBZ,LV-0028
LBBZ,LUTR
LBBZ,NL-0062
LBBZ,LBBG
LBBZ,EBAV
LBBZ,LZKC
LBBZ,LV-0013
LBBZ,EGCE
LBBZ,SK-0018
LBBZ,LDSB
LBBZ,HR-0009
LBBZ,LDPM
LBBZ,LOGW
LBBZ,BIGH
LBBZ,LV-0050
LOLU,HR-0001
LOLU,LATI
LOLU,BIRK
LOLU,RO-0047
LOLU,MD-0006
LOLU,BIVI
LOLU,GB-0881
LOLU,LDZS
LOLU,GB-0450
LOLU,LUBL
LOLU,NL-0143
LOLU,GB-OUK
LOLU,NL-0049
LOLU,EVLA
LOLU,GB-0897
LOLU,EBCS
LOLU,RO-0003
LOLU,BIRG
LOLU,LOWI
LOLU,LV-0040
LZRU,BIRK
LZRU,BG-0019
LZRU,LV-0013
LZRU,RO-0065
LZRU,EBSP
LZRU,EGSN
LZRU,GB-0011
LZRU,HR-0018
LZRU,EBUL
LZRU,LZKC
LZRU,EBBN
LZRU,LZDV
LZRU,EBMA
LZRU,RO-0041
LZRU,IS-0004
LZRU,LZNI
LZRU,LRTM
LZRU,RO-0001
LZRU,NL-0033
LZRU,EHMZ
LRBS,IS-0004
LRBS,LOLK
LRBS,BIGH
LRBS,SK-0073
LRBS,EBZR
LRBS,LAVL
LRBS,LUBL
LRBS,BIHL
LRBS,BITN
LRBS,GB-0897
LRBS,NL-0075
LRBS,EBBN
LRBS,BE-0007
LRBS,BG-0021
LRBS,EVGA
LRBS,LV-0052
LRBS,GB-0143
LRBS,LOWG
LRBS,SK-0075
LRBS,EHDL
LRBS,RO-0001
LRBS,LR82
LRBS,NL-0071
AL-LA10,BIGH
AL-LA10,GB-1021
AL-LA10,EBLE
AL-LA10,BG-0082
AL-LA10,LOWW
AL-LA10,MD-0001
AL-LA10,EBBZ
AL-LA10,LDPN
AL-LA10,MD-0007
AL-LA10,BG-0067
AL-LA10,LAKO
AL-LA10,LV-0032
AL-LA10,LBPR
AL-LA10,SK-0046
AL-LA10,SK-0009
AL-LA10,BITN
AL-LA10,LV-0013
AL-LA10,NL-0072
AL-LA10,BIVI
AL-LA10,EVLA
AL-LA10,EHNP
AL-LA10,LOWL
AL-LA10,NL-0045
AL-LA10,BIBL
LBSS,EGSN
LBSS,LV-0017
LBSS,BE-0029
LBSS,LOLK
LBSS,GB-0897
LBSS,LBPR
LBSS,LDPL
LBSS,RO-0056
LBSS,EHDL
LBSS,LV-0040
LBSS,LAKV
LBSS,SK-0009
LBSS,GB-0603
LBSS,LV-0032
LBSS,RO-0047
LBSS,LROD
LBSS,EBLE
LBSS,LV-0010
LBSS,GB-1021
LBSS,RO-0007
LBSS,MD-0004
LBSS,MD-0005
LBSS,LV-0050
SK-0082,EBCI
SK-0082,EBLZ
SK-0082,RO-0014
SK-0082,UATG
SK-0082,BIVI
SK-0082,GB-0639
SK-0082,NL-0072
SK-0082,LDZJ
SK-0082,LUTR
SK-0082,LDPN
GB-0102,HR-0009
GB-0102,LDRI
GB-0102,LDVC
GB-0102,BE-0029
GB-0102,GB-0897
GB-0102,AL-0003
GB-0102,GB-0826
GB-0102,BIBL
GB-0102,EHLW
GB-0102,EBLZ
GB-0102,LV-0028
GB-0102,SK-0073
GB-0102,BIFZ
GB-0102,SK-0018
GB-0102,LOLK
GB-0102,NL-0071
GB-0102,MD-0005
GB-0102,BG-0080
GB-0102,EGSN
GB-0102,BIVI
GB-0102,LV-0040
GB-0102,LOWZ
GB-0102,RO-0051
GB-0102,GB-OUK
GB-0102,RO-0041
GB-0102,LDPM
GB-0102,X-VIE
GB-0102,EBZU
GB-0102,LDZJ
LZDV,EBBN
LZDV,RO-0044
LZDV,LBBG
LZDV,GB-0011
LZDV,LZNI
LZDV,LV-0010
LZDV,LV-0052
LZDV,LDZJ
LZDV,HR-0018
LZDV,LOLK
LZDV,LDPM
LZDV,LZRU
LZDV,LAKO
LZDV,EBLE
LZDV,RO-0007
LZDV,LRTM
LZDV,EBZU
LZDV,LATI
LZDV,BE-0029
LZDV,BIBA
LZDV,GB-0881
LZDV,EBFS
LZDV,GB-0639
LZDV,BG-0030
LZDV,LV-0032
LZDV,RO-0047
NL-0143,LUTR
NL-0143,LDSB
NL-0143,GB-0986
NL-0143,LDZU
NL-0143,LDZA
NL-0143,RO-0011
NL-0143,LR82
NL-0143,AT-0024
NL-0143,EGSN
NL-0143,LUCH
NL-0143,NL-0075
NL-0143,BG-0067
NL-0143,LOLU
NL-0143,LOWZ
NL-0143,RO-0014
NL-0143,LV-0010
NL-0143,LBBG
LATI,LOLU
LATI,LUTR
LATI,LDZK
LATI,LV-0044
LATI,SK-0073
LATI,LASR
LATI,BG-0082
LATI,HR-0009
LATI,EBGB
LATI,LRCV
LATI,LOWL
LATI,LBBG
LATI,SK-0010
LATI,LOIA
LATI,LRPH
LATI,LDZS
LATI,BIFZ
LATI,BG-0080
LATI,LZDV
LATI,LUBM
LATI,EVGA
LATI,LOWI
LATI,BIHS
LATI,RO-0003
LATI,LB45
LATI,LAKO
RO-0007,SK-0046
RO-0007,BIHU
RO-0007,LUBL
RO-0007,IS-0004
RO-0007,LR82
RO-0007,BG-0110
RO-0007,EBMA
RO-0007,LDRI
RO-0007,LZDV
RO-0007,IS-0001
RO-0007,SK-0025
RO-0007,RO-0044
RO-0007,GB-0603
RO-0007,LOLK
RO-0007,LAKO
RO-0007,LBSS
RO-0007,EBLZ
RO-0007,NL-0062
RO-0007,LV-0053
RO-0007,NL-0070
RO-0007,GB-0162
RO-0007,LOIA
RO-0007,GB-0164
RO-0007,GB-OUK
LDZK,EVEA
LDZK,LOIA
LDZK,LATI
LDZK,EGCE
LDZK,BG-0110
LDZK,LOKW
LDZK,EBSP
LDZK,NL-0033
LDZK,MD-0001
LDZK,EBTR
LDZK,NL-0045
LDZK,BIHL
LDZK,HR-0020
LDZK,SK-0010
LDZK,LUBL
LDZK,RO-0001
LDZK,BG-0082
LDZK,LOKM
LDZK,LZNI
LDZK,MD-0006
LDZK,LBKJ
LDZK,LASR
LDZK,EBBE
LUKK,LOWL
LUKK,EBSP
LUKK,RO-0041
LUKK,LDVC
LUKK,NL-0071
LUKK,BIRK
LUKK,BE-0007
LUKK,SK-0009
LUKK,BG-0103
LUKK,NL-0062
LUKK,SK-0046
LUKK,BIFF
LUKK,LZTR
LUKK,LUBL
LUKK,LOAN
LUKK,LRPH
LUKK,LV-0010
LUKK,LAKO
LUKK,AT-0024
LUKK,GB-0639
LUKK,SK-0018
LUKK,IS-0001
LUKK,LDRI
LUKK,EGSN
LUKK,RO-0001
LUKK,HR-0018
LDZJ,EBTR
LDZJ,NL-0008
LDZJ,LV-0053
LDZJ,LV-0010
LDZJ,BG-0067
LDZJ,BIGH
LDZJ,LOWS
LDZJ,LV-0017
LDZJ,LR82
LDZJ,LZDV
LDZJ,LBPR
LDZJ,MD-0006
LDZJ,GB-1021
LDZJ,SK-0082
LDZJ,EHMZ
LDZJ,LBSD
LDZJ,IS-0001
LDZJ,SK-0010
LDZJ,LOLK
LDZJ,EVEA
LDZJ,SK-0064
LDZJ,GB-0011
LDZJ,BIBA
LDZJ,LV-0013
LDZJ,GB-0302
LDZJ,GB-0102
RO-0003,MD-0005
RO-0003,UATG
RO-0003,LUTR
RO-0003,NL-0071
RO-0003,LASK
RO-0003,EBZR
RO-0003,MD-0007
RO-0003,BG-0080
RO-0003,BIKF
RO-0003,NL-0023
RO-0003,SK-0073
RO-0003,EBBN
RO-0003,EBBZ
RO-0003,UGMS
RO-0003,GB-0302
RO-0003,MD-0003
RO-0003,LV-0052
RO-0003,SK-0085
RO-0003,BG-0037
RO-0003,LV-0010
RO-0003,BIHS
RO-0003,LATI
RO-0003,LOLU
RO-0003,BE-0007
RO-0003,NL-0056
RO-0003,EBMA
RO-0003,BG-0110
RO-0001,MD-0002
RO-0001,RO-0014
RO-0001,LT-0012
RO-0001,SK-0046
RO-0001,EBCS
RO-0001,EHNP
RO-0001,LV-1288
RO-0001,EBSP
RO-0001,LROD
RO-0001,LOGP
RO-0001,LASR
RO-0001,NL-0056
RO-0001,BIHU
RO-0001,EBFS
RO-0001,EBGB
RO-0001,LDZK
RO-0001,LZRU
RO-0001,NL-0008
RO-0001,LUTR
RO-0001,SK-0010
RO-0001,AT-0024
RO-0001,RO-0051
RO-0001,BIKF
RO-0001,EGDA
RO-0001,MD-0001
RO-0001,RO-0067
RO-0001,IS-0001
RO-0001,LUKK
RO-0001,NL-0058
RO-0001,LRBS
LDZU,LBBG
LDZU,LASK
LDZU,AT-0024
LDZU,HR-0016
LDZU,EBZU
LDZU,NL-0143
LDZU,LOIA
LDZU,EGSN
LDZU,BIFF
LDZU,GB-0897
LDZU,SK-0007
LDZU,LBPR
LDZU,EBLE
LDZU,BG-0067
LDZU,NL-0056
LDZU,GB-0826
LDZU,SK-0009
LDZU,LDPM
LDZU,NL-0023
LDZU,SK-0064
LDZU,LZNI
LDZU,AL-0010
LDZU,LV-0010
LDZU,BIHL
LDZU,BITN
LDZU,LDRG
LDZS,LZTR
LDZS,LV-0051
LDZS,BIRG
LDZS,HR-0015
LDZS,BG-0119
LDZS,BG-0067
LDZS,LV-0015
LDZS,GB-0881
LDZS,LV-0040
LDZS,LATI
LDZS,GB-0986
LDZS,LOLU
LDZS,LV-0054
LDZS,LUBM
LDZS,RO-0056
LDZS,RO-0012
LDZS,LOWW
LDZS,IS-0001
LDZS,RO-0060
BG-0080,LDPL
BG-0080,EBAV
BG-0080,LDVC
BG-0080,LOWZ
BG-0080,SK-0009
BG-0080,GB-0603
BG-0080,LUBM
BG-0080,BG-0110
BG-0080,LASK
BG-0080,RO-0003
BG-0080,GB-0986
BG-0080,GB-0897
BG-0080,LV-0013
BG-0080,LR82
BG-0080,LATI
BG-0080,LV-0044
BG-0080,RO-0060
BG-0080,GB-0102
BG-0080,LDSB
BG-0080,LOIJ
BG-0080,LV-0028
BG-0080,NL-0049
BG-0080,EGCE
BG-0080,SK-0011
BG-0080,EBZU
BG-0080,BG-0082
BG-0080,SK-0065
BG-0080,EHDL
BG-0082,BIVI
BG-0082,LAKV
BG-0082,EBZU
BG-0082,AL-LA10
BG-0082,RO-0051
BG-0082,LASR
BG-0082,RO-0044
BG-0082,DE-0354
BG-0082,LATI
BG-0082,GB-0937
BG-0082,LV-0032
BG-0082,RO-0047
BG-0082,LOWI
BG-0082,BIBL
BG-0082,BIRG
BG-0082,BIKE
BG-0082,LOLK
BG-0082,LDZK
BG-0082,BIFF
BG-0082,SK-0011
BG-0082,BG-0080
BG-0082,LRTM
NL-0023,BITN
NL-0023,LZTR
NL-0023,LV-0044
NL-0023,LUCH
NL-0023,MD-0006
NL-0023,BINF
NL-0023,EBTR
NL-0023,LT-0012
NL-0023,RO-0041
NL-0023,LUBL
NL-0023,BITE
NL-0023,RO-0003
NL-0023,BIBL
NL-0023,GB-0143
NL-0023,LRCV
NL-0023,EBUL
NL-0023,MD-0007
NL-0023,SK-0009
NL-0023,BG-0030
NL-0023,LDZU
NL-0023,LAKO
NL-0023,NL-0056
NL-0023,LV-0040
NL-0023,LV-0015
NL-0023,EHGG
NL-0023,LBWB
NL-0023,IS-0004
NL-0023,RO-0012
NL-0023,LV-0053
NL-0023,SK-0064
NL-0023,NL-0070
NL-0023,BIRK
GB-0596,LOGW
GB-0596,SK-0009
GB-0596,BIHL
GB-0596,SK-0073
GB-0596,GB-0881
GB-0596,BG-0119
GB-0596,SK-0085
GB-0596,EBBE
GB-0596,LV-0051
GB-0596,IS-0001
GB-0596,LOAN
GB-0596,GB-0143
GB-0596,EHGG
GB-0596,SK-0065
GB-0596,BIBA
GB-0596,NL-0056
GB-0596,BIGH
GB-0596,BG-0110
GB-0596,EBLE
GB-0596,LBKJ
BIRG,HR-0015
BIRG,BIFF
BIRG,HR-0010
BIRG,X-VIE
BIRG,LDZS
BIRG,LAKV
BIRG,EVGA
BIRG,RO-0067
BIRG,GB-0639
BIRG,MD-0007
BIRG,SK-0075
BIRG,BG-0082
BIRG,BIKF
BIRG,LOLU
BIRG,LBKJ
BIRG,BIFZ
BIRG,BG-0119
BIRG,RO-0047
BIRG,LDRG
BIRG,SK-0073
BIRG,GB-0011
EGCE,LDPM
EGCE,LBWB
EGCE,RO-0011
EGCE,LDZK
EGCE,X-VIE
EGCE,IS-0001
EGCE,GB-0302
EGCE,LOKM
EGCE,KZ-0062
EGCE,LBSD
EGCE,EVGA
EGCE,LV-1288
EGCE,NL-0072
EGCE,BIRK
EGCE,LBBZ
EGCE,BG-0080
EGCE,AL-0003
EGCE,HR-0018
EGCE,EBOT
EGCE,LAVL
EGCE,GB-0937
EHEH,GB-0011
EHEH,LBPR
EHEH,LAKV
EHEH,EVTA
EHEH,BE-0029
EHEH,BITE
EHEH,RO-0012
EHEH,AT-0024
EHEH,NL-0033
EHEH,RO-0051
EHEH,LOWW
EHEH,GB-0164
EHEH,LBBG
EHEH,SK-0013
EHEH,LR82
EHEH,EBBE
EHEH,NL-0062
EHEH,AL-0010
EHEH,LOKW
EHEH,BE-0007
EHEH,HR-0009
LV-0054,NL-0045
LV-0054,HR-0016
LV-0054,LAKO
LV-0054,LOKM
LV-0054,NL-0071
LV-0054,LV-0044
LV-0054,BIKE
LV-0054,RO-0012
LV-0054,LAKU
LV-0054,UGMS
LV-0054,BIVI
LV-0054,RO-0067
LV-0054,SK-0013
LV-0054,BG-0110
LV-0054,SK-0025
LV-0054,LOLK
LV-0054,GB-0162
LV-0054,LDPN
LV-0054,GB-0011
LV-0054,LOGP
LV-0054,LDZS
LV-0054,GB-0603
LV-0054,LDVC
LV-0054,GB-0164
LV-0054,BIRK
LV-0054,LT-0012
LV-0054,BG-0019
LV-0054,HR-0018
LV-0053,GB-0603
LV-0053,MD-0001
LV-0053,LDZJ
LV-0053,LZNI
LV-0053,NL-0056
LV-0053,AT-0024
LV-0053,IS-0001
LV-0053,LROD
LV-0053,BIHU
LV-0053,SK-0065
LV-0053,LDRG
LV-0053,EBCI
LV-0053,EVLA
LV-0053,EBMA
LV-0053,RO-0041
LV-0053,LUCH
LV-0053,LV-0017
LV-0053,LDZA
LV-0053,RO-0007
LV-0053,BG-0030
LV-0053,NL-0023
LV-0053,BITN
LV-0053,GB-1021
LV-0053,LV-0040
LV-0053,EHGG
LV-0053,EBGB
LV-0053,GB-0639
LV-0052,NL-0071
LV-0052,RO-0047
LV-0052,LOKW
LV-0052,LV-0050
LV-0052,SK-0085
LV-0052,LOWL
LV-0052,LZDV
LV-0052,GB-0826
LV-0052,HR-0018
LV-0052,NL-0036
LV-0052,BG-0110
LV-0052,NL-0045
LV-0052,IS-0001
LV-0052,LV-0051
LV-0052,SK-0009
LV-0052,RO-0003
LV-0052,EVTA
LV-0052,LDPN
LV-0052,LRBS
LV-0052,UGMS
LV-0052,LDPM
LV-0052,EBOT
RO-0014,RO-0001
RO-0014,BG-0042
RO-0014,SK-0082
RO-0014,MD-0006
RO-0014,BIHS
RO-0014,BIFZ
RO-0014,GB-0986
RO-0014,LUTR
RO-0014,LAKO
RO-0014,LV-0050
RO-0014,SK-0013
RO-0014,AL-0003
RO-0014,LDRO
RO-0014,EVEA
RO-0014,BIKE
RO-0014,AT-0024
RO-0014,NL-0143
RO-0014,BG-0007
RO-0014,EBCS
LASK,LDZU
LASK,KZ-0062
LASK,SK-0013
LASK,NL-0062
LASK,LB45
LASK,RO-0003
LASK,LZNI
LASK,BG-0080
LASK,LOLK
LASK,SK-0064
LASK,BG-0103
LASK,LV-0028
LASK,EBZR
LASK,LBSD
LASK,NL-0071
LASK,LASR
LASK,AT-0024
LASK,SK-0011
LASK,BINF
LASK,RO-0012
LASK,BG-0030
LASK,UATG
RO-0011,MD-0007
RO-0011,LOWW
RO-0011,LBKJ
RO-0011,BIGH
RO-0011,IS-0001
RO-0011,EGCE
RO-0011,SK-0018
RO-0011,NL-0143
RO-0011,EBZR
RO-0011,LBPR
RO-0011,BINF
RO-0011,SK-0048
RO-0011,DE-0354
RO-0011,NL-0033
RO-0011,GB-OUK
RO-0011,GB-0826
RO-0011,BITN
RO-0011,BIBA
RO-0011,LOGW
RO-0011,MD-0002
RO-0011,SK-0011
RO-0011,LOWG
RO-0011,GB-0603
RO-0011,LOWL
RO-0011,EBOT
RO-0011,EBZW
RO-0011,LDVC
RO-0011,GB-0937
RO-0012,SK-0073
RO-0012,BE-0007
RO-0012,LB45
RO-0012,GB-0826
RO-0012,LBSD
RO-0012,LZNI
RO-0012,LV-0054
RO-0012,EHEH
RO-0012,EGDA
RO-0012,EBBN
RO-0012,LOLW
RO-0012,LXGB
RO-0012,EBCI
RO-0012,EHLW
RO-0012,LAKO
RO-0012,LASK
RO-0012,SK-0025
RO-0012,KZ-0062
RO-0012,NL-0023
RO-0012,RO-0067
RO-0012,EBLZ
RO-0012,LDZS
RO-0012,HR-0009
RO-0012,IS-0004
LZTR,NL-0023
LZTR,LDZS
LZTR,EBOT
LZTR,EHNP
LZTR,EVKA
LZTR,MD-0007
LZTR,BG-0067
LZTR,GB-0603
LZTR,LRTM
LZTR,LUKK
LZTR,GB-0450
LZTR,LOLW
LZTR,NL-0008
LZTR,EBSP
LZTR,LV-0040
LZTR,GB-0897
LZTR,LBSD
LZTR,GB-OUK
EBZR,BG-0110
EBZR,EBUL
EBZR,LV-0032
EBZR,LRBS
EBZR,RO-0003
EBZR,EVLA
EBZR,RO-0011
EBZR,LASK
EBZR,SK-0009
EBZR,LOKM
EBZR,BIHS
EBZR,GB-0937
EBZR,LAKO
EBZR,LAVL
EBZR,LV-0050
EBZR,HR-0018
EBZR,MD-0002
EBZR,NL-0045
LASR,LOLW
LASR,LZKC
LASR,BG-0082
LASR,AL-0003
LASR,NL-0036
LASR,GB-0603
LASR,EBZW
LASR,LATI
LASR,EBOT
LASR,SK-0064
LASR,MD-0003
LASR,UATG
LASR,LOWG
LASR,BE-0029
LASR,EBMA
LASR,RO-0001
LASR,EVLA
LASR,LASK
LASR,BG-0007
LASR,BG-0019
LASR,EBFS
LASR,BG-0021
LASR,BIVI
LASR,LOWS
LASR,GB-0143
LASR,SK-0046
LASR,LBWB
LASR,HR-0009
LASR,GB-0450
LASR,LDZK
LASR,GB-0897
EBZU,RO-0067
EBZU,SK-0085
EBZU,NL-0071
EBZU,BG-0082
EBZU,BE-0007
EBZU,LDZU
EBZU,LRTM
EBZU,NL-0072
EBZU,LBWB
EBZU,LOLW
EBZU,HR-0001
EBZU,LZDV
EBZU,SK-0007
EBZU,HR-0018
EBZU,EBSP
EBZU,BG-0103
EBZU,LOAN
EBZU,RO-0041
EBZU,BG-0080
EBZU,GB-0102
EBZW,EBOT
EBZW,GB-0897
EBZW,SK-0007
EBZW,LAVL
EBZW,LASR
EBZW,LV-0013
EBZW,EGSN
EBZW,GB-0826
EBZW,BITN
EBZW,LBWB
EBZW,BIFZ
EBZW,LV-0032
EBZW,GB-1021
EBZW,SK-0013
EBZW,LOKW
EBZW,MD-0007
EBZW,RO-0011
EBZW,LV-0044
EBZW,LZKC
LDZA,SK-0064
LDZA,BG-0037
LDZA,NL-0143
LDZA,BIFZ
LDZA,LOLK
LDZA,SK-0009
LDZA,EHLW
LDZA,LV-0032
LDZA,LUBM
LDZA,GB-0603
LDZA,BG-0019
LDZA,LZNI
LDZA,UGMS
LDZA,NL-0072
LDZA,MD-0003
LDZA,BG-0103
LDZA,LV-0053
LDZA,LV-1288
LDZA,SK-0010
LDZA,EHDL
LDZA,EBAV
LDZA,NL-0070
LDZA,BIRK
LDZA,LOIJ
EGDA,BIHL
EGDA,SK-0048
EGDA,BIBL
EGDA,LDRI
EGDA,BG-0037
EGDA,GB-1021
EGDA,DE-0354
EGDA,RO-0012
EGDA,BG-0007
EGDA,GB-OUK
EGDA,AL-0010
EGDA,EHLW
EGDA,BIHU
EGDA,LUBM
EGDA,LBBG
EGDA,LBKJ
EGDA,NL-0070
EGDA,SK-0009
EGDA,BE-0007
EGDA,RO-0001
EGDA,NL-0049
EGDA,BINF
EGDA,BIGH
LAVL,LROD
LAVL,LAGJ
LAVL,EHLW
LAVL,GB-0164
LAVL,EBZW
LAVL,LRBS
LAVL,GB-1021
LAVL,RO-0051
LAVL,SK-0073
LAVL,RO-0065
LAVL,BE-0007
LAVL,MD-0002
LAVL,GB-0639
LAVL,GB-0986
LAVL,EBCI
LAVL,GB-0162
LAVL,GB-0011
LAVL,EBZR
LAVL,EHMZ
LAVL,DE-0354
LAVL,LV-0010
LAVL,LOGP
LAVL,BISN
LAVL,MD-0007
LAVL,BG-0103
LAVL,GB-0826
LAVL,LOAN
LAVL,EGCE
EBLZ,SK-0082
EBLZ,BE-0029
EBLZ,HR-0020
EBLZ,LOWW
EBLZ,NL-0036
EBLZ,RO-0065
EBLZ,BIBA
EBLZ,BG-0030
EBLZ,LDPM
EBLZ,GB-0102
EBLZ,BIFZ
EBLZ,HR-0010
EBLZ,LV-0010
EBLZ,MD-0005
EBLZ,EBFS
EBLZ,EBBE
EBLZ,BIBL
EBLZ,RO-0007
EBLZ,LV-0040
EBLZ,EVTA
EBLZ,GB-0986
EBLZ,RO-0012
EBLZ,RO-0051
EBLZ,LAKV
EBLZ,BIKE
EBLZ,LV-0032
BIBL,LOWZ
BIBL,LV-0013
BIBL,LV-0028
BIBL,LOIJ
BIBL,EGDA
BIBL,BG-0037
BIBL,LUBL
BIBL,BIRK
BIBL,GB-0102
BIBL,NL-0023
BIBL,GB-OUK
BIBL,BG-0082
BIBL,EBCS
BIBL,BIGH
BIBL,EBLZ
BIBL,BG-0021
BIBL,SK-0011
BIBL,AL-LA10
NL-0008,LDZJ
NL-0008,X-VIE
NL-0008,BIBA
NL-0008,LAKV
NL-0008,GB-0143
NL-0008,EBSP
NL-0008,UATG
NL-0008,NL-0058
NL-0008,EVGA
NL-0008,BINF
NL-0008,LOWW
NL-0008,HR-0009
NL-0008,MD-0005
NL-0008,LZTR
NL-0008,SK-0046
NL-0008,RO-0001
NL-0008,NL-0036
EBMA,HR-0010
EBMA,NL-0058
EBMA,NL-0072
EBMA,BIFF
EBMA,LZKC
EBMA,LOWL
EBMA,GB-0897
EBMA,GB-0164
EBMA,EBSP
EBMA,HR-0018
EBMA,SK-0010
EBMA,LZRU
EBMA,LUBL
EBMA,RO-0007
EBMA,LASR
EBMA,LOLK
EBMA,LUTR
EBMA,GB-0162
EBMA,SK-0007
EBMA,GB-0450
EBMA,LV-0053
EBMA,LV-0050
EBMA,NL-0036
EBMA,LRTM
EBMA,LOKM
EBMA,SK-0048
EBMA,EVEA
EBMA,MD-0001
EBMA,RO-0003
EBMA,LOLW
EBMA,LDSB
AL-0003,GB-0937
AL-0003,NL-0071
AL-0003,LBKJ
AL-0003,LDVC
AL-0003,LASR
AL-0003,GB-0102
AL-0003,LOIJ
AL-0003,NL-0062
AL-0003,LV-0013
AL-0003,BIKE
AL-0003,LV-0050
AL-0003,RO-0014
AL-0003,MD-0006
AL-0003,LV-0040
AL-0003,LRCV
AL-0003,BG-0021
AL-0003,LOIA
AL-0003,EGCE
AL-0003,HR-0009
LOAN,BIFZ
LOAN,LV-0040
LOAN,BG-0042
LOAN,BG-0103
LOAN,LBBZ
LOAN,SK-0025
LOAN,HR-0020
LOAN,EHNP
LOAN,SK-0048
LOAN,MD-0007
LOAN,BIHU
LOAN,GB-0302
LOAN,RO-0067
LOAN,GB-0596
LOAN,LUKK
LOAN,LRPH
LOAN,RO-0051
LOAN,EBZU
LOAN,RO-0060
LOAN,NL-0071
LOAN,LAVL
LOAN,EHGG
LOAN,LUBL
GB-0937,SK-0013
GB-0937,AL-0003
GB-0937,BIRK
GB-0937,LBKJ
GB-0937,BINF
GB-0937,BG-0082
GB-0937,LXGB
GB-0937,LV-0028
GB-0937,BIFF
GB-0937,EBZR
GB-0937,LV-0051
GB-0937,HR-0010
GB-0937,LAKU
GB-0937,LV-0015
GB-0937,RO-0060
GB-0937,LOWW
GB-0937,EBTR
GB-0937,MD-0006
GB-0937,HR-0009
GB-0937,RO-0011
GB-0937,EGCE
DE-0354,BG-0042
DE-0354,GB-0450
DE-0354,LRCV
DE-0354,LV-0050
DE-0354,NL-0049
DE-0354,BIRK
DE-0354,EGDA
DE-0354,GB-0826
DE-0354,BG-0082
DE-0354,EBAV
DE-0354,LBPR
DE-0354,LV-0051
DE-0354,RO-0011
DE-0354,LBBZ
DE-0354,EBGB
DE-0354,GB-0164
DE-0354,SK-0025
DE-0354,GB-0011
DE-0354,BIHS
DE-0354,MD-0002
DE-0354,LDPM
DE-0354,AL-0010
DE-0354,SK-0075
DE-0354,SK-0013
DE-0354,LAVL
DE-0354,LAKU
DE-0354,LV-0013
DE-0354,MD-0004
GB-0011,BIHS
GB-0011,EHEH
GB-0011,BG-0110
GB-0011,LZDV
GB-0011,EBTR
GB-0011,LZRU
GB-0011,LUCH
GB-0011,SK-0025
GB-0011,DE-0354
GB-0011,EBCI
GB-0011,LDPM
GB-0011,LOGW
GB-0011,LV-0054
GB-0011,LAVL
GB-0011,EBAV
GB-0011,EHDL
GB-0011,BIVI
GB-0011,LDZJ
GB-0011,LDRO
GB-0011,BIKE
GB-0011,BIRG
BIBA,LV-0017
BIBA,LOKW
BIBA,LZNI
BIBA,EBAV
BIBA,EBLE
BIBA,EBBZ
BIBA,LBBZ
BIBA,NL-0008
BIBA,SK-0011
BIBA,EBLZ
BIBA,BG-0042
BIBA,LOWL
BIBA,BIHL
BIBA,BG-0103
BIBA,GB-0897
BIBA,GB-0881
BIBA,RO-0011
BIBA,LBPR
BIBA,BIRK
BIBA,LOGW
BIBA,LZDV
BIBA,GB-0596
BIBA,LDRI
BIBA,LDZJ
BIBA,KZ-0062
BIBA,BIVI
LOAV,LOKM
LOAV,LV-1288
LOAV,UGMS
LOAV,KZ-0062
LOAV,GB-0143
LOAV,LT-0012
LOAV,EVTA
LOAV,BG-0119
LOAV,GB-0302
LOAV,SK-0011
LOAV,BIVI
LOAV,LXGB
LOAV,LRPH
LOAV,BG-0110
BIRK,MD-0001
BIRK,LZRU
BIRK,LOLU
BIRK,GB-0937
BIRK,NL-0075
BIRK,DE-0354
BIRK,LV-0040
BIRK,LOWL
BIRK,LUKK
BIRK,BIBL
BIRK,LAGJ
BIRK,BIHS
BIRK,LDPN
BIRK,LV-0050
BIRK,EBBN
BIRK,GB-0302
BIRK,BIBA
BIRK,GB-0162
BIRK,HR-0015
BIRK,EGCE
BIRK,NL-0070
BIRK,LV-0054
BIRK,LBBG
BIRK,RO-0044
BIRK,BITE
BIRK,LDZA
BIRK,LV-1288
BIRK,NL-0023
LBWB,EGCE
LBWB,LV-0028
LBWB,BITE
LBWB,BITN
LBWB,LDPN
LBWB,LV-0017
LBWB,LOKW
LBWB,EBZW
LBWB,GB-0986
LBWB,SK-0013
LBWB,EBZU
LBWB,IS-0003
LBWB,BE-0029
LBWB,BIHL
LBWB,SK-0075
LBWB,MD-0004
LBWB,GB-0603
LBWB,NL-0023
LBWB,EHMZ
LBWB,LASR
EHGG,LDRI
EHGG,BINF
EHGG,SK-0075
EHGG,HR-0009
EHGG,NL-0071
EHGG,EBBN
EHGG,EHMZ
EHGG,GB-0596
EHGG,HR-0020
EHGG,NL-0023
EHGG,LV-0013
EHGG,LDPL
EHGG,GB-0302
EHGG,LV-0053
EHGG,IS-0004
EHGG,LOAN
EHGG,BIKE
EHGG,GB-0986
BITE,LOWS
BITE,RO-0051
BITE,LBWB
BITE,HR-0020
BITE,EHEH
BITE,RO-0044
BITE,BG-0110
BITE,MD-0002
BITE,NL-0023
BITE,EBBE
BITE,SK-0013
BITE,GB-0162
BITE,BG-0021
BITE,EBBN
BITE,IS-0004
BITE,RO-0067
BITE,GB-0897
BITE,LBSD
BITE,BIRK
BITE,LAKO
LV-1288,LOAV
LV-1288,UGMS
LV-1288,LB45
LV-1288,BINF
LV-1288,EBUL
LV-1288,RO-0001
LV-1288,AL-0010
LV-1288,BIHL
LV-1288,LDPL
LV-1288,HR-0001
LV-1288,BG-0021
LV-1288,BIHU
LV-1288,RO-0044
LV-1288,EGCE
LV-1288,BIGH
LV-1288,EBSP
LV-1288,LV-0040
LV-1288,LDZA
LV-1288,NL-0056
LV-1288,LT-0012
LV-1288,LUBM
LV-1288,BIRK
LV-1288,LOWI
LV-1288,LZKC
GB-0826,EBUL
GB-0826,LOIJ
GB-0826,GB-0881
GB-0826,RO-0012
GB-0826,RO-0056
GB-0826,GB-0603
GB-0826,LV-0052
GB-0826,DE-0354
GB-0826,EBZW
GB-0826,GB-0102
GB-0826,LV-0032
GB-0826,MD-0002
GB-0826,RO-0011
GB-0826,EHLW
GB-0826,NL-0072
GB-0826,KZ-0062
GB-0826,LDZU
GB-0826,LOLW
GB-0826,SK-0007
GB-0826,X-VIE
GB-0826,NL-0033
GB-0826,EVTA
GB-0826,LV-0040
GB-0826,LDVC
GB-0826,LV-0013
GB-0826,LDRO
GB-0826,LAVL
GB-0826,LUBM
GB-0826,RO-0067
GB-0826,GB-1021
EBLE,LBBZ
EBLE,NL-0036
EBLE,AL-LA10
EBLE,EVTA
EBLE,BIBA
EBLE,EBUL
EBLE,GB-0143
EBLE,LUCH
EBLE,LZDV
EBLE,EBBZ
EBLE,LDZU
EBLE,LBSS
EBLE,X-VIE
EBLE,BIKE
EBLE,EBTR
EBLE,BE-0007
EBLE,UGMS
EBLE,LZKC
EBLE,MD-0003
EBLE,GB-0596
GB-0143,EBAV
GB-0143,SK-0075
GB-0143,IS-0004
GB-0143,HR-0018
GB-0143,LV-0015
GB-0143,SK-0073
GB-0143,MD-0003
GB-0143,EBLE
GB-0143,NL-0008
GB-0143,LOAV
GB-0143,LV-0050
GB-0143,LUCH
GB-0143,LDRO
GB-0143,LRPH
GB-0143,GB-0450
GB-0143,HR-0016
GB-0143,NL-0023
GB-0143,LBBG
GB-0143,GB-0596
GB-0143,BG-0007
GB-0143,LRBS
GB-0143,RO-0041
GB-0143,BG-0019
GB-0143,LASR
GB-0143,SK-0085
GB-0143,LDSB
BE-0007,RO-0012
BE-0007,EBCS
BE-0007,EBCI
BE-0007,MD-0006
BE-0007,EBZU
BE-0007,SK-0073
BE-0007,LOKM
BE-0007,LUKK
BE-0007,GB-0302
BE-0007,BIFF
BE-0007,LAVL
BE-0007,LRBS
BE-0007,SK-0007
BE-0007,UATG
BE-0007,EHLW
BE-0007,BE-0029
BE-0007,EBLE
BE-0007,RO-0003
BE-0007,EGDA
BE-0007,EHEH
BISN,SK-0018
BISN,LXGB
BISN,LOWI
BISN,LV-0040
BISN,NL-0056
BISN,LDRO
BISN,MD-0007
BISN,GB-0162
BISN,LDPN
BISN,NL-0070
BISN,LRTM
BISN,LUBM
BISN,LB45
BISN,SK-0010
BISN,GB-0986
BISN,LAVL
BISN,LV-0010
EVTA,LBSD
EVTA,SK-0013
EVTA,EHEH
EVTA,EBLE
EVTA,SK-0011
EVTA,BIHL
EVTA,RO-0051
EVTA,LV-0052
EVTA,LOAV
EVTA,SK-0073
EVTA,BG-0030
EVTA,LOWI
EVTA,LRCV
EVTA,IS-0004
EVTA,GB-0826
EVTA,SK-0064
EVTA,LV-0044
EVTA,EBLZ
EVTA,AL-0010
LV-0028,LBWB
LV-0028,HR-0009
LV-0028,BIBL
LV-0028,GB-0881
LV-0028,LAKO
LV-0028,GB-0937
LV-0028,GB-0102
LV-0028,LASK
LV-0028,EBBE
LV-0028,RO-0051
LV-0028,IS-0003
LV-0028,LBBZ
LV-0028,LOLK
LV-0028,BIFF
LV-0028,EBCI
LV-0028,BIHS
LV-0028,BG-0080
LV-0028,LOWL
LV-0028,LOWG
LV-0028,SK-0046
LT-0012,LOWG
LT-0012,BIKE
LT-0012,RO-0001
LT-0012,HR-0010
LT-0012,RO-0051
LT-0012,NL-0023
LT-0012,LBSD
LT-0012,GB-0302
LT-0012,BG-0042
LT-0012,LOAV
LT-0012,EBGB
LT-0012,SK-0046
LT-0012,LV-0051
LT-0012,BE-0029
LT-0012,LV-1288
LT-0012,EBAV
LT-0012,LV-0054
LT-0012,BIHL
LT-0012,SK-0009
NL-0062,HR-0016
NL-0062,IS-0001
NL-0062,LASK
NL-0062,LOLW
NL-0062,BG-0110
NL-0062,SK-0009
NL-0062,LOIA
NL-0062,LUKK
NL-0062,AL-0003
NL-0062,MD-0001
NL-0062,EVKA
NL-0062,LBBZ
NL-0062,LRPH
NL-0062,EHNP
NL-0062,EHEH
NL-0062,RO-0007
NL-0062,EVEA
NL-0062,LV-0050
NL-0062,RO-0060
RO-0047,LV-0052
RO-0047,LOWI
RO-0047,EBBN
RO-0047,HR-0016
RO-0047,SK-0011
RO-0047,LOLW
RO-0047,GB-0450
RO-0047,RO-0065
RO-0047,KZ-0062
RO-0047,RO-0056
RO-0047,HR-0010
RO-0047,BG-0019
RO-0047,LOLU
RO-0047,LBSS
RO-0047,MD-0003
RO-0047,LBPR
RO-0047,BG-0082
RO-0047,RO-0044
RO-0047,LDVC
RO-0047,LV-0051
RO-0047,LDSB
RO-0047,NL-0049
RO-0047,EHDL
RO-0047,EHMZ
RO-0047,LV-0013
RO-0047,BIRG
RO-0047,LZDV
RO-0044,LZDV
RO-0044,EBGB
RO-0044,LZKC
RO-0044,BITE
RO-0044,RO-0065
RO-0044,EBUL
RO-0044,BG-0082
RO-0044,LB45
RO-0044,BIFF
RO-0044,LOKW
RO-0044,BG-0103
RO-0044,RO-0047
RO-0044,LV-1288
RO-0044,RO-0007
RO-0044,AT-0024
RO-0044,NL-0045
RO-0044,BG-0042
RO-0044,BIVI
RO-0044,EBBE
RO-0044,BIRK
RO-0044,MD-0006
RO-0044,LOGP
RO-0041,GB-0881
RO-0041,EVEA
RO-0041,LUKK
RO-0041,LDRO
RO-0041,NL-0056
RO-0041,X-VIE
RO-0041,NL-0023
RO-0041,GB-0603
RO-0041,LDRG
RO-0041,LZRU
RO-0041,HR-0016
RO-0041,LUTR
RO-0041,LV-0053
RO-0041,LV-0044
RO-0041,EBGB
RO-0041,GB-0143
RO-0041,GB-0102
RO-0041,EBZU
RO-0041,LOWZ
IS-0001,NL-0062
IS-0001,BG-0067
IS-0001,LOWL
IS-0001,SK-0007
IS-0001,LDPM
IS-0001,RO-0011
IS-0001,NL-0071
IS-0001,SK-0011
IS-0001,LV-0053
IS-0001,LV-0017
IS-0001,GB-0639
IS-0001,GB-0596
IS-0001,EGCE
IS-0001,LV-0052
IS-0001,LDZJ
IS-0001,LAKO
IS-0001,HR-0016
IS-0001,BIFF
IS-0001,RO-0007
IS-0001,EBBZ
IS-0001,LUCH
IS-0001,LUKK
IS-0001,SK-0064
IS-0001,NL-0033
IS-0001,RO-0001
IS-0001,LDZS
IS-0004,EBBE
IS-0004,LRBS
IS-0004,GB-0143
IS-0004,EHDL
IS-0004,RO-0007
IS-0004,NL-0033
IS-0004,LROD
IS-0004,NL-0070
IS-0004,LOLW
IS-0004,NL-0075
IS-0004,HR-0018
IS-0004,LZRU
IS-0004,LBBG
IS-0004,EVTA
IS-0004,NL-0049
IS-0004,BITE
IS-0004,LOWI
IS-0004,BIHU
IS-0004,NL-0023
IS-0004,LAKV
IS-0004,BIKE
IS-0004,EHGG
IS-0004,LRTM
IS-0004,HR-0001
IS-0004,RO-0012
BITN,IS-0003
BITN,NL-0023
BITN,LBWB
BITN,MD-0001
BITN,MD-0007
BITN,RO-0067
BITN,LRBS
BITN,EBZW
BITN,BG-0030
BITN,BG-0067
BITN,LROD
BITN,RO-0011
BITN,LOWI
BITN,AL-LA10
BITN,HR-0018
BITN,HR-0015
BITN,LDRI
BITN,LV-0044
BITN,LV-0053
BITN,HR-0009
BITN,LDZU
IS-0003,EBBZ
IS-0003,BITN
IS-0003,SK-0010
IS-0003,MD-0001
IS-0003,HR-0020
IS-0003,EBAV
IS-0003,EBTR
IS-0003,LV-0028
IS-0003,UGMS
IS-0003,BG-0021
IS-0003,LBWB
IS-0003,GB-0881
IS-0003,LOLW
IS-0003,LDVC
IS-0003,BIKE
IS-0003,EBBE
IS-0003,EBGB
LV-0017,LBSS
LV-0017,BIBA
LV-0017,LDZJ
LV-0017,LOWW
LV-0017,LBWB
LV-0017,LOWL
LV-0017,IS-0001
LV-0017,SK-0065
LV-0017,SK-0018
LV-0017,GB-0986
LV-0017,EBBE
LV-0017,LV-0010
LV-0017,LR82
LV-0017,LV-0053
LV-0017,SK-0009
LV-0017,NL-0070
LV-0017,EBUL
LV-0017,MD-0005
LV-0017,GB-0639
LV-0017,SK-0075
LV-0017,EHDL
LV-0017,LXGB
LR82,EHMZ
LR82,HR-0018
LR82,EVKA
LR82,LDRO
LR82,LDZJ
LR82,BIVI
LR82,RO-0007
LR82,NL-0143
LR82,GB-0164
LR82,BG-0080
LR82,BG-0103
LR82,LV-0017
LR82,HR-0010
LR82,EHEH
LR82,SK-0048
LR82,EGSN
LR82,LBKJ
LR82,LRBS
GB-0162,HR-0020
GB-0162,BG-0007
GB-0162,LOGP
GB-0162,NL-0070
GB-0162,LUCL
GB-0162,RO-0056
GB-0162,MD-0005
GB-0162,LOWZ
GB-0162,BISN
GB-0162,BIVI
GB-0162,BITE
GB-0162,SK-0018
GB-0162,LRPH
GB-0162,GB-0897
GB-0162,EHLW
GB-0162,EBMA
GB-0162,LZKC
GB-0162,LBPR
GB-0162,LAGJ
GB-0162,NL-0056
GB-0162,LOWI
GB-0162,BIRK
GB-0162,LV-0054
GB-0162,EBTR
GB-0162,LAVL
GB-0162,BIHS
GB-0162,MD-0004
GB-0162,RO-0007
GB-0162,LUBM
BIVI,LAKO
BIVI,BG-0082
BIVI,RO-0065
BIVI,NL-0045
BIVI,BG-0110
BIVI,BIHU
BIVI,LV-0051
BIVI,MD-0004
BIVI,GB-0162
BIVI,LOWI
BIVI,LR82
BIVI,SK-0082
BIVI,LOLU
BIVI,LV-0054
BIVI,EBSP
BIVI,SK-0048
BIVI,SK-0075
BIVI,SK-0085
BIVI,GB-0102
BIVI,LASR
BIVI,AL-LA10
BIVI,LOWW
BIVI,GB-0011
BIVI,BE-0029
BIVI,RO-0044
BIVI,HR-0009
BIVI,LOAV
BIVI,EHMZ
BIVI,EBOT
BIVI,GB-1021
BIVI,BIBA
LV-0010,EHLW
LV-0010,LUBM
LV-0010,MD-0006
LV-0010,LDZJ
LV-0010,LZDV
LV-0010,LOKW
LV-0010,LBPR
LV-0010,SK-0018
LV-0010,AL-0010
LV-0010,LZNI
LV-0010,EBBZ
LV-0010,NL-0033
LV-0010,EVGA
LV-0010,EBLZ
LV-0010,LOIA
LV-0010,BIHS
LV-0010,LV-0017
LV-0010,LOKM
LV-0010,LBSS
LV-0010,LUKK
LV-0010,RO-0003
LV-0010,UGMS
LV-0010,SK-0009
LV-0010,LAVL
LV-0010,LOWZ
LV-0010,NL-0143
LV-0010,LDRI
LV-0010,LDZU
LV-0010,LOLK
LV-0010,BISN
LV-0015,LOKW
LV-0015,MD-0006
LV-0015,BE-0029
LV-0015,GB-0143
LV-0015,EVLA
LV-0015,LDPN
LV-0015,LDZS
LV-0015,EBBE
LV-0015,EVGA
LV-0015,LAKU
LV-0015,MD-0002
LV-0015,GB-1021
LV-0015,NL-0023
LV-0015,GB-0937
LV-0015,SK-0007
LV-0015,LV-0040
EVEA,RO-0041
EVEA,LDZK
EVEA,LOWW
EVEA,LUCH
EVEA,SK-0009
EVEA,LV-0051
EVEA,EBBN
EVEA,LDVC
EVEA,LOLK
EVEA,SK-0046
EVEA,LBSD
EVEA,MD-0004
EVEA,GB-0302
EVEA,LDZJ
EVEA,LOGW
EVEA,LOWS
EVEA,RO-0014
EVEA,LBKJ
EVEA,NL-0062
EVEA,EBMA
EVEA,LDRI
EVEA,NL-0045
LV-0013,BIBL
LV-0013,BIFZ
LV-0013,LZRU
LV-0013,EBZW
LV-0013,EBFS
LV-0013,EVLA
LV-0013,LDRI
LV-0013,BG-0080
LV-0013,AL-0003
LV-0013,LOWI
LV-0013,LDRO
LV-0013,AL-LA10
LV-0013,LBBZ
LV-0013,EBCS
LV-0013,EHGG
LV-0013,HR-0018
LV-0013,DE-0354
LV-0013,GB-0826
LV-0013,LROD
LV-0013,HR-0010
LV-0013,LDZJ
LV-0013,RO-0047
LV-0013,LV-0044
LV-0013,NL-0056
LV-0013,LDVC
RO-0056,BG-0007
RO-0056,LOWZ
RO-0056,NL-0049
RO-0056,LOLW
RO-0056,GB-0826
RO-0056,RO-0067
RO-0056,LBSS
RO-0056,GB-0162
RO-0056,RO-0047
RO-0056,RO-0065
RO-0056,LOWI
RO-0056,GB-0164
RO-0056,EVKA
RO-0056,SK-0010
RO-0056,EBTR
RO-0056,LOWS
RO-0056,EBSP
RO-0056,SK-0025
RO-0056,LDZS
RO-0056,UATG
RO-0056,LAKO
RO-0056,BIKE
GB-0603,LV-0053
GB-0603,EBOT
GB-0603,EHDL
GB-0603,LV-0040
GB-0603,BG-0080
GB-0603,GB-0826
GB-0603,LASR
GB-0603,NL-0070
GB-0603,LV-0044
GB-0603,SK-0025
GB-0603,RO-0041
GB-0603,LDZA
GB-0603,LZTR
GB-0603,EVLA
GB-0603,LBSS
GB-0603,MD-0006
GB-0603,NL-0036
GB-0603,EHLW
GB-0603,HR-0018
GB-0603,RO-0007
GB-0603,RO-0011
GB-0603,LBWB
GB-0603,LV-0054
GB-0603,EBTR
GB-0603,LUTR
GB-0603,BIFZ
GB-0603,NL-0033
RO-0051,BITE
RO-0051,GB-0986
RO-0051,BG-0082
RO-0051,LT-0012
RO-0051,LAVL
RO-0051,LZNI
RO-0051,EVTA
RO-0051,EHEH
RO-0051,LV-0028
RO-0051,EBGB
RO-0051,GB-0450
RO-0051,SK-0064
RO-0051,LOAN
RO-0051,UATG
RO-0051,GB-0102
RO-0051,SK-0046
RO-0051,MD-0002
RO-0051,EBLZ
RO-0051,RO-0001
RO-0051,LRCV
NL-0058,EBMA
NL-0058,BG-0030
NL-0058,NL-0070
NL-0058,EHMZ
NL-0058,BG-0067
NL-0058,EHDL
NL-0058,NL-0008
NL-0058,MD-0006
NL-0058,SK-0007
NL-0058,LV-0050
NL-0058,LBPR
NL-0058,EVKA
NL-0058,LOWW
NL-0058,EBTR
NL-0058,EBSP
NL-0058,LB45
NL-0058,RO-0001
NL-0058,EGSN
NL-0056,EBCS
NL-0056,LRCV
NL-0056,BISN
NL-0056,RO-0041
NL-0056,LV-0053
NL-0056,LV-0051
NL-0056,GB-0897
NL-0056,LZKC
NL-0056,SK-0011
NL-0056,LDZU
NL-0056,RO-0001
NL-0056,SK-0013
NL-0056,GB-0162
NL-0056,LBBG
NL-0056,NL-0023
NL-0056,SK-0064
NL-0056,LV-0044
NL-0056,LV-1288
NL-0056,GB-0596
NL-0056,BG-0119
NL-0056,RO-0003
NL-0056,LV-0013
LAGJ,LAVL
LAGJ,RO-0065
LAGJ,BG-0019
LAGJ,EBOT
LAGJ,RO-0060
LAGJ,LOWG
LAGJ,BIRK
LAGJ,LV-0051
LAGJ,LBBG
LAGJ,BIHU
LAGJ,LV-0032
LAGJ,GB-0639
LAGJ,NL-0070
LAGJ,GB-0162
LAGJ,SK-0048
LAGJ,BG-0067
LAGJ,LDRO
LAGJ,LOLK
GB-0164,LDVC
GB-0164,LRPH
GB-0164,LOWZ
GB-0164,LAVL
GB-0164,LV-0032
GB-0164,EBMA
GB-0164,UGMS
GB-0164,AL-0010
GB-0164,BE-0029
GB-0164,MD-0001
GB-0164,RO-0056
GB-0164,LOWI
GB-0164,LR82
GB-0164,DE-0354
GB-0164,EHEH
GB-0164,LZKC
GB-0164,NL-0072
GB-0164,NL-0045
GB-0164,LV-0054
GB-0164,LUBM
GB-0164,EBSP
GB-0164,RO-0007
GB-0164,LDRG
GB-0164,EBCS
LXGB,BISN
LXGB,LOLW
LXGB,LUCH
LXGB,EHNP
LXGB,LUBM
LXGB,MD-0005
LXGB,MD-0001
LXGB,LBBZ
LXGB,LBPR
LXGB,EHLW
LXGB,GB-0937
LXGB,SK-0025
LXGB,RO-0012
LXGB,LOWG
LXGB,EGSN
LXGB,LAKV
LXGB,GB-OUK
LXGB,LOAV
LXGB,HR-0010
LXGB,EBCI
LXGB,EBUL
LXGB,LV-0051
LXGB,LV-0017
BIFZ,LV-0013
BIFZ,LOAN
BIFZ,LAKO
BIFZ,SK-0009
BIFZ,LDZA
BIFZ,BIGH
BIFZ,RO-0014
BIFZ,EBTR
BIFZ,MD-0006
BIFZ,BG-0119
BIFZ,LDPM
BIFZ,GB-0450
BIFZ,BG-0019
BIFZ,EBLZ
BIFZ,EBZW
BIFZ,BIHU
BIFZ,GB-0102
BIFZ,LATI
BIFZ,LOGP
BIFZ,LDRI
BIFZ,GB-OUK
BIFZ,GB-0603
BIFZ,BIRG
BIFZ,SK-0085
BIFZ,SK-0013
BIFZ,NL-0072
SK-0011,UATG
SK-0011,GB-0639
SK-0011,RO-0047
SK-0011,LDSB
SK-0011,EVTA
SK-0011,BIBA
SK-0011,IS-0001
SK-0011,GB-0897
SK-0011,EVGA
SK-0011,HR-0016
SK-0011,EHDL
SK-0011,NL-0056
SK-0011,LV-0044
SK-0011,LZNI
SK-0011,LUCL
SK-0011,LBKJ
SK-0011,BIFF
SK-0011,RO-0011
SK-0011,LASK
SK-0011,NL-0049
SK-0011,LOAV
SK-0011,BG-0080
SK-0011,BG-0082
SK-0011,BIBL
LZKC,LASR
LZKC,SK-0064
LZKC,HR-0009
LZKC,EBMA
LZKC,LOKW
LZKC,RO-0044
LZKC,SK-0018
LZKC,NL-0056
LZKC,LZRU
LZKC,LV-0050
LZKC,MD-0001
LZKC,LOLK
LZKC,LOWZ
LZKC,GB-0162
LZKC,LOWW
LZKC,LBBZ
LZKC,GB-0164
LZKC,HR-0001
LZKC,EHMZ
LZKC,BIHU
LZKC,EBLE
LZKC,SK-0048
LZKC,EBZW
LZKC,AT-0024
LZKC,GB-0639
LZKC,EGSN
LZKC,LV-1288
SK-0010,GB-1021
SK-0010,BG-0119
SK-0010,LDRI
SK-0010,SK-0007
SK-0010,IS-0003
SK-0010,EBMA
SK-0010,HR-0009
SK-0010,BG-0019
SK-0010,LOGW
SK-0010,RO-0056
SK-0010,LATI
SK-0010,LDZJ
SK-0010,NL-0045
SK-0010,EBTR
SK-0010,BG-0110
SK-0010,BIFF
SK-0010,LDZK
SK-0010,BISN
SK-0010,EVKA
SK-0010,LDZA
SK-0010,BG-0021
SK-0010,RO-0001
SK-0010,BG-0037
SK-0010,BIHS
SK-0013,EVTA
SK-0013,GB-0937
SK-0013,LASK
SK-0013,MD-0005
SK-0013,HR-0010
SK-0013,LROD
SK-0013,LBBG
SK-0013,X-VIE
SK-0013,BITE
SK-0013,SK-0064
SK-0013,LUTR
SK-0013,RO-0060
SK-0013,LBWB
SK-0013,LV-0054
SK-0013,NL-0056
SK-0013,EBZW
SK-0013,RO-0014
SK-0013,EHEH
SK-0013,LAKV
SK-0013,DE-0354
SK-0013,LBSD
SK-0013,SK-0075
SK-0013,BIFZ
LV-0044,UGMS
LV-0044,LV-0032
LV-0044,NL-0023
LV-0044,LATI
LV-0044,EBBN
LV-0044,LV-0054
LV-0044,LOGW
LV-0044,LROD
LV-0044,MD-0003
LV-0044,GB-0603
LV-0044,BIHL
LV-0044,GB-1021
LV-0044,SK-0011
LV-0044,LBSD
LV-0044,MD-0005
LV-0044,BG-0080
LV-0044,LAKU
LV-0044,RO-0041
LV-0044,EVTA
LV-0044,NL-0045
LV-0044,BITN
LV-0044,NL-0056
LV-0044,LOWG
LV-0044,LV-0013
LV-0044,EBAV
LV-0044,EBZW
SK-0018,SK-0025
SK-0018,BISN
SK-0018,LDPL
SK-0018,LZKC
SK-0018,LV-0010
SK-0018,RO-0011
SK-0018,EBFS
SK-0018,EBGB
SK-0018,GB-0639
SK-0018,LOLK
SK-0018,LV-0017
SK-0018,BG-0030
SK-0018,GB-0162
SK-0018,EBOT
SK-0018,GB-0102
SK-0018,BIHL
SK-0018,BG-0037
SK-0018,LUKK
SK-0018,UGMS
SK-0018,LBBZ
EHLW,LUBL
EHLW,LV-0010
EHLW,SK-0025
EHLW,LUCH
EHLW,LAVL
EHLW,EHDL
EHLW,LOIJ
EHLW,NL-0036
EHLW,BG-0103
EHLW,LDZA
EHLW,GB-0102
EHLW,LXGB
EHLW,RO-0012
EHLW,GB-0826
EHLW,LBBZ
EHLW,GB-0603
EHLW,GB-0897
EHLW,EGDA
EHLW,GB-0162
EHLW,NL-0071
EHLW,RO-0065
EHLW,MD-0001
EHLW,BE-0007
EHLW,MD-0006
EHLW,BE-0029
EHLW,LDPN
RO-0067,LOWI
RO-0067,EBZU
RO-0067,EBUL
RO-0067,GB-1021
RO-0067,GB-0897
RO-0067,RO-0056
RO-0067,MD-0004
RO-0067,GB-0986
RO-0067,BITN
RO-0067,BIRG
RO-0067,SK-0046
RO-0067,HR-0018
RO-0067,BG-0030
RO-0067,LV-0054
RO-0067,LV-0051
RO-0067,LAKV
RO-0067,MD-0002
RO-0067,LOAN
RO-0067,NL-0070
RO-0067,LRPH
RO-0067,BIGH
RO-0067,SK-0009
RO-0067,RO-0012
RO-0067,BITE
RO-0067,SK-0007
RO-0067,RO-0001
RO-0067,GB-0826
RO-0067,LUCH
RO-0065,LAGJ
RO-0065,LRTM
RO-0065,BIVI
RO-0065,LOIJ
RO-0065,EHMZ
RO-0065,RO-0047
RO-0065,LZRU
RO-0065,RO-0044
RO-0065,EBLZ
RO-0065,RO-0056
RO-0065,LAKO
RO-0065,SK-0075
RO-0065,NL-0036
RO-0065,LAVL
RO-0065,EHDL
RO-0065,LRCV
RO-0065,BIHS
RO-0065,EBBN
RO-0065,EHLW
RO-0065,HR-0016
RO-0065,SK-0048
NL-0049,LDRO
NL-0049,LOWL
NL-0049,RO-0056
NL-0049,DE-0354
NL-0049,LUBM
NL-0049,BIHL
NL-0049,SK-0064
NL-0049,LOIA
NL-0049,EBBN
NL-0049,LOGW
NL-0049,UGMS
NL-0049,HR-0009
NL-0049,GB-0986
NL-0049,RO-0047
NL-0049,LUBL
NL-0049,IS-0004
NL-0049,GB-0639
NL-0049,LOWZ
NL-0049,SK-0011
NL-0049,BG-0080
NL-0049,LOLU
NL-0049,EGDA
LV-0051,LDZS
LV-0051,LOKM
LV-0051,BG-0037
LV-0051,BIGH
LV-0051,NL-0056
LV-0051,BIVI
LV-0051,EVEA
LV-0051,MD-0007
LV-0051,NL-0072
LV-0051,GB-0596
LV-0051,DE-0354
LV-0051,LV-0052
LV-0051,LAGJ
LV-0051,RO-0067
LV-0051,RO-0047
LV-0051,LV-0040
LV-0051,GB-0937
LV-0051,LT-0012
LV-0051,LOKW
LV-0051,LXGB
LV-0051,LDRO
LV-0051,RO-0060
RO-0060,LBPR
RO-0060,BIHL
RO-0060,LRTM
RO-0060,LDRO
RO-0060,LOGW
RO-0060,KZ-0062
RO-0060,LAGJ
RO-0060,SK-0013
RO-0060,BG-0080
RO-0060,EBSP
RO-0060,LOAN
RO-0060,GB-0937
RO-0060,EHDL
RO-0060,GB-OUK
RO-0060,LUCL
RO-0060,EBCS
RO-0060,LDRG
RO-0060,MD-0002
RO-0060,LV-0051
RO-0060,LDZS
RO-0060,NL-0062
LDPN,EBFS
LDPN,NL-0033
LDPN,LBWB
LDPN,SK-0085
LDPN,LOWI
LDPN,EBOT
LDPN,SK-0075
LDPN,AL-0010
LDPN,SK-0007
LDPN,GB-0897
LDPN,AL-LA10
LDPN,LDRI
LDPN,EBBE
LDPN,LV-0015
LDPN,BISN
LDPN,LZNI
LDPN,HR-0010
LDPN,BIRK
LDPN,LV-0052
LDPN,BIFF
LDPN,MD-0006
LDPN,LV-0054
LDPN,SK-0082
LDPN,EHNP
LDPN,MD-0004
LDPN,EHLW
LDPN,BG-0103
LV-0050,SK-0007
LV-0050,SK-0073
LV-0050,BG-0119
LV-0050,LV-0052
LV-0050,DE-0354
LV-0050,LUCL
LV-0050,EBBN
LV-0050,LDPL
LV-0050,NL-0045
LV-0050,LDPM
LV-0050,GB-0986
LV-0050,GB-0143
LV-0050,MD-0005
LV-0050,LZKC
LV-0050,GB-1021
LV-0050,NL-0058
LV-0050,NL-0033
LV-0050,BG-0103
LV-0050,BIRK
LV-0050,RO-0014
LV-0050,AL-0003
LV-0050,LBKJ
LV-0050,EBMA
LV-0050,EBCI
LV-0050,LAKV
LV-0050,NL-0036
LV-0050,NL-0062
LV-0050,EBZR
LV-0050,LB45
LV-0050,BG-0067
LV-0050,LBSS
LV-0050,LBBZ
LDPM,BG-0067
LDPM,EGCE
LDPM,SK-0025
LDPM,MD-0002
LDPM,IS-0001
LDPM,LV-0050
LDPM,EBAV
LDPM,EBUL
LDPM,EBLZ
LDPM,LZDV
LDPM,BIFZ
LDPM,EBOT
LDPM,BIKE
LDPM,LDZU
LDPM,GB-0011
LDPM,DE-0354
LDPM,HR-0001
LDPM,GB-0102
LDPM,NL-0036
LDPM,LUBL
LDPM,LBBZ
LDPM,LV-0052
LDPM,BIGH
LDPL,LOIJ
LDPL,BG-0080
LDPL,LDVC
LDPL,X-VIE
LDPL,SK-0018
LDPL,LV-0050
LDPL,LBSS
LDPL,UGMS
LDPL,LRCV
LDPL,LV-1288
LDPL,BG-0019
LDPL,EHGG
LDPL,LUCL
LDPL,EVGA
NL-0045,BG-0030
NL-0045,LV-0054
NL-0045,LBPR
NL-0045,BIVI
NL-0045,LV-0050
NL-0045,BG-0042
NL-0045,X-VIE
NL-0045,LOGP
NL-0045,LV-0052
NL-0045,LDZK
NL-0045,LRTM
NL-0045,SK-0010
NL-0045,GB-0450
NL-0045,RO-0044
NL-0045,LV-0044
NL-0045,EVGA
NL-0045,GB-0164
NL-0045,LBBG
NL-0045,LOKM
NL-0045,AL-LA10
NL-0045,LOLW
NL-0045,EVEA
NL-0045,EBZR
BG-0103,NL-0072
BG-0103,LOGW
BG-0103,LOAN
BG-0103,LAKO
BG-0103,HR-0018
BG-0103,EHLW
BG-0103,SK-0064
BG-0103,LUKK
BG-0103,LASK
BG-0103,EBUL
BG-0103,GB-OUK
BG-0103,LV-0050
BG-0103,LR82
BG-0103,BIBA
BG-0103,RO-0044
BG-0103,EBBN
BG-0103,EBZU
BG-0103,LDZA
BG-0103,LOKW
BG-0103,LAVL
BG-0103,BG-0037
BG-0103,LDPN
BIFF,BIRG
BIFF,LDVC
BIFF,EBFS
BIFF,EBMA
BIFF,NL-0075
BIFF,UATG
BIFF,EBUL
BIFF,BE-0007
BIFF,LDZU
BIFF,RO-0044
BIFF,LUKK
BIFF,IS-0001
BIFF,LBPR
BIFF,LDPN
BIFF,SK-0011
BIFF,SK-0010
BIFF,GB-0937
BIFF,LV-0028
BIFF,BG-0007
BIFF,BG-0082
GB-1021,AL-LA10
GB-1021,SK-0010
GB-1021,LROD
GB-1021,RO-0067
GB-1021,SK-0046
GB-1021,EGDA
GB-1021,NL-0071
GB-1021,MD-0003
GB-1021,LAVL
GB-1021,MD-0007
GB-1021,LDZJ
GB-1021,LV-0050
GB-1021,LV-0044
GB-1021,MD-0006
GB-1021,EBZW
GB-1021,LAKV
GB-1021,LBSS
GB-1021,LV-0015
GB-1021,EVLA
GB-1021,HR-0020
GB-1021,SK-0009
GB-1021,LDSB
GB-1021,EBBZ
GB-1021,EBGB
GB-1021,LV-0053
GB-1021,GB-0826
GB-1021,BIVI
GB-1021,LDVC
EBOT,GB-0603
EBOT,EBZW
EBOT,LZTR
EBOT,MD-0002
EBOT,LDPN
EBOT,LAGJ
EBOT,LASR
EBOT,LOWI
EBOT,LBKJ
EBOT,LDPM
EBOT,SK-0018
EBOT,EBCI
EBOT,GB-0450
EBOT,LRCV
EBOT,X-VIE
EBOT,BINF
EBOT,RO-0011
EBOT,BIVI
EBOT,LV-0052
EBOT,EGCE
EBOT,LOGW
BG-0119,SK-0010
BG-0119,BG-0021
BG-0119,LV-0050
BG-0119,LOKM
BG-0119,GB-0596
BG-0119,EBBN
BG-0119,LDZS
BG-0119,SK-0009
BG-0119,LRCV
BG-0119,BIFZ
BG-0119,BG-0067
BG-0119,LOAV
BG-0119,SK-0064
BG-0119,EHMZ
BG-0119,LOGP
BG-0119,NL-0056
BG-0119,BIRG
NL-0033,LDPN
NL-0033,HR-0001
NL-0033,LOIJ
NL-0033,HR-0015
NL-0033,IS-0004
NL-0033,BG-0067
NL-0033,EHEH
NL-0033,EBSP
NL-0033,LDZK
NL-0033,LV-0010
NL-0033,LV-0050
NL-0033,RO-0011
NL-0033,BIGH
NL-0033,SK-0009
NL-0033,GB-0826
NL-0033,IS-0001
NL-0033,LRCV
NL-0033,BIHL
NL-0033,LUBL
NL-0033,EGSN
NL-0033,GB-0603
NL-0033,LZRU
LV-0032,LV-0044
LV-0032,MD-0007
LV-0032,EBZR
LV-0032,EBFS
LV-0032,GB-0164
LV-0032,MD-0004
LV-0032,LRPH
LV-0032,HR-0018
LV-0032,LDZA
LV-0032,BG-0110
LV-0032,GB-0826
LV-0032,LBSS
LV-0032,AL-LA10
LV-0032,EBZW
LV-0032,LBKJ
LV-0032,BG-0082
LV-0032,LAGJ
LV-0032,EVLA
LV-0032,NL-0036
LV-0032,EBUL
LV-0032,LDRO
LV-0032,EBLZ
LV-0032,LZDV
LV-0032,BIHL
EVGA,LRPH
EVGA,LBSD
EVGA,LUTR
EVGA,SK-0011
EVGA,BIRG
EVGA,NL-0008
EVGA,NL-0070
EVGA,LV-0010
EVGA,GB-0881
EVGA,LV-0015
EVGA,LRBS
EVGA,EGCE
EVGA,SK-0009
EVGA,LATI
EVGA,LDRG
EVGA,NL-0045
EVGA,GB-0639
EVGA,BG-0067
EVGA,LDRI
EVGA,LDPL
SK-0007,LDSB
SK-0007,LV-0050
SK-0007,LOKW
SK-0007,IS-0001
SK-0007,SK-0010
SK-0007,MD-0001
SK-0007,EBZW
SK-0007,LOLW
SK-0007,LDPN
SK-0007,GB-OUK
SK-0007,MD-0004
SK-0007,NL-0058
SK-0007,LOWI
SK-0007,LDZU
SK-0007,LOGW
SK-0007,EBBE
SK-0007,LOWL
SK-0007,BE-0007
SK-0007,LUTR
SK-0007,EBMA
SK-0007,BE-0029
SK-0007,GB-0826
SK-0007,EBZU
SK-0007,MD-0002
SK-0007,BIGH
SK-0007,BG-0110
SK-0007,RO-0067
SK-0007,LV-0015
SK-0009,GB-0596
SK-0009,LBKJ
SK-0009,BIFZ
SK-0009,BG-0080
SK-0009,LRCV
SK-0009,EVEA
SK-0009,NL-0062
SK-0009,LDZA
SK-0009,HR-0018
SK-0009,LUKK
SK-0009,BG-0119
SK-0009,LBSS
SK-0009,EBZR
SK-0009,LOIJ
SK-0009,LV-0052
SK-0009,BIGH
SK-0009,AL-LA10
SK-0009,NL-0033
SK-0009,LDZU
SK-0009,NL-0023
SK-0009,LOWI
SK-0009,EVGA
SK-0009,UATG
SK-0009,RO-0067
SK-0009,LV-0017
SK-0009,LV-0010
SK-0009,GB-1021
SK-0009,EGDA
SK-0009,BG-0042
SK-0009,LT-0012
SK-0009,LBBG
GB-0986,RO-0051
GB-0986,BIGH
GB-0986,LOWG
GB-0986,LBKJ
GB-0986,NL-0143
GB-0986,EBCI
GB-0986,RO-0067
GB-0986,LV-0050
GB-0986,BG-0110
GB-0986,RO-0014
GB-0986,LOGW
GB-0986,LBWB
GB-0986,LV-0017
GB-0986,GB-0639
GB-0986,BG-0080
GB-0986,LDZS
GB-0986,EBBZ
GB-0986,LAVL
GB-0986,NL-0049
GB-0986,EBUL
GB-0986,BISN
GB-0986,LOWS
GB-0986,EBLZ
GB-0986,LB45
GB-0986,SK-0065
GB-0986,SK-0048
GB-0986,EHGG
LV-0040,LOAN
LV-0040,EGSN
LV-0040,LUBM
LV-0040,BISN
LV-0040,BG-0030
LV-0040,GB-0603
LV-0040,BIRK
LV-0040,LBSS
LV-0040,LDZS
LV-0040,SK-0065
LV-0040,LBKJ
LV-0040,LV-0051
LV-0040,AL-0003
LV-0040,LDRI
LV-0040,HR-0009
LV-0040,GB-0102
LV-0040,LOGP
LV-0040,NL-0023
LV-0040,LZTR
LV-0040,LV-1288
LV-0040,EBLZ
LV-0040,GB-0826
LV-0040,BIKE
LV-0040,UATG
LV-0040,LV-0053
LV-0040,LOLU
LV-0040,LV-0015
LV-0040,EVLA
NL-0036,EBLE
NL-0036,BIHS
NL-0036,NL-0075
NL-0036,LB45
NL-0036,EBLZ
NL-0036,LASR
NL-0036,MD-0003
NL-0036,LOWI
NL-0036,EBBN
NL-0036,EHLW
NL-0036,RO-0065
NL-0036,EVLA
NL-0036,EBAV
NL-0036,LV-0052
NL-0036,BIHU
NL-0036,SK-0065
NL-0036,EHMZ
NL-0036,GB-0603
NL-0036,LV-0032
NL-0036,BG-0067
NL-0036,EBMA
NL-0036,LV-0050
NL-0036,LDPM
NL-0036,NL-0008
NL-0036,HR-0018
LBKJ,SK-0009
LBKJ,HR-0015
LBKJ,GB-OUK
LBKJ,GB-0986
LBKJ,HR-0016
LBKJ,RO-0011
LBKJ,AL-0003
LBKJ,GB-0937
LBKJ,LOIJ
LBKJ,SK-0085
LBKJ,EBFS
LBKJ,EBOT
LBKJ,LV-0032
LBKJ,EBAV
LBKJ,SK-0011
LBKJ,LV-0040
LBKJ,HR-0020
LBKJ,LV-0050
LBKJ,EGDA
LBKJ,BIHS
LBKJ,LROD
LBKJ,EVEA
LBKJ,EGSN
LBKJ,LAKO
LBKJ,BIRG
LBKJ,LR82
LBKJ,LDZK
LBKJ,GB-0596
BIGH,GB-0986
BIGH,AL-LA10
BIGH,LRBS
BIGH,HR-0009
BIGH,RO-0011
BIGH,LDZJ
BIGH,SK-0046
BIGH,LV-0051
BIGH,LBPR
BIGH,BIFZ
BIGH,X-VIE
BIGH,EVLA
BIGH,NL-0033
BIGH,SK-0009
BIGH,LRCV
BIGH,GB-0450
BIGH,RO-0067
BIGH,LDVC
BIGH,LV-1288
BIGH,GB-OUK
BIGH,BIBL
BIGH,SK-0007
BIGH,LOGP
BIGH,LDRI
BIGH,GB-0596
BIGH,MD-0006
BIGH,EGDA
BIGH,LBBZ
BIGH,LDPM
BG-0110,MD-0004
BG-0110,EBZR
BG-0110,GB-0011
BG-0110,BIVI
BG-0110,EBBZ
BG-0110,LOWL
BG-0110,NL-0062
BG-0110,BITE
BG-0110,LBBG
BG-0110,BG-0080
BG-0110,AT-0024
BG-0110,LDZK
BG-0110,GB-0986
BG-0110,EBSP
BG-0110,LB45
BG-0110,LV-0032
BG-0110,LV-0052
BG-0110,RO-0007
BG-0110,GB-0897
BG-0110,SK-0010
BG-0110,LUTR
BG-0110,LV-0054
BG-0110,GB-0450
BG-0110,LOWZ
BG-0110,UGMS
BG-0110,SK-0007
BG-0110,SK-0025
BG-0110,GB-OUK
BG-0110,RO-0003
BG-0110,LOAV
BG-0110,GB-0596
BG-0110,EBBE
BG-0110,LOWG
LOWW,RO-0011
LOWW,GB-OUK
LOWW,EVEA
LOWW,BG-0007
LOWW,AL-LA10
LOWW,EBLZ
LOWW,GB-0450
LOWW,LV-0017
LOWW,LBBZ
LOWW,NL-0008
LOWW,EHEH
LOWW,LZKC
LOWW,LOGW
LOWW,BIVI
LOWW,NL-0058
LOWW,LDZS
LOWW,LOLW
LOWW,GB-0937
EBBE,GB-0897
EBBE,IS-0004
EBBE,BE-0029
EBBE,LOIJ
EBBE,LOLW
EBBE,BITE
EBBE,GB-0596
EBBE,LDPN
EBBE,LV-0015
EBBE,LV-0017
EBBE,SK-0007
EBBE,LV-0028
EBBE,SK-0075
EBBE,LOWL
EBBE,EBLZ
EBBE,LAKV
EBBE,LBBG
EBBE,EHEH
EBBE,RO-0044
EBBE,LAKU
EBBE,BINF
EBBE,IS-0003
EBBE,BG-0110
EBBE,LDZK
LAKV,BG-0082
LAKV,HR-0020
LAKV,EHEH
LAKV,NL-0008
LAKV,BIRG
LAKV,LBSS
LAKV,GB-0450
LAKV,RO-0067
LAKV,GB-0302
LAKV,MD-0002
LAKV,SK-0013
LAKV,GB-1021
LAKV,LV-0050
LAKV,EBBE
LAKV,KZ-0062
LAKV,EBTR
LAKV,LXGB
LAKV,IS-0004
LAKV,LOGP
LAKV,EBLZ
LAKV,LDVC
LOWZ,RO-0056
LOWZ,BIBL
LOWZ,BIHL
LOWZ,GB-OUK
LOWZ,GB-0164
LOWZ,BG-0080
LOWZ,LUCL
LOWZ,GB-0162
LOWZ,LOKM
LOWZ,LOWI
LOWZ,LUBM
LOWZ,LOIJ
LOWZ,HR-0016
LOWZ,EBAV
LOWZ,BG-0037
LOWZ,LZKC
LOWZ,BG-0021
LOWZ,EBTR
LOWZ,NL-0143
LOWZ,GB-0102
LOWZ,BG-0110
LOWZ,NL-0049
LOWZ,LV-0010
LOWZ,LDVC
LOWZ,RO-0041
EHNP,GB-0450
EHNP,NL-0070
EHNP,HR-0009
EHNP,LZTR
EHNP,LB45
EHNP,LXGB
EHNP,EVKA
EHNP,RO-0001
EHNP,LOAN
EHNP,MD-0002
EHNP,BG-0007
EHNP,LUBL
EHNP,LUCH
EHNP,LBSD
EHNP,LOGW
EHNP,EBBN
EHNP,NL-0062
EHNP,LDPN
EHNP,AL-LA10
EHNP,BG-0042
EHNP,LROD
EHNP,UGMS
EBBN,HR-0018
EBBN,LZDV
EBBN,RO-0047
EBBN,LUCL
EBBN,GB-0897
EBBN,LV-0050
EBBN,LV-0044
EBBN,BIHS
EBBN,EVEA
EBBN,NL-0036
EBBN,BG-0119
EBBN,NL-0075
EBBN,LZRU
EBBN,HR-0010
EBBN,HR-0016
EBBN,RO-0012
EBBN,RO-0003
EBBN,LRBS
EBBN,EHGG
EBBN,EBSP
EBBN,BIRK
EBBN,NL-0049
EBBN,BG-0103
EBBN,EHNP
EBBN,RO-0065
EBBN,SK-0064
EBBN,BITE
BIHU,RO-0007
BIHU,LDRG
BIHU,BIVI
BIHU,EBFS
BIHU,LV-0053
BIHU,LOAN
BIHU,NL-0036
BIHU,LBBZ
BIHU,BIFZ
BIHU,LUBM
BIHU,LAGJ
BIHU,LOWI
BIHU,EGDA
BIHU,LV-1288
BIHU,RO-0001
BIHU,GB-0450
BIHU,LBSD
BIHU,HR-0001
BIHU,LZKC
BIHU,IS-0004
BIHU,BIKF
LDRI,GB-0102
LDRI,EHGG
LDRI,EGDA
LDRI,SK-0010
LDRI,EBSP
LDRI,LRPH
LDRI,LDPN
LDRI,LV-0013
LDRI,RO-0007
LDRI,MD-0006
LDRI,SK-0065
LDRI,LUTR
LDRI,SK-0085
LDRI,LV-0040
LDRI,BITN
LDRI,SK-0073
LDRI,BIFZ
LDRI,HR-0016
LDRI,AL-0010
LDRI,BIBA
LDRI,LUKK
LDRI,BIGH
LDRI,EVEA
LDRI,EVGA
LDRI,LV-0010
LDRI,UGMS
LDRI,BG-0021
BIHS,NL-0036
BIHS,GB-0011
BIHS,AT-0024
BIHS,EBBN
BIHS,RO-0014
BIHS,LBPR
BIHS,LDVC
BIHS,BIRK
BIHS,LV-0010
BIHS,LBSD
BIHS,LRPH
BIHS,EBZR
BIHS,RO-0065
BIHS,DE-0354
BIHS,EBSP
BIHS,RO-0003
BIHS,LBKJ
BIHS,GB-0162
BIHS,LRCV
BIHS,LV-0028
BIHS,BG-0019
BIHS,LOGP
BIHS,LATI
BIHS,AL-0010
BIHS,LOWL
BIHS,SK-0010
BIHS,SK-0065
LUCH,LOLK
LUCH,MD-0004
LUCH,EHLW
LUCH,NL-0023
LUCH,LXGB
LUCH,EVEA
LUCH,LUCL
LUCH,GB-0143
LUCH,LUBL
LUCH,GB-0011
LUCH,EBLE
LUCH,NL-0143
LUCH,EVLA
LUCH,LOKW
LUCH,HR-0018
LUCH,IS-0001
LUCH,MD-0005
LUCH,EHNP
LUCH,LOIA
LUCH,LV-0053
LUCH,EVKA
LUCH,LOWI
LUCH,EBGB
LUCH,RO-0067
LDRG,BIHU
LDRG,LOWG
LDRG,MD-0004
LDRG,LOGW
LDRG,LV-0053
LDRG,RO-0041
LDRG,LOIJ
LDRG,SK-0075
LDRG,EVGA
LDRG,MD-0002
LDRG,LRTM
LDRG,LDSB
LDRG,RO-0060
LDRG,GB-0164
LDRG,BIRG
LDRG,EBUL
LDRG,LDZU
LOGP,LUCL
LOGP,EHDL
LOGP,LOIA
LOGP,MD-0005
LOGP,GB-0162
LOGP,NL-0045
LOGP,LOWG
LOGP,RO-0001
LOGP,BIFZ
LOGP,LV-0054
LOGP,LV-0040
LOGP,KZ-0062
LOGP,BIHS
LOGP,LAVL
LOGP,BIGH
LOGP,HR-0015
LOGP,BG-0119
LOGP,LAKV
LOGP,LOIJ
LOGP,RO-0044
LOGP,LDSB
LOGP,EVKA
LOGW,BG-0103
LOGW,GB-0596
LOGW,BIHL
LOGW,LBSD
LOGW,LV-0044
LOGW,RO-0060
LOGW,LDRG
LOGW,HR-0010
LOGW,SK-0010
LOGW,GB-0986
LOGW,SK-0007
LOGW,EVKA
LOGW,NL-0049
LOGW,LOWL
LOGW,RO-0011
LOGW,BIBA
LOGW,LOWW
LOGW,UGMS
LOGW,GB-0011
LOGW,EHNP
LOGW,EVEA
LOGW,SK-0048
LOGW,LUCL
LOGW,LBBZ
LOGW,EBOT
LUCL,SK-0085
LUCL,LOGP
LUCL,EBBN
LUCL,LV-0050
LUCL,NL-0072
LUCL,LOWZ
LUCL,LUCH
LUCL,GB-0162
LUCL,SK-0073
LUCL,EBCS
LUCL,SK-0011
LUCL,LUTR
LUCL,EBUL
LUCL,LDPL
LUCL,LUBM
LUCL,RO-0060
LUCL,LOGW
LUCL,SK-0048
BIHL,RO-0060
BIHL,EGDA
BIHL,LOWZ
BIHL,GB-0596
BIHL,LOGW
BIHL,KZ-0062
BIHL,NL-0049
BIHL,GB-0302
BIHL,EVTA
BIHL,SK-0065
BIHL,LRBS
BIHL,LV-0044
BIHL,LV-1288
BIHL,LDZK
BIHL,BIBA
BIHL,NL-0072
BIHL,HR-0016
BIHL,SK-0018
BIHL,LBWB
BIHL,BG-0021
BIHL,GB-0639
BIHL,NL-0033
BIHL,LT-0012
BIHL,LDZU
BIHL,LV-0032
EBBZ,LAKU
EBBZ,IS-0003
EBBZ,BG-0110
EBBZ,BIBA
EBBZ,AL-LA10
EBBZ,BINF
EBBZ,LV-0010
EBBZ,RO-0003
EBBZ,EBLE
EBBZ,GB-0986
EBBZ,GB-OUK
EBBZ,NL-0070
EBBZ,IS-0001
EBBZ,GB-1021
EBBZ,EBCI
EBBZ,EHDL
GB-0639,SK-0011
GB-0639,BIKF
GB-0639,EHDL
GB-0639,SK-0075
GB-0639,IS-0001
GB-0639,SK-0082
GB-0639,SK-0018
GB-0639,LUBL
GB-0639,GB-0986
GB-0639,BIRG
GB-0639,LAGJ
GB-0639,EBFS
GB-0639,LDRO
GB-0639,LAVL
GB-0639,NL-0049
GB-0639,LUKK
GB-0639,BIHL
GB-0639,EVGA
GB-0639,LZDV
GB-0639,LV-0017
GB-0639,LRCV
GB-0639,LZKC
GB-0639,SK-0085
GB-0639,GB-0881
GB-0639,LV-0053
LDRO,EBGB
LDRO,NL-0049
LDRO,GB-OUK
LDRO,LZNI
LDRO,RO-0060
LDRO,RO-0041
LDRO,BISN
LDRO,MD-0004
LDRO,LR82
LDRO,AL-0010
LDRO,LOWG
LDRO,GB-0143
LDRO,GB-0897
LDRO,KZ-0062
LDRO,GB-0639
LDRO,MD-0006
LDRO,LV-0013
LDRO,RO-0014
LDRO,NL-0070
LDRO,LAGJ
LDRO,GB-0826
LDRO,GB-0011
LDRO,LV-0032
LDRO,UATG
LDRO,LV-0051
EBSP,LUKK
EBSP,LAKO
EBSP,LDRI
EBSP,LZRU
EBSP,LROD
EBSP,EHMZ
EBSP,NL-0008
EBSP,EBMA
EBSP,RO-0001
EBSP,UGMS
EBSP,BG-0110
EBSP,LDZK
EBSP,NL-0033
EBSP,UATG
EBSP,EBGB
EBSP,BIVI
EBSP,EBBN
EBSP,LOWI
EBSP,EBZU
EBSP,BIHS
EBSP,RO-0056
EBSP,LZTR
EBSP,LV-1288
EBSP,RO-0060
EBSP,GB-0164
EBSP,NL-0058
BG-0007,GB-0162
BG-0007,RO-0056
BG-0007,SK-0065
BG-0007,MD-0006
BG-0007,LOWW
BG-0007,BE-0029
BG-0007,EHNP
BG-0007,LRPH
BG-0007,EGDA
BG-0007,BIKE
BG-0007,UATG
BG-0007,LASR
BG-0007,GB-0143
BG-0007,LOIA
BG-0007,BIFF
BG-0007,RO-0014
BG-0007,SK-0085
BG-0007,LOWS
UGMS,LV-1288
UGMS,LV-0044
UGMS,LOAV
UGMS,BE-0029
UGMS,GB-0164
UGMS,LDPL
UGMS,SK-0073
UGMS,EBSP
UGMS,LV-0054
UGMS,RO-0003
UGMS,LDZA
UGMS,IS-0003
UGMS,BIKE
UGMS,NL-0049
UGMS,LZNI
UGMS,LOGW
UGMS,LV-0010
UGMS,LV-0052
UGMS,BG-0110
UGMS,SK-0018
UGMS,EBLE
UGMS,EHNP
UGMS,LDRI
MD-0004,LUCH
MD-0004,BG-0110
MD-0004,LOLW
MD-0004,LV-0032
MD-0004,LDRG
MD-0004,LDRO
MD-0004,RO-0067
MD-0004,BIVI
MD-0004,MD-0006
MD-0004,SK-0007
MD-0004,LAKO
MD-0004,EVEA
MD-0004,SK-0064
MD-0004,LBWB
MD-0004,GB-0162
MD-0004,LBSS
MD-0004,LRTM
MD-0004,LDPN
MD-0004,X-VIE
MD-0004,DE-0354
MD-0005,LRTM
MD-0005,RO-0003
MD-0005,SK-0013
MD-0005,LOGP
MD-0005,LXGB
MD-0005,GB-0162
MD-0005,LV-0050
MD-0005,LAKO
MD-0005,LV-0044
MD-0005,EBLZ
MD-0005,EVLA
MD-0005,GB-0102
MD-0005,LUCH
MD-0005,NL-0008
MD-0005,MD-0003
MD-0005,SK-0073
MD-0005,LUBM
MD-0005,LV-0017
MD-0005,LBSS
MD-0002,GB-OUK
MD-0002,RO-0001
MD-0002,LDPM
MD-0002,EBOT
MD-0002,BITE
MD-0002,EHNP
MD-0002,GB-0826
MD-0002,SK-0064
MD-0002,RO-0067
MD-0002,LZNI
MD-0002,LAVL
MD-0002,LAKV
MD-0002,RO-0011
MD-0002,NL-0072
MD-0002,DE-0354
MD-0002,SK-0007
MD-0002,LV-0015
MD-0002,LDRG
MD-0002,RO-0051
MD-0002,LBBG
MD-0002,EBZR
MD-0002,RO-0060
MD-0003,BIKF
MD-0003,EVKA
MD-0003,LAKO
MD-0003,GB-0450
MD-0003,HR-0015
MD-0003,NL-0036
MD-0003,GB-0143
MD-0003,LV-0044
MD-0003,GB-1021
MD-0003,LASR
MD-0003,RO-0003
MD-0003,RO-0047
MD-0003,NL-0070
MD-0003,LAKU
MD-0003,LDZA
MD-0003,SK-0048
MD-0003,MD-0005
MD-0003,LUBL
MD-0003,EBCS
MD-0003,NL-0071
MD-0003,EBLE
MD-0003,BG-0021
MD-0003,EGSN
MD-0003,LOKM
BG-0019,LZRU
BG-0019,NL-0072
BG-0019,LBBZ
BG-0019,HR-0001
BG-0019,LOIA
BG-0019,LAGJ
BG-0019,RO-0047
BG-0019,SK-0010
BG-0019,LDZA
BG-0019,BIFZ
BG-0019,UATG
BG-0019,LASR
BG-0019,LDPL
BG-0019,BIHS
BG-0019,LOLK
BG-0019,GB-0143
BG-0019,EBCI
BG-0019,LV-0054
MD-0006,LV-0015
MD-0006,LBBG
MD-0006,RO-0014
MD-0006,LUTR
MD-0006,BG-0007
MD-0006,LV-0010
MD-0006,BE-0007
MD-0006,NL-0023
MD-0006,LOIA
MD-0006,LDZJ
MD-0006,MD-0004
MD-0006,SK-0046
MD-0006,NL-0058
MD-0006,LOLU
MD-0006,BIFZ
MD-0006,GB-1021
MD-0006,LAKO
MD-0006,GB-0603
MD-0006,LDRI
MD-0006,LDRO
MD-0006,LDPN
MD-0006,AL-0003
MD-0006,X-VIE
MD-0006,EHLW
MD-0006,NL-0072
MD-0006,RO-0044
MD-0006,BIGH
MD-0006,GB-0937
MD-0006,LDZK
MD-0007,LV-0032
MD-0007,RO-0011
MD-0007,BINF
MD-0007,BITN
MD-0007,BISN
MD-0007,RO-0003
MD-0007,LV-0051
MD-0007,LZTR
MD-0007,AL-LA10
MD-0007,LOAN
MD-0007,GB-1021
MD-0007,AL-0010
MD-0007,LOIJ
MD-0007,GB-0450
MD-0007,NL-0023
MD-0007,BIRG
MD-0007,EBZW
MD-0007,EBFS
MD-0007,BG-0030
MD-0007,LAVL
MD-0007,EHMZ
SK-0025,AT-0024
SK-0025,SK-0018
SK-0025,EHLW
SK-0025,HR-0020
SK-0025,BG-0030
SK-0025,LOWI
SK-0025,LDPM
SK-0025,LOAN
SK-0025,EBAV
SK-0025,GB-0603
SK-0025,LXGB
SK-0025,LRTM
SK-0025,DE-0354
SK-0025,EBCI
SK-0025,GB-0011
SK-0025,LV-0054
SK-0025,RO-0007
SK-0025,RO-0012
SK-0025,RO-0056
SK-0025,LRPH
SK-0025,BG-0110
MD-0001,EVLA
MD-0001,BIRK
MD-0001,LV-0053
MD-0001,BITN
MD-0001,AL-LA10
MD-0001,LOLK
MD-0001,SK-0007
MD-0001,EBAV
MD-0001,LOIJ
MD-0001,LXGB
MD-0001,LUBL
MD-0001,IS-0003
MD-0001,GB-0164
MD-0001,LZKC
MD-0001,EBCI
MD-0001,LDZK
MD-0001,LDSB
MD-0001,NL-0062
MD-0001,EHLW
MD-0001,BG-0021
MD-0001,EBMA
MD-0001,RO-0001
MD-0001,BINF
MD-0001,SK-0046
MD-0001,NL-0072
MD-0001,GB-0881
LOWG,LDRG
LOWG,LT-0012
LOWG,GB-0986
LOWG,LUTR
LOWG,LAGJ
LOWG,LDRO
LOWG,LOGP
LOWG,SK-0046
LOWG,LASR
LOWG,LXGB
LOWG,LOLW
LOWG,LOWS
LOWG,RO-0011
LOWG,LV-0044
LOWG,LV-0028
LOWG,LRBS
LOWG,HR-0009
LOWG,BG-0110
LUBL,BE-0029
LUBL,EHLW
LUBL,LOIJ
LUBL,NL-0023
LUBL,RO-0007
LUBL,LRBS
LUBL,BIBL
LUBL,MD-0001
LUBL,GB-0450
LUBL,LUCH
LUBL,AL-0010
LUBL,EBMA
LUBL,LAKO
LUBL,GB-0639
LUBL,LUBM
LUBL,LUKK
LUBL,HR-0020
LUBL,EHNP
LUBL,LOWS
LUBL,LOLU
LUBL,LDZK
LUBL,NL-0049
LUBL,MD-0003
LUBL,LDPM
LUBL,NL-0033
LUBL,LOAN
EHMZ,BIKE
EHMZ,LR82
EHMZ,EVLA
EHMZ,NL-0058
EHMZ,RO-0065
EHMZ,EBSP
EHMZ,BIKF
EHMZ,LDZJ
EHMZ,LUTR
EHMZ,NL-0036
EHMZ,LOIJ
EHMZ,EHGG
EHMZ,LOWI
EHMZ,BG-0119
EHMZ,BG-0037
EHMZ,LZKC
EHMZ,LAVL
EHMZ,RO-0047
EHMZ,X-VIE
EHMZ,LRPH
EHMZ,BIVI
EHMZ,EBCI
EHMZ,LBWB
EHMZ,MD-0007
EHMZ,LZRU
EBAV,BG-0080
EBAV,GB-0143
EBAV,BIBA
EBAV,MD-0001
EBAV,SK-0025
EBAV,LDPM
EBAV,HR-0010
EBAV,DE-0354
EBAV,HR-0001
EBAV,NL-0036
EBAV,BE-0029
EBAV,IS-0003
EBAV,LOWZ
EBAV,LBKJ
EBAV,LBBZ
EBAV,LROD
EBAV,GB-0011
EBAV,X-VIE
EBAV,LT-0012
EBAV,LV-0044
EBAV,LDZA
LOWI,RO-0047
LOWI,RO-0067
LOWI,BISN
LOWI,EBGB
LOWI,SK-0025
LOWI,LOIA
LOWI,LAKU
LOWI,LDPN
LOWI,LRTM
LOWI,NL-0036
LOWI,BIVI
LOWI,GB-0897
LOWI,EBOT
LOWI,LOWZ
LOWI,RO-0056
LOWI,SK-0007
LOWI,LOIJ
LOWI,GB-0164
LOWI,BIHU
LOWI,LV-0013
LOWI,BG-0082
LOWI,BITN
LOWI,AT-0024
LOWI,EVTA
LOWI,EBSP
LOWI,EHMZ
LOWI,GB-0162
LOWI,SK-0009
LOWI,LUCH
LOWI,LATI
LOWI,IS-0004
LOWI,BG-0021
LOWI,EGSN
LOWI,LOLU
LOWI,LV-1288
LUBM,LV-0010
LUBM,LROD
LUBM,LV-0040
LUBM,GB-0897
LUBM,NL-0049
LUBM,LXGB
LUBM,BG-0080
LUBM,EVKA
LUBM,LDSB
LUBM,UATG
LUBM,LDZA
LUBM,LOWZ
LUBM,SK-0064
LUBM,NL-0071
LUBM,LUBL
LUBM,BIHU
LUBM,AT-0024
LUBM,BISN
LUBM,EGDA
LUBM,BE-0029
LUBM,LATI
LUBM,LDZS
LUBM,LV-1288
LUBM,LUCL
LUBM,MD-0005
LUBM,GB-0164
LUBM,EBGB
LUBM,GB-0826
LUBM,GB-0162
GB-0881,NL-0070
GB-0881,RO-0041
GB-0881,GB-0826
GB-0881,GB-0596
GB-0881,SK-0085
GB-0881,NL-0071
GB-0881,LV-0028
GB-0881,HR-0016
GB-0881,KZ-0062
GB-0881,LDZS
GB-0881,EVGA
GB-0881,LOLU
GB-0881,BIBA
GB-0881,IS-0003
GB-0881,HR-0001
GB-0881,LZDV
GB-0881,MD-0001
GB-0881,GB-0639
LAKO,EBSP
LAKO,BIVI
LAKO,MD-0003
LAKO,LV-0054
LAKO,BIFZ
LAKO,BG-0103
LAKO,RO-0065
LAKO,LV-0028
LAKO,LZDV
LAKO,LB45
LAKO,LRTM
LAKO,RO-0014
LAKO,MD-0004
LAKO,AL-LA10
LAKO,LUBL
LAKO,MD-0006
LAKO,RO-0012
LAKO,IS-0001
LAKO,MD-0005
LAKO,LOLW
LAKO,EHDL
LAKO,NL-0023
LAKO,LUKK
LAKO,BG-0067
LAKO,RO-0007
LAKO,EBZR
LAKO,LBKJ
LAKO,BITE
LAKO,LATI
LAKO,RO-0056
LAKO,EBGB
LOWL,NL-0049
LOWL,LUKK
LOWL,LRTM
LOWL,IS-0001
LOWL,EBMA
LOWL,AT-0024
LOWL,BG-0110
LOWL,LV-0052
LOWL,SK-0064
LOWL,BG-0030
LOWL,BIRK
LOWL,LV-0017
LOWL,NL-0072
LOWL,BG-0067
LOWL,BIBA
LOWL,LATI
LOWL,SK-0007
LOWL,LOGW
LOWL,EBBE
LOWL,EBGB
LOWL,RO-0011
LOWL,AL-LA10
LOWL,LV-0028
LOWL,BIHS
LOWL,KZ-0062
LAKU,KZ-0062
LAKU,EBBZ
LAKU,LOWI
LAKU,SK-0073
LAKU,LV-0054
LAKU,BINF
LAKU,LRTM
LAKU,LV-0015
LAKU,LV-0044
LAKU,MD-0003
LAKU,DE-0354
LAKU,GB-0937
LAKU,EBBE
LOWS,BINF
LOWS,BITE
LOWS,LDZJ
LOWS,X-VIE
LOWS,LDSB
LOWS,RO-0056
LOWS,LUBL
LOWS,LOWG
LOWS,LASR
LOWS,EVEA
LOWS,LBBG
LOWS,GB-0986
LOWS,BG-0007
AT-0024,LZNI
AT-0024,SK-0025
AT-0024,BIHS
AT-0024,LOWL
AT-0024,LDZU
AT-0024,GB-0897
AT-0024,SK-0085
AT-0024,LV-0053
AT-0024,BG-0110
AT-0024,EHEH
AT-0024,NL-0143
AT-0024,EBTR
AT-0024,LUBM
AT-0024,LASK
AT-0024,LOWI
AT-0024,RO-0044
AT-0024,LUKK
AT-0024,RO-0014
AT-0024,RO-0001
AT-0024,LZKC
AT-0024,LOLK
KZ-0062,LASK
KZ-0062,LAKU
KZ-0062,EHDL
KZ-0062,BIHL
KZ-0062,RO-0047
KZ-0062,LOAV
KZ-0062,EBCI
KZ-0062,RO-0060
KZ-0062,EBGB
KZ-0062,LROD
KZ-0062,GB-0881
KZ-0062,LDRO
KZ-0062,EGCE
KZ-0062,GB-0826
KZ-0062,LOGP
KZ-0062,LAKV
KZ-0062,RO-0012
KZ-0062,BIBA
KZ-0062,LOWL
EVLA,LB45
EVLA,MD-0001
EVLA,SK-0073
EVLA,LOLW
EVLA,EHMZ
EVLA,LV-0013
EVLA,LV-0015
EVLA,EBZR
EVLA,LBBZ
EVLA,NL-0036
EVLA,GB-0603
EVLA,BIGH
EVLA,LUCH
EVLA,LASR
EVLA,MD-0005
EVLA,LV-0053
EVLA,LOKM
EVLA,LV-0032
EVLA,BG-0030
EVLA,HR-0001
EVLA,GB-1021
EVLA,BG-0037
EVLA,LRPH
EVLA,LOLU
EVLA,AL-LA10
EVLA,NL-0071
EVLA,NL-0075
EVLA,LV-0040
LOIJ,GB-0826
LOIJ,LDPL
LOIJ,LUBL
LOIJ,RO-0065
LOIJ,BIBL
LOIJ,EBBE
LOIJ,NL-0033
LOIJ,LOIA
LOIJ,LBKJ
LOIJ,MD-0001
LOIJ,EHLW
LOIJ,AL-0003
LOIJ,LOWZ
LOIJ,LOWI
LOIJ,SK-0009
LOIJ,EHMZ
LOIJ,MD-0007
LOIJ,LDRG
LOIJ,EBFS
LOIJ,BG-0080
LOIJ,LDSB
LOIJ,HR-0015
LOIJ,LOGP
LOIJ,LDZA
HR-0009,LV-0028
HR-0009,GB-0102
HR-0009,LZKC
HR-0009,EHNP
HR-0009,BIGH
HR-0009,EBCS
HR-0009,EBTR
HR-0009,EHGG
HR-0009,SK-0085
HR-0009,UATG
HR-0009,SK-0010
HR-0009,LRCV
HR-0009,LATI
HR-0009,NL-0008
HR-0009,HR-0015
HR-0009,NL-0049
HR-0009,LV-0040
HR-0009,SK-0064
HR-0009,BIVI
HR-0009,HR-0001
HR-0009,LBBZ
HR-0009,LDSB
HR-0009,RO-0012
HR-0009,AL-0003
HR-0009,GB-0937
HR-0009,LASR
HR-0009,LOWG
HR-0009,BITN
HR-0009,EHEH
BG-0021,BG-0119
BG-0021,LZNI
BG-0021,SK-0046
BG-0021,BG-0042
BG-0021,BITE
BG-0021,LRBS
BG-0021,LV-1288
BG-0021,IS-0003
BG-0021,LASR
BG-0021,LOWZ
BG-0021,BIKE
BG-0021,LBPR
BG-0021,BIHL
BG-0021,AL-0003
BG-0021,MD-0001
BG-0021,SK-0010
BG-0021,LOWI
BG-0021,MD-0003
BG-0021,BIBL
BG-0021,LDRI
GB-0897,EBZW
GB-0897,EBBE
GB-0897,EBBN
GB-0897,LBSS
GB-0897,LUBM
GB-0897,EBMA
GB-0897,RO-0067
GB-0897,AT-0024
GB-0897,NL-0056
GB-0897,GB-0102
GB-0897,SK-0011
GB-0897,LDPN
GB-0897,LOWI
GB-0897,LRBS
GB-0897,LDRO
GB-0897,LDZU
GB-0897,BG-0080
GB-0897,EBCI
GB-0897,BIBA
GB-0897,EHLW
GB-0897,LRTM
GB-0897,GB-0162
GB-0897,BG-0110
GB-0897,LRCV
GB-0897,NL-0075
GB-0897,LZTR
GB-0897,LOLU
GB-0897,BITE
GB-0897,LROD
GB-0897,LASR
EBUL,EBZR
EBUL,GB-0826
EBUL,RO-0067
EBUL,EBLE
EBUL,LV-1288
EBUL,RO-0044
EBUL,LDPM
EBUL,BIFF
EBUL,LZRU
EBUL,BG-0103
EBUL,NL-0023
EBUL,GB-0986
EBUL,LUCL
EBUL,LV-0032
EBUL,LV-0017
EBUL,LOKM
EBUL,SK-0048
EBUL,LXGB
EBUL,LDRG
EBUL,LBPR
UATG,RO-0003
UATG,SK-0011
UATG,SK-0082
UATG,BIFF
UATG,HR-0009
UATG,NL-0008
UATG,LUBM
UATG,HR-0015
UATG,LASR
UATG,EBSP
UATG,BG-0019
UATG,BG-0007
UATG,HR-0018
UATG,NL-0072
UATG,SK-0009
UATG,BE-0007
UATG,RO-0051
UATG,EBGB
UATG,LRTM
UATG,LV-0040
UATG,LZNI
UATG,RO-0056
UATG,LDRO
UATG,LASK
HR-0001,NL-0033
HR-0001,LOLU
HR-0001,BG-0019
HR-0001,BINF
HR-0001,EBCI
HR-0001,EBAV
HR-0001,EBZU
HR-0001,LV-1288
HR-0001,LDPM
HR-0001,GB-0881
HR-0001,EVLA
HR-0001,BIKF
HR-0001,BIHU
HR-0001,LZKC
HR-0001,HR-0009
HR-0001,LOLW
HR-0001,IS-0004
HR-0001,EBCS
LBPR,EHEH
LBPR,RO-0060
LBPR,BG-0030
LBPR,NL-0045
LBPR,LBSS
LBPR,LV-0010
LBPR,LDZJ
LBPR,BIGH
LBPR,BIHS
LBPR,LXGB
LBPR,RO-0011
LBPR,DE-0354
LBPR,LDZU
LBPR,RO-0047
LBPR,AL-LA10
LBPR,BIFF
LBPR,BIKE
LBPR,BIBA
LBPR,NL-0058
LBPR,GB-0162
LBPR,NL-0075
LBPR,BG-0021
LBPR,LUTR
LBPR,SK-0064
LBPR,EBUL
LRPH,GB-0164
LRPH,EVGA
LRPH,BIKE
LRPH,LV-0032
LRPH,LDRI
LRPH,GB-0143
LRPH,BG-0007
LRPH,EBCS
LRPH,GB-0162
LRPH,LATI
LRPH,RO-0067
LRPH,BIHS
LRPH,BG-0042
LRPH,LUKK
LRPH,LOAN
LRPH,NL-0062
LRPH,EVLA
LRPH,SK-0025
LRPH,EHMZ
LRPH,LOLW
LRPH,AL-0010
LRPH,LOAV
EBCI,LRCV
EBCI,SK-0082
EBCI,BE-0007
EBCI,GB-0986
EBCI,LBBG
EBCI,HR-0001
EBCI,KZ-0062
EBCI,SK-0065
EBCI,MD-0001
EBCI,LV-0053
EBCI,RO-0012
EBCI,GB-0897
EBCI,EBOT
EBCI,SK-0025
EBCI,GB-0011
EBCI,LAVL
EBCI,HR-0018
EBCI,LV-0050
EBCI,LV-0028
EBCI,LOLK
EBCI,NL-0070
EBCI,EBBZ
EBCI,EHMZ
EBCI,LXGB
EBCI,EBCS
EBCI,BG-0019
EBCI,EBTR
LDSB,NL-0143
LDSB,SK-0007
LDSB,SK-0011
LDSB,NL-0075
LDSB,LUBM
LDSB,MD-0001
LDSB,BIKE
LDSB,LOWS
LDSB,RO-0047
LDSB,BG-0080
LDSB,LOIJ
LDSB,GB-1021
LDSB,AL-0010
LDSB,LBBZ
LDSB,EBCS
LDSB,HR-0009
LDSB,LDRG
LDSB,LOGP
LDSB,EBMA
LDSB,GB-0143
LUTR,LATI
LUTR,NL-0143
LUTR,MD-0006
LUTR,RO-0003
LUTR,LOWG
LUTR,EVGA
LUTR,NL-0072
LUTR,LROD
LUTR,SK-0073
LUTR,NL-0070
LUTR,LBBG
LUTR,RO-0014
LUTR,SK-0013
LUTR,EHMZ
LUTR,LOLK
LUTR,SK-0082
LUTR,EBMA
LUTR,BG-0110
LUTR,X-VIE
LUTR,LBBZ
LUTR,SK-0007
LUTR,RO-0041
LUTR,LDRI
LUTR,LBPR
LUTR,RO-0001
LUTR,LUCL
LUTR,GB-0603
LUTR,BINF
SK-0046,GB-0302
SK-0046,RO-0007
SK-0046,RO-0001
SK-0046,SK-0075
SK-0046,BIGH
SK-0046,BG-0021
SK-0046,GB-1021
SK-0046,MD-0006
SK-0046,RO-0067
SK-0046,AL-0010
SK-0046,LOWG
SK-0046,EVEA
SK-0046,LUKK
SK-0046,AL-LA10
SK-0046,LT-0012
SK-0046,NL-0008
SK-0046,SK-0064
SK-0046,RO-0051
SK-0046,LASR
SK-0046,MD-0001
SK-0046,LV-0028
EVKA,MD-0003
EVKA,HR-0010
EVKA,AL-0010
EVKA,LZTR
EVKA,LR82
EVKA,NL-0070
EVKA,LUBM
EVKA,EHNP
EVKA,RO-0056
EVKA,SK-0065
EVKA,LOGW
EVKA,NL-0062
EVKA,NL-0058
EVKA,HR-0020
EVKA,LUCH
EVKA,SK-0010
EVKA,BIKF
EVKA,LOGP
SK-0048,EGDA
SK-0048,GB-0302
SK-0048,HR-0016
SK-0048,LOAN
SK-0048,SK-0064
SK-0048,RO-0011
SK-0048,BIVI
SK-0048,GB-OUK
SK-0048,LAGJ
SK-0048,MD-0003
SK-0048,GB-0450
SK-0048,RO-0065
SK-0048,LOIA
SK-0048,LR82
SK-0048,BG-0042
SK-0048,EBMA
SK-0048,GB-0986
SK-0048,LOGW
SK-0048,EBUL
SK-0048,LZKC
SK-0048,LUCL
NL-0075,SK-0065
NL-0075,NL-0036
NL-0075,NL-0070
NL-0075,BIRK
NL-0075,BIFF
NL-0075,EBCS
NL-0075,LDSB
NL-0075,EBBN
NL-0075,LRBS
NL-0075,IS-0004
NL-0075,NL-0143
NL-0075,LBPR
NL-0075,EHDL
NL-0075,GB-0897
NL-0075,EVLA
LZNI,BG-0021
LZNI,AT-0024
LZNI,BIBA
LZNI,LV-0053
LZNI,LDRO
LZNI,LZDV
LZNI,LASK
LZNI,RO-0012
LZNI,LV-0010
LZNI,RO-0051
LZNI,BG-0030
LZNI,LDZA
LZNI,LDPN
LZNI,SK-0011
LZNI,LZRU
LZNI,MD-0002
LZNI,NL-0072
LZNI,UGMS
LZNI,SK-0073
LZNI,LDZU
LZNI,UATG
LZNI,LDZK
GB-OUK,LOWW
GB-OUK,MD-0002
GB-OUK,LBKJ
GB-OUK,LDRO
GB-OUK,LOWZ
GB-OUK,SK-0065
GB-OUK,SK-0007
GB-OUK,BG-0037
GB-OUK,BG-0103
GB-OUK,RO-0011
GB-OUK,EGDA
GB-OUK,EBBZ
GB-OUK,SK-0048
GB-OUK,BIBL
GB-OUK,LROD
GB-OUK,BIGH
GB-OUK,LOLU
GB-OUK,LB45
GB-OUK,GB-0102
GB-OUK,BIFZ
GB-OUK,LZTR
GB-OUK,BG-0110
GB-OUK,LXGB
GB-OUK,RO-0060
GB-OUK,RO-0007
EBCS,BE-0007
EBCS,NL-0056
EBCS,HR-0010
EBCS,HR-0009
EBCS,NL-0075
EBCS,RO-0001
EBCS,LUCL
EBCS,LRPH
EBCS,BIBL
EBCS,LV-0013
EBCS,LDSB
EBCS,LOLU
EBCS,MD-0003
EBCS,EBCI
EBCS,RO-0060
EBCS,HR-0001
EBCS,RO-0014
EBCS,GB-0164
NL-0072,BG-0019
NL-0072,BG-0103
NL-0072,EBMA
NL-0072,LRTM
NL-0072,LUCL
NL-0072,LV-0051
NL-0072,LUTR
NL-0072,HR-0010
NL-0072,SK-0082
NL-0072,LOWL
NL-0072,BIKE
NL-0072,BG-0042
NL-0072,EBZU
NL-0072,LDZA
NL-0072,BIHL
NL-0072,GB-0826
NL-0072,LZNI
NL-0072,MD-0002
NL-0072,UATG
NL-0072,AL-LA10
NL-0072,EGCE
NL-0072,GB-0164
NL-0072,MD-0006
NL-0072,MD-0001
NL-0072,BIFZ
NL-0072,EHDL
NL-0071,AL-0003
NL-0071,LV-0052
NL-0071,EBZU
NL-0071,RO-0003
NL-0071,LV-0054
NL-0071,LUKK
NL-0071,IS-0001
NL-0071,GB-0881
NL-0071,GB-1021
NL-0071,GB-0302
NL-0071,EHGG
NL-0071,LUBM
NL-0071,LASK
NL-0071,GB-0102
NL-0071,LOKM
NL-0071,EHLW
NL-0071,LOAN
NL-0071,EVLA
NL-0071,MD-0003
NL-0071,LRBS
NL-0070,EHNP
NL-0070,GB-0881
NL-0070,NL-0058
NL-0070,NL-0075
NL-0070,LROD
NL-0070,BINF
NL-0070,GB-0162
NL-0070,EVKA
NL-0070,GB-0603
NL-0070,LOKW
NL-0070,IS-0004
NL-0070,LUTR
NL-0070,BISN
NL-0070,EVGA
NL-0070,RO-0067
NL-0070,EBBZ
NL-0070,LAGJ
NL-0070,MD-0003
NL-0070,EGDA
NL-0070,BIRK
NL-0070,LV-0017
NL-0070,LDRO
NL-0070,RO-0007
NL-0070,EBCI
NL-0070,LDZA
NL-0070,NL-0023
BG-0030,NL-0058
BG-0030,NL-0045
BG-0030,LBPR
BG-0030,SK-0025
BG-0030,LV-0040
BG-0030,LOWL
BG-0030,EBLZ
BG-0030,RO-0067
BG-0030,LZNI
BG-0030,SK-0018
BG-0030,BITN
BG-0030,EVTA
BG-0030,NL-0023
BG-0030,EVLA
BG-0030,LV-0053
BG-0030,MD-0007
BG-0030,LZDV
BG-0030,LASK
LOIA,LDZK
LOIA,EBFS
LOIA,LOGP
LOIA,LOWI
LOIA,LOIJ
LOIA,LDZU
LOIA,BG-0019
LOIA,MD-0006
LOIA,NL-0062
LOIA,NL-0049
LOIA,LATI
LOIA,LB45
LOIA,LV-0010
LOIA,BG-0007
LOIA,LUCH
LOIA,SK-0075
LOIA,AL-0003
LOIA,SK-0048
LOIA,EHDL
LOIA,RO-0007
BG-0037,LDZA
BG-0037,LB45
BG-0037,LV-0051
BG-0037,BIBL
BG-0037,EGDA
BG-0037,BE-0029
BG-0037,EHDL
BG-0037,GB-OUK
BG-0037,LOWZ
BG-0037,HR-0016
BG-0037,RO-0003
BG-0037,EHMZ
BG-0037,EVLA
BG-0037,SK-0018
BG-0037,BG-0103
BG-0037,SK-0010
LROD,LUBM
LROD,LAVL
LROD,GB-1021
LROD,NL-0070
LROD,SK-0013
LROD,EBSP
LROD,LV-0044
LROD,LV-0053
LROD,IS-0004
LROD,KZ-0062
LROD,LUTR
LROD,RO-0001
LROD,LBSS
LROD,BIKF
LROD,BITN
LROD,BE-0029
LROD,GB-OUK
LROD,EBAV
LROD,LBKJ
LROD,LV-0013
LROD,GB-0897
LROD,EHNP
EBTR,SK-0075
EBTR,LDZJ
EBTR,GB-0011
EBTR,NL-0023
EBTR,HR-0009
EBTR,BG-0042
EBTR,LOLK
EBTR,BIFZ
EBTR,LDZK
EBTR,RO-0056
EBTR,AT-0024
EBTR,SK-0010
EBTR,IS-0003
EBTR,SK-0064
EBTR,LOWZ
EBTR,GB-0162
EBTR,GB-0603
EBTR,EBLE
EBTR,NL-0058
EBTR,LAKV
EBTR,GB-0937
EBTR,EBCI
GB-0302,SK-0048
GB-0302,SK-0046
GB-0302,LBBG
GB-0302,BIHL
GB-0302,NL-0071
GB-0302,BE-0007
GB-0302,LT-0012
GB-0302,RO-0003
GB-0302,EGCE
GB-0302,LOAN
GB-0302,LAKV
GB-0302,BIRK
GB-0302,EVEA
GB-0302,BIKF
GB-0302,LOAV
GB-0302,EHGG
GB-0302,LDZJ
BIKF,GB-0639
BIKF,MD-0003
BIKF,EBGB
BIKF,RO-0003
BIKF,EHMZ
BIKF,HR-0010
BIKF,LROD
BIKF,SK-0085
BIKF,GB-0302
BIKF,LOKM
BIKF,AL-0010
BIKF,HR-0001
BIKF,BIRG
BIKF,EVKA
BIKF,RO-0001
BIKF,BIHU
BIKE,LT-0012
BIKE,EHMZ
BIKE,LRPH
BIKE,BE-0029
BIKE,LV-0054
BIKE,NL-0072
BIKE,LDSB
BIKE,BG-0007
BIKE,LDPM
BIKE,LBPR
BIKE,UGMS
BIKE,AL-0003
BIKE,BG-0021
BIKE,EGSN
BIKE,BG-0082
BIKE,EBLE
BIKE,RO-0014
BIKE,IS-0004
BIKE,LV-0040
BIKE,X-VIE
BIKE,IS-0003
BIKE,EBLZ
BIKE,GB-0011
BIKE,EHGG
BIKE,RO-0056
