from,to
TR-0092,TR-0099
TR-0092,LTCK
TR-0092,TR-0024
TR-0092,LTBU
LTCB,LTAH
LTCB,LTBO
LTCB,TR-0065
LTCB,LTCN
LTCA,LTCH
LTCA,LTAH
LTCA,LTCT
TR-0099,LTAW
TR-0099,TR-0092
TR-0032,LTFJ
TR-0032,TR-0120
TR-0032,LFTO
TR-0032,LTFB
TR-0032,LTCT
LTCF,TR-0024
LTCF,TR-0044
LTCF,LTCJ
LTCF,LTAH
LTCD,LTAJ
LTCD,TR-0021
LTCD,TR-0120
LTAH,LTCA
LTAH,LTCB
LTAH,TR-0120
LTAH,LTBU
LTAH,TR-0001
LTAH,LTCF
LTCJ,LTCN
LTCJ,LTBP
LTCJ,LTCF
LTCJ,TR-0001
LTCH,TR-0080
LTCH,LTCA
LTCH,LTAS
LTCH,TR-0120
LTCH,LTBO
LTCN,TR-0021
LTCN,LTCJ
LTCN,LTBP
LTCN,LTAJ
LTCN,LTCB
LTCN,TR-0001
LTCN,TR-0016
LTAJ,LTBU
LTAJ,LTCD
LTAJ,LTCN
LTAJ,TR-0001
LTAJ,TR-0024
LTCK,TR-0092
LTCK,TR-0024
LTCK,TR-0017
LTAP,LTFE
LTAP,LTBD
LTAP,TR-0015
LTCR,TR-0017
LTCR,TR-0016
LTCR,LFTO
LTCR,TR-0024
LTAN,LTBP
LTAN,LTFB
LTAN,LTAS
LFTO,LTBD
LFTO,LTAS
LFTO,TR-0080
LFTO,TR-0016
LFTO,TR-0032
LFTO,LTCR
LTCO,LTAS
LTCO,LTBU
LTCO,LTFB
LTAS,LFTO
LTAS,LTCO
LTAS,TR-0001
LTAS,LTCH
LTAS,LTAN
LTAS,LTFJ
TR-0015,LTAR
TR-0015,LTAP
LTAR,TR-0065
LTAR,TR-0015
LTAR,TR-0021
LTCT,TR-0120
LTCT,TR-0001
LTCT,TR-0032
LTCT,LTCA
TR-0017,LTFB
TR-0017,LTCR
TR-0017,LTFE
TR-0017,TR-0044
TR-0017,LTCK
TR-0016,LTCR
TR-0016,LTFJ
TR-0016,LFTO
TR-0016,LTBO
TR-0016,LTCN
LTAW,TR-0099
LTAZ,TR-0044
LTAZ,LTFE
LTFE,LTAZ
LTFE,LTAP
LTFE,TR-0017
TR-0044,LTCF
TR-0044,LTAZ
TR-0044,TR-0017
TR-0021,LTCD
TR-0021,LTCN
TR-0021,LTAR
TR-0021,LTBU
LTFB,LTAN
LTFB,TR-0017
LTFB,LTCO
LTFB,TR-0032
TR-0065,LTBO
TR-0065,LTAR
TR-0065,LTCB
TR-0120,TR-0032
TR-0120,LTCT
TR-0120,LTAH
TR-0120,LTCD
TR-0120,LTCH
LTBD,LTAP
LTBD,LFTO
TR-0080,TR-0001
TR-0080,LTCH
TR-0080,LFTO
TR-0080,TR-0024
LTFJ,TR-0016
LTFJ,TR-0032
LTFJ,LTAS
LTBP,LTCJ
LTBP,LTAN
LTBP,LTCN
LTBO,LTCB
LTBO,TR-0065
LTBO,LTCH
LTBO,TR-0016
LTBO,TR-0001
TR-0024,LTCK
TR-0024,LTCF
TR-0024,TR-0092
TR-0024,LTAJ
TR-0024,TR-0080
TR-0024,LTCR
LTBU,LTCO
LTBU,LTAJ
LTBU,LTAH
LTBU,TR-0092
LTBU,TR-0021
TR-0001,LTCT
TR-0001,TR-0080
TR-0001,LTAS
TR-0001,LTCN
TR-0001,LTCJ
TR-0001,LTAJ
TR-0001,LTAH
TR-0001,LTBO
