from,to
TR-0092,TR-0029
TR-0092,LTCH
TR-0092,TR-0065
TR-0092,LTFB
TR-0092,LTBN
LTCA,LTAR
LTCA,LTAE
LTCA,TR-0017
LTCA,LTCW
TR-0030,LTFB
TR-0030,LTCF
TR-0099,LTAL
TR-0099,LTAR
TR-0099,LTBM
TR-0032,TR-0065
TR-0032,LTBN
TR-0032,LTAL
LTCF,TR-0030
LTCF,LTBM
LTCF,LTAJ
LTCF,LTCT
LTCC,LTCM
LTCC,TR-0020
LTCC,LTCI
LTCC,LTCJ
LTCJ,LTFE
LTCJ,TR-0029
LTCJ,TR-0016
LTCJ,LTCC
LTCI,LTCH
LTCI,LTCW
LTCI,TR-0079
LTCI,LTCC
LTCH,TR-0092
LTCH,LTCI
LTCH,LTCM
LTCH,LTAZ
LTCH,LTAP
LTAE,LTCA
LTAE,LTFE
LTAE,TR-0079
LTCG,TR-0016
LTCG,TR-0017
LTCG,LTCM
LTCG,TR-0001
LTAL,LTFJ
LTAL,TR-0099
LTAL,TR-0032
LTCN,LTBM
LTCN,LTCM
LTCN,TR-0001
LTCM,LTCN
LTCM,LTCC
LTCM,LTCG
LTCM,TR-0079
LTCM,LTCH
LTCM,TR-0039
LTAJ,LTBN
LTAJ,LTBD
LTAJ,LTCF
LTAJ,TR-0017
LTAP,TR-0001
LTAP,LTFJ
LTAP,LTAN
LTAP,LTFB
LTAP,LTCH
LTAN,TR-0017
LTAN,LTAP
LTAN,LTCV
LTAN,LTBD
TR-0079,TR-0044
TR-0079,LTAZ
TR-0079,LTCM
TR-0079,LTCI
TR-0079,LTAE
TR-0079,LTCW
TR-0079,LTAR
LTCV,TR-0039
LTCV,LTCT
LTCV,TR-0080
LTCV,LTAN
LTCV,LTAR
LTAR,TR-0099
LTAR,LTCA
LTAR,LTFJ
LTAR,LTCV
LTAR,TR-0065
LTAR,TR-0079
LTCT,LTCV
LTCT,LTFB
LTCT,LTFJ
LTCT,LTCF
TR-0017,LTCG
TR-0017,LTAN
TR-0017,TR-0044
TR-0017,LTCA
TR-0017,LTAJ
TR-0039,LTBD
TR-0039,LTCV
TR-0039,LTCM
TR-0016,TR-0080
TR-0016,LTCG
TR-0016,LTCJ
LTCW,LTCI
LTCW,TR-0080
LTCW,LTFB
LTCW,TR-0079
LTCW,LTCA
LTAZ,TR-0079
LTAZ,TR-0065
LTAZ,LTBN
LTAZ,LTCH
LTAY,TR-0020
LTAY,TR-0001
TR-0020,LTCC
TR-0020,LTAY
LTFE,LTAE
LTFE,LTCJ
LTFE,TR-0065
TR-0044,TR-0079
TR-0044,TR-0017
LTFB,LTCT
LTFB,TR-0030
LTFB,LTAP
LTFB,LTCW
LTFB,TR-0092
TR-0065,LTAZ
TR-0065,TR-0032
TR-0065,TR-0092
TR-0065,LTBN
TR-0065,LTFE
TR-0065,LTAR
LTBD,LTAJ
LTBD,TR-0039
LTBD,TR-0080
LTBD,LTAN
TR-0080,LTCW
TR-0080,TR-0016
TR-0080,LTCV
TR-0080,LTBD
LTFJ,LTAP
LTFJ,LTAL
LTFJ,LTCT
LTFJ,LTAR
LTBM,LTCF
LTBM,LTCN
LTBM,TR-0001
LTBM,TR-0099
LTBN,TR-0032
LTBN,LTAJ
LTBN,LTAZ
LTBN,TR-0065
LTBN,TR-0092
TR-0001,LTAY
TR-0001,LTAP
TR-0001,LTBM
TR-0001,LTCG
TR-0001,LTCN
TR-0029,LTCJ
TR-0029,TR-0092
